INSERT INTO person(person_id, name, surname, paternal_name, registration_date, email, password_hash, is_admin) 
    VALUES (10, 'test10', 'test10', '', '01/01/2012', 'test10', '098f6bcd4621d373cade4e832627b4f6', false);
INSERT INTO dweller VALUES (10);
INSERT INTO flat(flat_id, area, flat_number, balance, cladr_id, building_id)
    VALUES (10, 187, 10, 0, 1, 1);
INSERT INTO dweller_lives_in_flat(person_id, flat_id)
    VALUES (10, 10);
INSERT INTO meter(meter_id, installation_date, type, title, meter_unit_id, active, flat_id)
    VALUES (20, '01/01/2012', 'Water', 'Cold water in kitchen test10', 1, true, 10);
INSERT INTO meter(meter_id, installation_date, type, title, meter_unit_id, active, flat_id)
    VALUES (21, '01/01/2012', 'Electricity', 'Electricity in hall test10', 2, true, 10);
INSERT INTO Meter_reading(value, date, paid, meter_id)
        VALUES (95, '2012-1-8', false, 20);
INSERT INTO Meter_reading(value, date, paid, meter_id)
        VALUES (115, '2012-1-22', false, 20);
INSERT INTO Meter_reading(value, date, paid, meter_id)
        VALUES (124, '2012-1-24', false, 20);
INSERT INTO Meter_reading(value, date, paid, meter_id)
        VALUES (148, '2012-2-5', false, 20);
INSERT INTO Meter_reading(value, date, paid, meter_id)
        VALUES (169, '2012-2-8', false, 20);
INSERT INTO Meter_reading(value, date, paid, meter_id)
        VALUES (171, '2012-2-22', false, 20);
INSERT INTO Meter_reading(value, date, paid, meter_id)
        VALUES (173, '2012-3-1', false, 20);
INSERT INTO Meter_reading(value, date, paid, meter_id)
        VALUES (177, '2012-3-12', false, 20);
INSERT INTO Meter_reading(value, date, paid, meter_id)
        VALUES (183, '2012-3-16', false, 20);
INSERT INTO Meter_reading(value, date, paid, meter_id)
        VALUES (195, '2012-3-27', false, 20);
INSERT INTO Meter_reading(value, date, paid, meter_id)
        VALUES (219, '2012-4-10', false, 20);
INSERT INTO Meter_reading(value, date, paid, meter_id)
        VALUES (238, '2012-4-19', false, 20);
INSERT INTO Meter_reading(value, date, paid, meter_id)
        VALUES (265, '2012-5-6', false, 20);
INSERT INTO Meter_reading(value, date, paid, meter_id)
        VALUES (243, '2012-1-9', false, 21);
INSERT INTO Meter_reading(value, date, paid, meter_id)
        VALUES (267, '2012-1-21', false, 21);
INSERT INTO Meter_reading(value, date, paid, meter_id)
        VALUES (273, '2012-1-27', false, 21);
INSERT INTO Meter_reading(value, date, paid, meter_id)
        VALUES (294, '2012-2-7', false, 21);
INSERT INTO Meter_reading(value, date, paid, meter_id)
        VALUES (317, '2012-2-11', false, 21);
INSERT INTO Meter_reading(value, date, paid, meter_id)
        VALUES (319, '2012-2-15', false, 21);
INSERT INTO Meter_reading(value, date, paid, meter_id)
        VALUES (339, '2012-2-27', false, 21);
INSERT INTO Meter_reading(value, date, paid, meter_id)
        VALUES (355, '2012-3-3', false, 21);
INSERT INTO Meter_reading(value, date, paid, meter_id)
        VALUES (374, '2012-3-4', false, 21);
INSERT INTO Meter_reading(value, date, paid, meter_id)
        VALUES (384, '2012-3-10', false, 21);
INSERT INTO Meter_reading(value, date, paid, meter_id)
        VALUES (386, '2012-3-13', false, 21);
INSERT INTO Meter_reading(value, date, paid, meter_id)
        VALUES (388, '2012-3-14', false, 21);
INSERT INTO Meter_reading(value, date, paid, meter_id)
        VALUES (399, '2012-3-27', false, 21);
INSERT INTO person(person_id, name, surname, paternal_name, registration_date, email, password_hash, is_admin) 
    VALUES (11, 'test11', 'test11', '', '01/01/2012', 'test11', '098f6bcd4621d373cade4e832627b4f6', false);
INSERT INTO dweller VALUES (11);
INSERT INTO flat(flat_id, area, flat_number, balance, cladr_id, building_id)
    VALUES (11, 128, 11, 0, 1, 1);
INSERT INTO dweller_lives_in_flat(person_id, flat_id)
    VALUES (11, 11);
INSERT INTO meter(meter_id, installation_date, type, title, meter_unit_id, active, flat_id)
    VALUES (22, '01/01/2012', 'Water', 'Cold water in kitchen test11', 1, true, 11);
INSERT INTO meter(meter_id, installation_date, type, title, meter_unit_id, active, flat_id)
    VALUES (23, '01/01/2012', 'Electricity', 'Electricity in hall test11', 2, true, 11);
INSERT INTO Meter_reading(value, date, paid, meter_id)
        VALUES (194, '2012-1-3', false, 22);
INSERT INTO Meter_reading(value, date, paid, meter_id)
        VALUES (246, '2012-1-17', false, 22);
INSERT INTO Meter_reading(value, date, paid, meter_id)
        VALUES (247, '2012-1-25', false, 22);
INSERT INTO Meter_reading(value, date, paid, meter_id)
        VALUES (288, '2012-2-8', false, 22);
INSERT INTO Meter_reading(value, date, paid, meter_id)
        VALUES (351, '2012-2-17', false, 22);
INSERT INTO Meter_reading(value, date, paid, meter_id)
        VALUES (402, '2012-2-21', false, 22);
INSERT INTO Meter_reading(value, date, paid, meter_id)
        VALUES (256, '2012-1-4', false, 23);
INSERT INTO Meter_reading(value, date, paid, meter_id)
        VALUES (266, '2012-1-14', false, 23);
INSERT INTO Meter_reading(value, date, paid, meter_id)
        VALUES (285, '2012-1-23', false, 23);
INSERT INTO Meter_reading(value, date, paid, meter_id)
        VALUES (293, '2012-2-8', false, 23);
INSERT INTO Meter_reading(value, date, paid, meter_id)
        VALUES (296, '2012-2-14', false, 23);
INSERT INTO Meter_reading(value, date, paid, meter_id)
        VALUES (311, '2012-2-15', false, 23);
INSERT INTO Meter_reading(value, date, paid, meter_id)
        VALUES (331, '2012-2-26', false, 23);
INSERT INTO Meter_reading(value, date, paid, meter_id)
        VALUES (343, '2012-3-7', false, 23);
INSERT INTO Meter_reading(value, date, paid, meter_id)
        VALUES (358, '2012-3-9', false, 23);
INSERT INTO Meter_reading(value, date, paid, meter_id)
        VALUES (361, '2012-3-20', false, 23);
INSERT INTO Meter_reading(value, date, paid, meter_id)
        VALUES (362, '2012-3-26', false, 23);
INSERT INTO Meter_reading(value, date, paid, meter_id)
        VALUES (381, '2012-4-6', false, 23);
INSERT INTO Meter_reading(value, date, paid, meter_id)
        VALUES (382, '2012-4-13', false, 23);
INSERT INTO Meter_reading(value, date, paid, meter_id)
        VALUES (400, '2012-4-19', false, 23);
INSERT INTO person(person_id, name, surname, paternal_name, registration_date, email, password_hash, is_admin) 
    VALUES (12, 'test12', 'test12', '', '01/01/2012', 'test12', '098f6bcd4621d373cade4e832627b4f6', false);
INSERT INTO dweller VALUES (12);
INSERT INTO flat(flat_id, area, flat_number, balance, cladr_id, building_id)
    VALUES (12, 178, 12, 0, 1, 1);
INSERT INTO dweller_lives_in_flat(person_id, flat_id)
    VALUES (12, 12);
INSERT INTO meter(meter_id, installation_date, type, title, meter_unit_id, active, flat_id)
    VALUES (24, '01/01/2012', 'Water', 'Cold water in kitchen test12', 1, true, 12);
INSERT INTO meter(meter_id, installation_date, type, title, meter_unit_id, active, flat_id)
    VALUES (25, '01/01/2012', 'Electricity', 'Electricity in hall test12', 2, true, 12);
INSERT INTO Meter_reading(value, date, paid, meter_id)
        VALUES (188, '2012-1-4', false, 24);
INSERT INTO Meter_reading(value, date, paid, meter_id)
        VALUES (267, '2012-1-8', false, 24);
INSERT INTO Meter_reading(value, date, paid, meter_id)
        VALUES (358, '2012-1-10', false, 24);
INSERT INTO Meter_reading(value, date, paid, meter_id)
        VALUES (416, '2012-1-15', false, 24);
INSERT INTO Meter_reading(value, date, paid, meter_id)
        VALUES (440, '2012-1-18', false, 24);
INSERT INTO Meter_reading(value, date, paid, meter_id)
        VALUES (90, '2012-1-16', false, 25);
INSERT INTO Meter_reading(value, date, paid, meter_id)
        VALUES (121, '2012-1-23', false, 25);
INSERT INTO Meter_reading(value, date, paid, meter_id)
        VALUES (123, '2012-2-3', false, 25);
INSERT INTO Meter_reading(value, date, paid, meter_id)
        VALUES (148, '2012-2-14', false, 25);
INSERT INTO Meter_reading(value, date, paid, meter_id)
        VALUES (181, '2012-2-23', false, 25);
INSERT INTO Meter_reading(value, date, paid, meter_id)
        VALUES (185, '2012-3-7', false, 25);
INSERT INTO Meter_reading(value, date, paid, meter_id)
        VALUES (202, '2012-3-16', false, 25);
INSERT INTO person(person_id, name, surname, paternal_name, registration_date, email, password_hash, is_admin) 
    VALUES (13, 'test13', 'test13', '', '01/01/2012', 'test13', '098f6bcd4621d373cade4e832627b4f6', false);
INSERT INTO dweller VALUES (13);
INSERT INTO flat(flat_id, area, flat_number, balance, cladr_id, building_id)
    VALUES (13, 65, 13, 0, 1, 1);
INSERT INTO dweller_lives_in_flat(person_id, flat_id)
    VALUES (13, 13);
INSERT INTO meter(meter_id, installation_date, type, title, meter_unit_id, active, flat_id)
    VALUES (26, '01/01/2012', 'Water', 'Cold water in kitchen test13', 1, true, 13);
INSERT INTO meter(meter_id, installation_date, type, title, meter_unit_id, active, flat_id)
    VALUES (27, '01/01/2012', 'Electricity', 'Electricity in hall test13', 2, true, 13);
INSERT INTO Meter_reading(value, date, paid, meter_id)
        VALUES (106, '2012-1-10', false, 26);
INSERT INTO Meter_reading(value, date, paid, meter_id)
        VALUES (161, '2012-1-12', false, 26);
INSERT INTO Meter_reading(value, date, paid, meter_id)
        VALUES (223, '2012-1-22', false, 26);
INSERT INTO Meter_reading(value, date, paid, meter_id)
        VALUES (272, '2012-2-8', false, 26);
INSERT INTO Meter_reading(value, date, paid, meter_id)
        VALUES (321, '2012-2-10', false, 26);
INSERT INTO Meter_reading(value, date, paid, meter_id)
        VALUES (323, '2012-2-19', false, 26);
INSERT INTO Meter_reading(value, date, paid, meter_id)
        VALUES (281, '2012-1-13', false, 27);
INSERT INTO Meter_reading(value, date, paid, meter_id)
        VALUES (286, '2012-1-17', false, 27);
INSERT INTO Meter_reading(value, date, paid, meter_id)
        VALUES (310, '2012-2-2', false, 27);
INSERT INTO Meter_reading(value, date, paid, meter_id)
        VALUES (317, '2012-2-4', false, 27);
INSERT INTO Meter_reading(value, date, paid, meter_id)
        VALUES (318, '2012-2-8', false, 27);
INSERT INTO Meter_reading(value, date, paid, meter_id)
        VALUES (321, '2012-2-17', false, 27);
INSERT INTO Meter_reading(value, date, paid, meter_id)
        VALUES (331, '2012-2-20', false, 27);
INSERT INTO Meter_reading(value, date, paid, meter_id)
        VALUES (356, '2012-2-23', false, 27);
INSERT INTO Meter_reading(value, date, paid, meter_id)
        VALUES (382, '2012-2-25', false, 27);
INSERT INTO Meter_reading(value, date, paid, meter_id)
        VALUES (400, '2012-3-8', false, 27);
INSERT INTO Meter_reading(value, date, paid, meter_id)
        VALUES (408, '2012-3-17', false, 27);
INSERT INTO Meter_reading(value, date, paid, meter_id)
        VALUES (412, '2012-3-26', false, 27);
INSERT INTO Meter_reading(value, date, paid, meter_id)
        VALUES (426, '2012-4-10', false, 27);
INSERT INTO person(person_id, name, surname, paternal_name, registration_date, email, password_hash, is_admin) 
    VALUES (14, 'test14', 'test14', '', '01/01/2012', 'test14', '098f6bcd4621d373cade4e832627b4f6', false);
INSERT INTO dweller VALUES (14);
INSERT INTO flat(flat_id, area, flat_number, balance, cladr_id, building_id)
    VALUES (14, 186, 14, 0, 1, 1);
INSERT INTO dweller_lives_in_flat(person_id, flat_id)
    VALUES (14, 14);
INSERT INTO meter(meter_id, installation_date, type, title, meter_unit_id, active, flat_id)
    VALUES (28, '01/01/2012', 'Water', 'Cold water in kitchen test14', 1, true, 14);
INSERT INTO meter(meter_id, installation_date, type, title, meter_unit_id, active, flat_id)
    VALUES (29, '01/01/2012', 'Electricity', 'Electricity in hall test14', 2, true, 14);
INSERT INTO Meter_reading(value, date, paid, meter_id)
        VALUES (215, '2012-1-5', false, 28);
INSERT INTO Meter_reading(value, date, paid, meter_id)
        VALUES (261, '2012-1-18', false, 28);
INSERT INTO Meter_reading(value, date, paid, meter_id)
        VALUES (277, '2012-2-1', false, 28);
INSERT INTO Meter_reading(value, date, paid, meter_id)
        VALUES (319, '2012-2-11', false, 28);
INSERT INTO Meter_reading(value, date, paid, meter_id)
        VALUES (374, '2012-2-22', false, 28);
INSERT INTO Meter_reading(value, date, paid, meter_id)
        VALUES (387, '2012-3-7', false, 28);
INSERT INTO Meter_reading(value, date, paid, meter_id)
        VALUES (430, '2012-3-14', false, 28);
INSERT INTO Meter_reading(value, date, paid, meter_id)
        VALUES (456, '2012-3-15', false, 28);
INSERT INTO Meter_reading(value, date, paid, meter_id)
        VALUES (496, '2012-3-24', false, 28);
INSERT INTO Meter_reading(value, date, paid, meter_id)
        VALUES (514, '2012-4-7', false, 28);
INSERT INTO Meter_reading(value, date, paid, meter_id)
        VALUES (524, '2012-4-9', false, 28);
INSERT INTO Meter_reading(value, date, paid, meter_id)
        VALUES (530, '2012-4-18', false, 28);
INSERT INTO Meter_reading(value, date, paid, meter_id)
        VALUES (559, '2012-4-27', false, 28);
INSERT INTO Meter_reading(value, date, paid, meter_id)
        VALUES (621, '2012-5-3', false, 28);
INSERT INTO Meter_reading(value, date, paid, meter_id)
        VALUES (305, '2012-1-6', false, 29);
INSERT INTO Meter_reading(value, date, paid, meter_id)
        VALUES (339, '2012-1-20', false, 29);
INSERT INTO Meter_reading(value, date, paid, meter_id)
        VALUES (360, '2012-2-4', false, 29);
INSERT INTO Meter_reading(value, date, paid, meter_id)
        VALUES (373, '2012-2-14', false, 29);
INSERT INTO Meter_reading(value, date, paid, meter_id)
        VALUES (384, '2012-2-20', false, 29);
INSERT INTO Meter_reading(value, date, paid, meter_id)
        VALUES (391, '2012-3-3', false, 29);
INSERT INTO Meter_reading(value, date, paid, meter_id)
        VALUES (408, '2012-3-5', false, 29);
INSERT INTO Meter_reading(value, date, paid, meter_id)
        VALUES (439, '2012-3-14', false, 29);
INSERT INTO Meter_reading(value, date, paid, meter_id)
        VALUES (456, '2012-3-20', false, 29);
INSERT INTO Meter_reading(value, date, paid, meter_id)
        VALUES (480, '2012-4-2', false, 29);
INSERT INTO Meter_reading(value, date, paid, meter_id)
        VALUES (485, '2012-4-3', false, 29);
INSERT INTO Meter_reading(value, date, paid, meter_id)
        VALUES (505, '2012-4-4', false, 29);
INSERT INTO Meter_reading(value, date, paid, meter_id)
        VALUES (522, '2012-4-18', false, 29);
INSERT INTO person(person_id, name, surname, paternal_name, registration_date, email, password_hash, is_admin) 
    VALUES (15, 'test15', 'test15', '', '01/01/2012', 'test15', '098f6bcd4621d373cade4e832627b4f6', false);
INSERT INTO dweller VALUES (15);
INSERT INTO flat(flat_id, area, flat_number, balance, cladr_id, building_id)
    VALUES (15, 290, 15, 0, 1, 1);
INSERT INTO dweller_lives_in_flat(person_id, flat_id)
    VALUES (15, 15);
INSERT INTO meter(meter_id, installation_date, type, title, meter_unit_id, active, flat_id)
    VALUES (30, '01/01/2012', 'Water', 'Cold water in kitchen test15', 1, true, 15);
INSERT INTO meter(meter_id, installation_date, type, title, meter_unit_id, active, flat_id)
    VALUES (31, '01/01/2012', 'Electricity', 'Electricity in hall test15', 2, true, 15);
INSERT INTO Meter_reading(value, date, paid, meter_id)
        VALUES (208, '2012-1-8', false, 30);
INSERT INTO Meter_reading(value, date, paid, meter_id)
        VALUES (210, '2012-1-20', false, 30);
INSERT INTO Meter_reading(value, date, paid, meter_id)
        VALUES (211, '2012-1-27', false, 30);
INSERT INTO Meter_reading(value, date, paid, meter_id)
        VALUES (214, '2012-2-14', false, 30);
INSERT INTO Meter_reading(value, date, paid, meter_id)
        VALUES (217, '2012-2-18', false, 30);
INSERT INTO Meter_reading(value, date, paid, meter_id)
        VALUES (220, '2012-2-21', false, 30);
INSERT INTO Meter_reading(value, date, paid, meter_id)
        VALUES (223, '2012-3-2', false, 30);
INSERT INTO Meter_reading(value, date, paid, meter_id)
        VALUES (227, '2012-3-6', false, 30);
INSERT INTO Meter_reading(value, date, paid, meter_id)
        VALUES (228, '2012-3-20', false, 30);
INSERT INTO Meter_reading(value, date, paid, meter_id)
        VALUES (229, '2012-3-27', false, 30);
INSERT INTO Meter_reading(value, date, paid, meter_id)
        VALUES (230, '2012-4-4', false, 30);
INSERT INTO Meter_reading(value, date, paid, meter_id)
        VALUES (220, '2012-1-10', false, 31);
INSERT INTO Meter_reading(value, date, paid, meter_id)
        VALUES (235, '2012-1-21', false, 31);
INSERT INTO Meter_reading(value, date, paid, meter_id)
        VALUES (291, '2012-2-1', false, 31);
INSERT INTO Meter_reading(value, date, paid, meter_id)
        VALUES (329, '2012-2-7', false, 31);
INSERT INTO Meter_reading(value, date, paid, meter_id)
        VALUES (350, '2012-2-8', false, 31);
INSERT INTO Meter_reading(value, date, paid, meter_id)
        VALUES (419, '2012-2-20', false, 31);
INSERT INTO Meter_reading(value, date, paid, meter_id)
        VALUES (428, '2012-3-5', false, 31);
INSERT INTO Meter_reading(value, date, paid, meter_id)
        VALUES (438, '2012-3-11', false, 31);
INSERT INTO Meter_reading(value, date, paid, meter_id)
        VALUES (484, '2012-3-19', false, 31);
INSERT INTO Meter_reading(value, date, paid, meter_id)
        VALUES (573, '2012-3-25', false, 31);
INSERT INTO Meter_reading(value, date, paid, meter_id)
        VALUES (601, '2012-4-2', false, 31);
INSERT INTO Meter_reading(value, date, paid, meter_id)
        VALUES (677, '2012-4-13', false, 31);
INSERT INTO person(person_id, name, surname, paternal_name, registration_date, email, password_hash, is_admin) 
    VALUES (16, 'test16', 'test16', '', '01/01/2012', 'test16', '098f6bcd4621d373cade4e832627b4f6', false);
INSERT INTO dweller VALUES (16);
INSERT INTO flat(flat_id, area, flat_number, balance, cladr_id, building_id)
    VALUES (16, 95, 16, 0, 1, 1);
INSERT INTO dweller_lives_in_flat(person_id, flat_id)
    VALUES (16, 16);
INSERT INTO meter(meter_id, installation_date, type, title, meter_unit_id, active, flat_id)
    VALUES (32, '01/01/2012', 'Water', 'Cold water in kitchen test16', 1, true, 16);
INSERT INTO meter(meter_id, installation_date, type, title, meter_unit_id, active, flat_id)
    VALUES (33, '01/01/2012', 'Electricity', 'Electricity in hall test16', 2, true, 16);
INSERT INTO Meter_reading(value, date, paid, meter_id)
        VALUES (84, '2012-1-13', false, 32);
INSERT INTO Meter_reading(value, date, paid, meter_id)
        VALUES (109, '2012-1-21', false, 32);
INSERT INTO Meter_reading(value, date, paid, meter_id)
        VALUES (134, '2012-1-23', false, 32);
INSERT INTO Meter_reading(value, date, paid, meter_id)
        VALUES (136, '2012-2-4', false, 32);
INSERT INTO Meter_reading(value, date, paid, meter_id)
        VALUES (163, '2012-2-9', false, 32);
INSERT INTO Meter_reading(value, date, paid, meter_id)
        VALUES (159, '2012-1-7', false, 33);
INSERT INTO Meter_reading(value, date, paid, meter_id)
        VALUES (170, '2012-1-13', false, 33);
INSERT INTO Meter_reading(value, date, paid, meter_id)
        VALUES (178, '2012-1-27', false, 33);
INSERT INTO Meter_reading(value, date, paid, meter_id)
        VALUES (203, '2012-2-6', false, 33);
INSERT INTO Meter_reading(value, date, paid, meter_id)
        VALUES (206, '2012-2-15', false, 33);
INSERT INTO Meter_reading(value, date, paid, meter_id)
        VALUES (216, '2012-2-22', false, 33);
INSERT INTO Meter_reading(value, date, paid, meter_id)
        VALUES (223, '2012-2-24', false, 33);
INSERT INTO Meter_reading(value, date, paid, meter_id)
        VALUES (240, '2012-3-4', false, 33);
INSERT INTO Meter_reading(value, date, paid, meter_id)
        VALUES (249, '2012-3-6', false, 33);
INSERT INTO Meter_reading(value, date, paid, meter_id)
        VALUES (266, '2012-3-18', false, 33);
INSERT INTO person(person_id, name, surname, paternal_name, registration_date, email, password_hash, is_admin) 
    VALUES (17, 'test17', 'test17', '', '01/01/2012', 'test17', '098f6bcd4621d373cade4e832627b4f6', false);
INSERT INTO dweller VALUES (17);
INSERT INTO flat(flat_id, area, flat_number, balance, cladr_id, building_id)
    VALUES (17, 136, 17, 0, 1, 1);
INSERT INTO dweller_lives_in_flat(person_id, flat_id)
    VALUES (17, 17);
INSERT INTO meter(meter_id, installation_date, type, title, meter_unit_id, active, flat_id)
    VALUES (34, '01/01/2012', 'Water', 'Cold water in kitchen test17', 1, true, 17);
INSERT INTO meter(meter_id, installation_date, type, title, meter_unit_id, active, flat_id)
    VALUES (35, '01/01/2012', 'Electricity', 'Electricity in hall test17', 2, true, 17);
INSERT INTO Meter_reading(value, date, paid, meter_id)
        VALUES (138, '2012-1-7', false, 34);
INSERT INTO Meter_reading(value, date, paid, meter_id)
        VALUES (152, '2012-1-15', false, 34);
INSERT INTO Meter_reading(value, date, paid, meter_id)
        VALUES (173, '2012-1-25', false, 34);
INSERT INTO Meter_reading(value, date, paid, meter_id)
        VALUES (186, '2012-2-5', false, 34);
INSERT INTO Meter_reading(value, date, paid, meter_id)
        VALUES (198, '2012-2-10', false, 34);
INSERT INTO Meter_reading(value, date, paid, meter_id)
        VALUES (213, '2012-2-11', false, 34);
INSERT INTO Meter_reading(value, date, paid, meter_id)
        VALUES (229, '2012-2-12', false, 34);
INSERT INTO Meter_reading(value, date, paid, meter_id)
        VALUES (231, '2012-2-19', false, 34);
INSERT INTO Meter_reading(value, date, paid, meter_id)
        VALUES (232, '2012-2-20', false, 34);
INSERT INTO Meter_reading(value, date, paid, meter_id)
        VALUES (251, '2012-3-1', false, 34);
INSERT INTO Meter_reading(value, date, paid, meter_id)
        VALUES (267, '2012-3-15', false, 34);
INSERT INTO Meter_reading(value, date, paid, meter_id)
        VALUES (350, '2012-1-10', false, 35);
INSERT INTO Meter_reading(value, date, paid, meter_id)
        VALUES (363, '2012-1-20', false, 35);
INSERT INTO Meter_reading(value, date, paid, meter_id)
        VALUES (377, '2012-2-1', false, 35);
INSERT INTO Meter_reading(value, date, paid, meter_id)
        VALUES (409, '2012-2-4', false, 35);
INSERT INTO Meter_reading(value, date, paid, meter_id)
        VALUES (458, '2012-2-14', false, 35);
INSERT INTO Meter_reading(value, date, paid, meter_id)
        VALUES (510, '2012-2-15', false, 35);
INSERT INTO Meter_reading(value, date, paid, meter_id)
        VALUES (548, '2012-2-23', false, 35);
INSERT INTO Meter_reading(value, date, paid, meter_id)
        VALUES (606, '2012-3-9', false, 35);
INSERT INTO Meter_reading(value, date, paid, meter_id)
        VALUES (631, '2012-3-18', false, 35);
INSERT INTO Meter_reading(value, date, paid, meter_id)
        VALUES (643, '2012-4-2', false, 35);
INSERT INTO Meter_reading(value, date, paid, meter_id)
        VALUES (655, '2012-4-6', false, 35);
INSERT INTO person(person_id, name, surname, paternal_name, registration_date, email, password_hash, is_admin) 
    VALUES (18, 'test18', 'test18', '', '01/01/2012', 'test18', '098f6bcd4621d373cade4e832627b4f6', false);
INSERT INTO dweller VALUES (18);
INSERT INTO flat(flat_id, area, flat_number, balance, cladr_id, building_id)
    VALUES (18, 110, 18, 0, 1, 1);
INSERT INTO dweller_lives_in_flat(person_id, flat_id)
    VALUES (18, 18);
INSERT INTO meter(meter_id, installation_date, type, title, meter_unit_id, active, flat_id)
    VALUES (36, '01/01/2012', 'Water', 'Cold water in kitchen test18', 1, true, 18);
INSERT INTO meter(meter_id, installation_date, type, title, meter_unit_id, active, flat_id)
    VALUES (37, '01/01/2012', 'Electricity', 'Electricity in hall test18', 2, true, 18);
INSERT INTO Meter_reading(value, date, paid, meter_id)
        VALUES (223, '2012-1-15', false, 36);
INSERT INTO Meter_reading(value, date, paid, meter_id)
        VALUES (242, '2012-2-2', false, 36);
INSERT INTO Meter_reading(value, date, paid, meter_id)
        VALUES (252, '2012-2-8', false, 36);
INSERT INTO Meter_reading(value, date, paid, meter_id)
        VALUES (254, '2012-2-13', false, 36);
INSERT INTO Meter_reading(value, date, paid, meter_id)
        VALUES (263, '2012-2-14', false, 36);
INSERT INTO Meter_reading(value, date, paid, meter_id)
        VALUES (266, '2012-2-18', false, 36);
INSERT INTO Meter_reading(value, date, paid, meter_id)
        VALUES (279, '2012-3-5', false, 36);
INSERT INTO Meter_reading(value, date, paid, meter_id)
        VALUES (274, '2012-1-8', false, 37);
INSERT INTO Meter_reading(value, date, paid, meter_id)
        VALUES (276, '2012-1-17', false, 37);
INSERT INTO Meter_reading(value, date, paid, meter_id)
        VALUES (282, '2012-2-2', false, 37);
INSERT INTO Meter_reading(value, date, paid, meter_id)
        VALUES (284, '2012-2-9', false, 37);
INSERT INTO Meter_reading(value, date, paid, meter_id)
        VALUES (287, '2012-2-12', false, 37);
INSERT INTO Meter_reading(value, date, paid, meter_id)
        VALUES (289, '2012-2-13', false, 37);
INSERT INTO Meter_reading(value, date, paid, meter_id)
        VALUES (292, '2012-2-21', false, 37);
INSERT INTO Meter_reading(value, date, paid, meter_id)
        VALUES (296, '2012-2-26', false, 37);
INSERT INTO Meter_reading(value, date, paid, meter_id)
        VALUES (302, '2012-3-9', false, 37);
INSERT INTO Meter_reading(value, date, paid, meter_id)
        VALUES (306, '2012-3-15', false, 37);
INSERT INTO Meter_reading(value, date, paid, meter_id)
        VALUES (312, '2012-3-23', false, 37);
INSERT INTO Meter_reading(value, date, paid, meter_id)
        VALUES (317, '2012-4-7', false, 37);
INSERT INTO Meter_reading(value, date, paid, meter_id)
        VALUES (323, '2012-4-13', false, 37);
INSERT INTO person(person_id, name, surname, paternal_name, registration_date, email, password_hash, is_admin) 
    VALUES (19, 'test19', 'test19', '', '01/01/2012', 'test19', '098f6bcd4621d373cade4e832627b4f6', false);
INSERT INTO dweller VALUES (19);
INSERT INTO flat(flat_id, area, flat_number, balance, cladr_id, building_id)
    VALUES (19, 275, 19, 0, 1, 1);
INSERT INTO dweller_lives_in_flat(person_id, flat_id)
    VALUES (19, 19);
INSERT INTO meter(meter_id, installation_date, type, title, meter_unit_id, active, flat_id)
    VALUES (38, '01/01/2012', 'Water', 'Cold water in kitchen test19', 1, true, 19);
INSERT INTO meter(meter_id, installation_date, type, title, meter_unit_id, active, flat_id)
    VALUES (39, '01/01/2012', 'Electricity', 'Electricity in hall test19', 2, true, 19);
INSERT INTO Meter_reading(value, date, paid, meter_id)
        VALUES (184, '2012-1-10', false, 38);
INSERT INTO Meter_reading(value, date, paid, meter_id)
        VALUES (216, '2012-1-11', false, 38);
INSERT INTO Meter_reading(value, date, paid, meter_id)
        VALUES (229, '2012-1-13', false, 38);
INSERT INTO Meter_reading(value, date, paid, meter_id)
        VALUES (245, '2012-1-26', false, 38);
INSERT INTO Meter_reading(value, date, paid, meter_id)
        VALUES (282, '2012-2-2', false, 38);
INSERT INTO Meter_reading(value, date, paid, meter_id)
        VALUES (303, '2012-2-4', false, 38);
INSERT INTO Meter_reading(value, date, paid, meter_id)
        VALUES (269, '2012-1-12', false, 39);
INSERT INTO Meter_reading(value, date, paid, meter_id)
        VALUES (276, '2012-1-15', false, 39);
INSERT INTO Meter_reading(value, date, paid, meter_id)
        VALUES (305, '2012-1-17', false, 39);
INSERT INTO Meter_reading(value, date, paid, meter_id)
        VALUES (324, '2012-1-22', false, 39);
INSERT INTO Meter_reading(value, date, paid, meter_id)
        VALUES (338, '2012-1-26', false, 39);
INSERT INTO Meter_reading(value, date, paid, meter_id)
        VALUES (362, '2012-2-8', false, 39);
INSERT INTO Meter_reading(value, date, paid, meter_id)
        VALUES (383, '2012-2-15', false, 39);
INSERT INTO person(person_id, name, surname, paternal_name, registration_date, email, password_hash, is_admin) 
    VALUES (20, 'test20', 'test20', '', '01/01/2012', 'test20', '098f6bcd4621d373cade4e832627b4f6', false);
INSERT INTO dweller VALUES (20);
INSERT INTO flat(flat_id, area, flat_number, balance, cladr_id, building_id)
    VALUES (20, 63, 20, 0, 1, 1);
INSERT INTO dweller_lives_in_flat(person_id, flat_id)
    VALUES (20, 20);
INSERT INTO meter(meter_id, installation_date, type, title, meter_unit_id, active, flat_id)
    VALUES (40, '01/01/2012', 'Water', 'Cold water in kitchen test20', 1, true, 20);
INSERT INTO meter(meter_id, installation_date, type, title, meter_unit_id, active, flat_id)
    VALUES (41, '01/01/2012', 'Electricity', 'Electricity in hall test20', 2, true, 20);
INSERT INTO Meter_reading(value, date, paid, meter_id)
        VALUES (203, '2012-1-7', false, 40);
INSERT INTO Meter_reading(value, date, paid, meter_id)
        VALUES (207, '2012-1-16', false, 40);
INSERT INTO Meter_reading(value, date, paid, meter_id)
        VALUES (213, '2012-1-20', false, 40);
INSERT INTO Meter_reading(value, date, paid, meter_id)
        VALUES (226, '2012-1-26', false, 40);
INSERT INTO Meter_reading(value, date, paid, meter_id)
        VALUES (249, '2012-2-13', false, 40);
INSERT INTO Meter_reading(value, date, paid, meter_id)
        VALUES (264, '2012-2-19', false, 40);
INSERT INTO Meter_reading(value, date, paid, meter_id)
        VALUES (244, '2012-1-8', false, 41);
INSERT INTO Meter_reading(value, date, paid, meter_id)
        VALUES (308, '2012-1-17', false, 41);
INSERT INTO Meter_reading(value, date, paid, meter_id)
        VALUES (386, '2012-2-2', false, 41);
INSERT INTO Meter_reading(value, date, paid, meter_id)
        VALUES (423, '2012-2-8', false, 41);
INSERT INTO Meter_reading(value, date, paid, meter_id)
        VALUES (508, '2012-2-15', false, 41);
INSERT INTO Meter_reading(value, date, paid, meter_id)
        VALUES (570, '2012-2-16', false, 41);
INSERT INTO Meter_reading(value, date, paid, meter_id)
        VALUES (578, '2012-2-17', false, 41);
INSERT INTO Meter_reading(value, date, paid, meter_id)
        VALUES (673, '2012-2-20', false, 41);
INSERT INTO Meter_reading(value, date, paid, meter_id)
        VALUES (685, '2012-3-1', false, 41);
INSERT INTO Meter_reading(value, date, paid, meter_id)
        VALUES (716, '2012-3-15', false, 41);
INSERT INTO Meter_reading(value, date, paid, meter_id)
        VALUES (734, '2012-3-26', false, 41);
INSERT INTO Meter_reading(value, date, paid, meter_id)
        VALUES (763, '2012-3-27', false, 41);
INSERT INTO Meter_reading(value, date, paid, meter_id)
        VALUES (800, '2012-4-3', false, 41);
INSERT INTO Meter_reading(value, date, paid, meter_id)
        VALUES (837, '2012-4-17', false, 41);
INSERT INTO person(person_id, name, surname, paternal_name, registration_date, email, password_hash, is_admin) 
    VALUES (21, 'test21', 'test21', '', '01/01/2012', 'test21', '098f6bcd4621d373cade4e832627b4f6', false);
INSERT INTO dweller VALUES (21);
INSERT INTO flat(flat_id, area, flat_number, balance, cladr_id, building_id)
    VALUES (21, 109, 21, 0, 1, 1);
INSERT INTO dweller_lives_in_flat(person_id, flat_id)
    VALUES (21, 21);
INSERT INTO meter(meter_id, installation_date, type, title, meter_unit_id, active, flat_id)
    VALUES (42, '01/01/2012', 'Water', 'Cold water in kitchen test21', 1, true, 21);
INSERT INTO meter(meter_id, installation_date, type, title, meter_unit_id, active, flat_id)
    VALUES (43, '01/01/2012', 'Electricity', 'Electricity in hall test21', 2, true, 21);
INSERT INTO Meter_reading(value, date, paid, meter_id)
        VALUES (107, '2012-1-7', false, 42);
INSERT INTO Meter_reading(value, date, paid, meter_id)
        VALUES (144, '2012-1-14', false, 42);
INSERT INTO Meter_reading(value, date, paid, meter_id)
        VALUES (213, '2012-1-19', false, 42);
INSERT INTO Meter_reading(value, date, paid, meter_id)
        VALUES (300, '2012-2-5', false, 42);
INSERT INTO Meter_reading(value, date, paid, meter_id)
        VALUES (302, '2012-2-11', false, 42);
INSERT INTO Meter_reading(value, date, paid, meter_id)
        VALUES (357, '2012-2-23', false, 42);
INSERT INTO Meter_reading(value, date, paid, meter_id)
        VALUES (436, '2012-3-8', false, 42);
INSERT INTO Meter_reading(value, date, paid, meter_id)
        VALUES (460, '2012-3-18', false, 42);
INSERT INTO Meter_reading(value, date, paid, meter_id)
        VALUES (502, '2012-3-20', false, 42);
INSERT INTO Meter_reading(value, date, paid, meter_id)
        VALUES (585, '2012-3-22', false, 42);
INSERT INTO Meter_reading(value, date, paid, meter_id)
        VALUES (632, '2012-4-6', false, 42);
INSERT INTO Meter_reading(value, date, paid, meter_id)
        VALUES (166, '2012-1-5', false, 43);
INSERT INTO Meter_reading(value, date, paid, meter_id)
        VALUES (173, '2012-1-9', false, 43);
INSERT INTO Meter_reading(value, date, paid, meter_id)
        VALUES (177, '2012-1-15', false, 43);
INSERT INTO Meter_reading(value, date, paid, meter_id)
        VALUES (185, '2012-1-27', false, 43);
INSERT INTO Meter_reading(value, date, paid, meter_id)
        VALUES (190, '2012-2-9', false, 43);
INSERT INTO person(person_id, name, surname, paternal_name, registration_date, email, password_hash, is_admin) 
    VALUES (22, 'test22', 'test22', '', '01/01/2012', 'test22', '098f6bcd4621d373cade4e832627b4f6', false);
INSERT INTO dweller VALUES (22);
INSERT INTO flat(flat_id, area, flat_number, balance, cladr_id, building_id)
    VALUES (22, 151, 22, 0, 1, 1);
INSERT INTO dweller_lives_in_flat(person_id, flat_id)
    VALUES (22, 22);
INSERT INTO meter(meter_id, installation_date, type, title, meter_unit_id, active, flat_id)
    VALUES (44, '01/01/2012', 'Water', 'Cold water in kitchen test22', 1, true, 22);
INSERT INTO meter(meter_id, installation_date, type, title, meter_unit_id, active, flat_id)
    VALUES (45, '01/01/2012', 'Electricity', 'Electricity in hall test22', 2, true, 22);
INSERT INTO Meter_reading(value, date, paid, meter_id)
        VALUES (178, '2012-1-10', false, 44);
INSERT INTO Meter_reading(value, date, paid, meter_id)
        VALUES (182, '2012-1-13', false, 44);
INSERT INTO Meter_reading(value, date, paid, meter_id)
        VALUES (185, '2012-1-20', false, 44);
INSERT INTO Meter_reading(value, date, paid, meter_id)
        VALUES (206, '2012-1-27', false, 44);
INSERT INTO Meter_reading(value, date, paid, meter_id)
        VALUES (208, '2012-2-14', false, 44);
INSERT INTO Meter_reading(value, date, paid, meter_id)
        VALUES (234, '2012-2-19', false, 44);
INSERT INTO Meter_reading(value, date, paid, meter_id)
        VALUES (250, '2012-3-5', false, 44);
INSERT INTO Meter_reading(value, date, paid, meter_id)
        VALUES (277, '2012-3-11', false, 44);
INSERT INTO Meter_reading(value, date, paid, meter_id)
        VALUES (297, '2012-3-12', false, 44);
INSERT INTO Meter_reading(value, date, paid, meter_id)
        VALUES (304, '2012-3-25', false, 44);
INSERT INTO Meter_reading(value, date, paid, meter_id)
        VALUES (305, '2012-4-7', false, 44);
INSERT INTO Meter_reading(value, date, paid, meter_id)
        VALUES (243, '2012-1-7', false, 45);
INSERT INTO Meter_reading(value, date, paid, meter_id)
        VALUES (307, '2012-1-12', false, 45);
INSERT INTO Meter_reading(value, date, paid, meter_id)
        VALUES (356, '2012-1-19', false, 45);
INSERT INTO Meter_reading(value, date, paid, meter_id)
        VALUES (373, '2012-2-6', false, 45);
INSERT INTO Meter_reading(value, date, paid, meter_id)
        VALUES (423, '2012-2-9', false, 45);
INSERT INTO Meter_reading(value, date, paid, meter_id)
        VALUES (453, '2012-2-22', false, 45);
INSERT INTO Meter_reading(value, date, paid, meter_id)
        VALUES (470, '2012-3-5', false, 45);
INSERT INTO Meter_reading(value, date, paid, meter_id)
        VALUES (506, '2012-3-15', false, 45);
INSERT INTO Meter_reading(value, date, paid, meter_id)
        VALUES (555, '2012-3-26', false, 45);
INSERT INTO Meter_reading(value, date, paid, meter_id)
        VALUES (576, '2012-4-12', false, 45);
INSERT INTO Meter_reading(value, date, paid, meter_id)
        VALUES (635, '2012-4-18', false, 45);
INSERT INTO person(person_id, name, surname, paternal_name, registration_date, email, password_hash, is_admin) 
    VALUES (23, 'test23', 'test23', '', '01/01/2012', 'test23', '098f6bcd4621d373cade4e832627b4f6', false);
INSERT INTO dweller VALUES (23);
INSERT INTO flat(flat_id, area, flat_number, balance, cladr_id, building_id)
    VALUES (23, 128, 23, 0, 1, 1);
INSERT INTO dweller_lives_in_flat(person_id, flat_id)
    VALUES (23, 23);
INSERT INTO meter(meter_id, installation_date, type, title, meter_unit_id, active, flat_id)
    VALUES (46, '01/01/2012', 'Water', 'Cold water in kitchen test23', 1, true, 23);
INSERT INTO meter(meter_id, installation_date, type, title, meter_unit_id, active, flat_id)
    VALUES (47, '01/01/2012', 'Electricity', 'Electricity in hall test23', 2, true, 23);
INSERT INTO Meter_reading(value, date, paid, meter_id)
        VALUES (65, '2012-1-16', false, 46);
INSERT INTO Meter_reading(value, date, paid, meter_id)
        VALUES (85, '2012-1-23', false, 46);
INSERT INTO Meter_reading(value, date, paid, meter_id)
        VALUES (112, '2012-2-10', false, 46);
INSERT INTO Meter_reading(value, date, paid, meter_id)
        VALUES (133, '2012-2-15', false, 46);
INSERT INTO Meter_reading(value, date, paid, meter_id)
        VALUES (159, '2012-2-23', false, 46);
INSERT INTO Meter_reading(value, date, paid, meter_id)
        VALUES (171, '2012-3-4', false, 46);
INSERT INTO Meter_reading(value, date, paid, meter_id)
        VALUES (191, '2012-3-17', false, 46);
INSERT INTO Meter_reading(value, date, paid, meter_id)
        VALUES (197, '2012-3-21', false, 46);
INSERT INTO Meter_reading(value, date, paid, meter_id)
        VALUES (223, '2012-3-27', false, 46);
INSERT INTO Meter_reading(value, date, paid, meter_id)
        VALUES (245, '2012-4-1', false, 46);
INSERT INTO Meter_reading(value, date, paid, meter_id)
        VALUES (262, '2012-4-6', false, 46);
INSERT INTO Meter_reading(value, date, paid, meter_id)
        VALUES (276, '2012-4-11', false, 46);
INSERT INTO Meter_reading(value, date, paid, meter_id)
        VALUES (162, '2012-1-16', false, 47);
INSERT INTO Meter_reading(value, date, paid, meter_id)
        VALUES (166, '2012-1-22', false, 47);
INSERT INTO Meter_reading(value, date, paid, meter_id)
        VALUES (186, '2012-2-8', false, 47);
INSERT INTO Meter_reading(value, date, paid, meter_id)
        VALUES (208, '2012-2-19', false, 47);
INSERT INTO Meter_reading(value, date, paid, meter_id)
        VALUES (215, '2012-3-3', false, 47);
INSERT INTO Meter_reading(value, date, paid, meter_id)
        VALUES (216, '2012-3-17', false, 47);
INSERT INTO person(person_id, name, surname, paternal_name, registration_date, email, password_hash, is_admin) 
    VALUES (24, 'test24', 'test24', '', '01/01/2012', 'test24', '098f6bcd4621d373cade4e832627b4f6', false);
INSERT INTO dweller VALUES (24);
INSERT INTO flat(flat_id, area, flat_number, balance, cladr_id, building_id)
    VALUES (24, 251, 24, 0, 1, 1);
INSERT INTO dweller_lives_in_flat(person_id, flat_id)
    VALUES (24, 24);
INSERT INTO meter(meter_id, installation_date, type, title, meter_unit_id, active, flat_id)
    VALUES (48, '01/01/2012', 'Water', 'Cold water in kitchen test24', 1, true, 24);
INSERT INTO meter(meter_id, installation_date, type, title, meter_unit_id, active, flat_id)
    VALUES (49, '01/01/2012', 'Electricity', 'Electricity in hall test24', 2, true, 24);
INSERT INTO Meter_reading(value, date, paid, meter_id)
        VALUES (132, '2012-1-3', false, 48);
INSERT INTO Meter_reading(value, date, paid, meter_id)
        VALUES (160, '2012-1-16', false, 48);
INSERT INTO Meter_reading(value, date, paid, meter_id)
        VALUES (184, '2012-2-3', false, 48);
INSERT INTO Meter_reading(value, date, paid, meter_id)
        VALUES (209, '2012-2-11', false, 48);
INSERT INTO Meter_reading(value, date, paid, meter_id)
        VALUES (223, '2012-2-25', false, 48);
INSERT INTO Meter_reading(value, date, paid, meter_id)
        VALUES (249, '2012-3-4', false, 48);
INSERT INTO Meter_reading(value, date, paid, meter_id)
        VALUES (252, '2012-3-8', false, 48);
INSERT INTO Meter_reading(value, date, paid, meter_id)
        VALUES (91, '2012-1-13', false, 49);
INSERT INTO Meter_reading(value, date, paid, meter_id)
        VALUES (95, '2012-1-24', false, 49);
INSERT INTO Meter_reading(value, date, paid, meter_id)
        VALUES (116, '2012-2-4', false, 49);
INSERT INTO Meter_reading(value, date, paid, meter_id)
        VALUES (132, '2012-2-11', false, 49);
INSERT INTO Meter_reading(value, date, paid, meter_id)
        VALUES (145, '2012-2-17', false, 49);
INSERT INTO Meter_reading(value, date, paid, meter_id)
        VALUES (159, '2012-3-4', false, 49);
INSERT INTO Meter_reading(value, date, paid, meter_id)
        VALUES (181, '2012-3-13', false, 49);
INSERT INTO Meter_reading(value, date, paid, meter_id)
        VALUES (194, '2012-3-14', false, 49);
INSERT INTO Meter_reading(value, date, paid, meter_id)
        VALUES (210, '2012-3-25', false, 49);
INSERT INTO Meter_reading(value, date, paid, meter_id)
        VALUES (213, '2012-4-7', false, 49);
INSERT INTO Meter_reading(value, date, paid, meter_id)
        VALUES (236, '2012-4-8', false, 49);
INSERT INTO Meter_reading(value, date, paid, meter_id)
        VALUES (244, '2012-4-15', false, 49);
INSERT INTO Meter_reading(value, date, paid, meter_id)
        VALUES (247, '2012-5-1', false, 49);
INSERT INTO Meter_reading(value, date, paid, meter_id)
        VALUES (262, '2012-5-14', false, 49);
INSERT INTO person(person_id, name, surname, paternal_name, registration_date, email, password_hash, is_admin) 
    VALUES (25, 'test25', 'test25', '', '01/01/2012', 'test25', '098f6bcd4621d373cade4e832627b4f6', false);
INSERT INTO dweller VALUES (25);
INSERT INTO flat(flat_id, area, flat_number, balance, cladr_id, building_id)
    VALUES (25, 169, 25, 0, 1, 1);
INSERT INTO dweller_lives_in_flat(person_id, flat_id)
    VALUES (25, 25);
INSERT INTO meter(meter_id, installation_date, type, title, meter_unit_id, active, flat_id)
    VALUES (50, '01/01/2012', 'Water', 'Cold water in kitchen test25', 1, true, 25);
INSERT INTO meter(meter_id, installation_date, type, title, meter_unit_id, active, flat_id)
    VALUES (51, '01/01/2012', 'Electricity', 'Electricity in hall test25', 2, true, 25);
INSERT INTO Meter_reading(value, date, paid, meter_id)
        VALUES (180, '2012-1-4', false, 50);
INSERT INTO Meter_reading(value, date, paid, meter_id)
        VALUES (204, '2012-1-6', false, 50);
INSERT INTO Meter_reading(value, date, paid, meter_id)
        VALUES (221, '2012-1-15', false, 50);
INSERT INTO Meter_reading(value, date, paid, meter_id)
        VALUES (227, '2012-1-27', false, 50);
INSERT INTO Meter_reading(value, date, paid, meter_id)
        VALUES (243, '2012-2-10', false, 50);
INSERT INTO Meter_reading(value, date, paid, meter_id)
        VALUES (258, '2012-2-13', false, 50);
INSERT INTO Meter_reading(value, date, paid, meter_id)
        VALUES (260, '2012-2-26', false, 50);
INSERT INTO Meter_reading(value, date, paid, meter_id)
        VALUES (284, '2012-3-13', false, 50);
INSERT INTO Meter_reading(value, date, paid, meter_id)
        VALUES (295, '2012-3-21', false, 50);
INSERT INTO Meter_reading(value, date, paid, meter_id)
        VALUES (296, '2012-3-22', false, 50);
INSERT INTO Meter_reading(value, date, paid, meter_id)
        VALUES (285, '2012-1-16', false, 51);
INSERT INTO Meter_reading(value, date, paid, meter_id)
        VALUES (318, '2012-1-27', false, 51);
INSERT INTO Meter_reading(value, date, paid, meter_id)
        VALUES (333, '2012-2-9', false, 51);
INSERT INTO Meter_reading(value, date, paid, meter_id)
        VALUES (343, '2012-2-10', false, 51);
INSERT INTO Meter_reading(value, date, paid, meter_id)
        VALUES (354, '2012-2-16', false, 51);
INSERT INTO Meter_reading(value, date, paid, meter_id)
        VALUES (371, '2012-3-3', false, 51);
INSERT INTO Meter_reading(value, date, paid, meter_id)
        VALUES (372, '2012-3-8', false, 51);
INSERT INTO Meter_reading(value, date, paid, meter_id)
        VALUES (395, '2012-3-18', false, 51);
INSERT INTO Meter_reading(value, date, paid, meter_id)
        VALUES (437, '2012-3-19', false, 51);
INSERT INTO person(person_id, name, surname, paternal_name, registration_date, email, password_hash, is_admin) 
    VALUES (26, 'test26', 'test26', '', '01/01/2012', 'test26', '098f6bcd4621d373cade4e832627b4f6', false);
INSERT INTO dweller VALUES (26);
INSERT INTO flat(flat_id, area, flat_number, balance, cladr_id, building_id)
    VALUES (26, 183, 26, 0, 1, 1);
INSERT INTO dweller_lives_in_flat(person_id, flat_id)
    VALUES (26, 26);
INSERT INTO meter(meter_id, installation_date, type, title, meter_unit_id, active, flat_id)
    VALUES (52, '01/01/2012', 'Water', 'Cold water in kitchen test26', 1, true, 26);
INSERT INTO meter(meter_id, installation_date, type, title, meter_unit_id, active, flat_id)
    VALUES (53, '01/01/2012', 'Electricity', 'Electricity in hall test26', 2, true, 26);
INSERT INTO Meter_reading(value, date, paid, meter_id)
        VALUES (223, '2012-1-14', false, 52);
INSERT INTO Meter_reading(value, date, paid, meter_id)
        VALUES (240, '2012-1-16', false, 52);
INSERT INTO Meter_reading(value, date, paid, meter_id)
        VALUES (260, '2012-1-25', false, 52);
INSERT INTO Meter_reading(value, date, paid, meter_id)
        VALUES (288, '2012-2-6', false, 52);
INSERT INTO Meter_reading(value, date, paid, meter_id)
        VALUES (290, '2012-2-20', false, 52);
INSERT INTO Meter_reading(value, date, paid, meter_id)
        VALUES (316, '2012-2-22', false, 52);
INSERT INTO Meter_reading(value, date, paid, meter_id)
        VALUES (52, '2012-1-3', false, 53);
INSERT INTO Meter_reading(value, date, paid, meter_id)
        VALUES (84, '2012-1-5', false, 53);
INSERT INTO Meter_reading(value, date, paid, meter_id)
        VALUES (98, '2012-1-11', false, 53);
INSERT INTO Meter_reading(value, date, paid, meter_id)
        VALUES (104, '2012-1-12', false, 53);
INSERT INTO Meter_reading(value, date, paid, meter_id)
        VALUES (164, '2012-1-16', false, 53);
INSERT INTO Meter_reading(value, date, paid, meter_id)
        VALUES (207, '2012-2-3', false, 53);
INSERT INTO person(person_id, name, surname, paternal_name, registration_date, email, password_hash, is_admin) 
    VALUES (27, 'test27', 'test27', '', '01/01/2012', 'test27', '098f6bcd4621d373cade4e832627b4f6', false);
INSERT INTO dweller VALUES (27);
INSERT INTO flat(flat_id, area, flat_number, balance, cladr_id, building_id)
    VALUES (27, 285, 27, 0, 1, 1);
INSERT INTO dweller_lives_in_flat(person_id, flat_id)
    VALUES (27, 27);
INSERT INTO meter(meter_id, installation_date, type, title, meter_unit_id, active, flat_id)
    VALUES (54, '01/01/2012', 'Water', 'Cold water in kitchen test27', 1, true, 27);
INSERT INTO meter(meter_id, installation_date, type, title, meter_unit_id, active, flat_id)
    VALUES (55, '01/01/2012', 'Electricity', 'Electricity in hall test27', 2, true, 27);
INSERT INTO Meter_reading(value, date, paid, meter_id)
        VALUES (196, '2012-1-8', false, 54);
INSERT INTO Meter_reading(value, date, paid, meter_id)
        VALUES (219, '2012-1-13', false, 54);
INSERT INTO Meter_reading(value, date, paid, meter_id)
        VALUES (225, '2012-1-22', false, 54);
INSERT INTO Meter_reading(value, date, paid, meter_id)
        VALUES (241, '2012-1-26', false, 54);
INSERT INTO Meter_reading(value, date, paid, meter_id)
        VALUES (257, '2012-2-8', false, 54);
INSERT INTO Meter_reading(value, date, paid, meter_id)
        VALUES (270, '2012-2-19', false, 54);
INSERT INTO Meter_reading(value, date, paid, meter_id)
        VALUES (276, '2012-2-23', false, 54);
INSERT INTO Meter_reading(value, date, paid, meter_id)
        VALUES (304, '2012-2-25', false, 54);
INSERT INTO Meter_reading(value, date, paid, meter_id)
        VALUES (322, '2012-3-7', false, 54);
INSERT INTO Meter_reading(value, date, paid, meter_id)
        VALUES (327, '2012-3-14', false, 54);
INSERT INTO Meter_reading(value, date, paid, meter_id)
        VALUES (340, '2012-3-27', false, 54);
INSERT INTO Meter_reading(value, date, paid, meter_id)
        VALUES (345, '2012-4-11', false, 54);
INSERT INTO Meter_reading(value, date, paid, meter_id)
        VALUES (362, '2012-4-17', false, 54);
INSERT INTO Meter_reading(value, date, paid, meter_id)
        VALUES (158, '2012-1-8', false, 55);
INSERT INTO Meter_reading(value, date, paid, meter_id)
        VALUES (179, '2012-1-22', false, 55);
INSERT INTO Meter_reading(value, date, paid, meter_id)
        VALUES (192, '2012-2-6', false, 55);
INSERT INTO Meter_reading(value, date, paid, meter_id)
        VALUES (214, '2012-2-10', false, 55);
INSERT INTO Meter_reading(value, date, paid, meter_id)
        VALUES (219, '2012-2-15', false, 55);
INSERT INTO Meter_reading(value, date, paid, meter_id)
        VALUES (247, '2012-2-24', false, 55);
INSERT INTO Meter_reading(value, date, paid, meter_id)
        VALUES (270, '2012-2-27', false, 55);
INSERT INTO Meter_reading(value, date, paid, meter_id)
        VALUES (286, '2012-3-8', false, 55);
INSERT INTO Meter_reading(value, date, paid, meter_id)
        VALUES (297, '2012-3-21', false, 55);
INSERT INTO Meter_reading(value, date, paid, meter_id)
        VALUES (312, '2012-4-7', false, 55);
INSERT INTO Meter_reading(value, date, paid, meter_id)
        VALUES (335, '2012-4-15', false, 55);
INSERT INTO Meter_reading(value, date, paid, meter_id)
        VALUES (347, '2012-5-2', false, 55);
INSERT INTO person(person_id, name, surname, paternal_name, registration_date, email, password_hash, is_admin) 
    VALUES (28, 'test28', 'test28', '', '01/01/2012', 'test28', '098f6bcd4621d373cade4e832627b4f6', false);
INSERT INTO dweller VALUES (28);
INSERT INTO flat(flat_id, area, flat_number, balance, cladr_id, building_id)
    VALUES (28, 280, 28, 0, 1, 1);
INSERT INTO dweller_lives_in_flat(person_id, flat_id)
    VALUES (28, 28);
INSERT INTO meter(meter_id, installation_date, type, title, meter_unit_id, active, flat_id)
    VALUES (56, '01/01/2012', 'Water', 'Cold water in kitchen test28', 1, true, 28);
INSERT INTO meter(meter_id, installation_date, type, title, meter_unit_id, active, flat_id)
    VALUES (57, '01/01/2012', 'Electricity', 'Electricity in hall test28', 2, true, 28);
INSERT INTO Meter_reading(value, date, paid, meter_id)
        VALUES (85, '2012-1-5', false, 56);
INSERT INTO Meter_reading(value, date, paid, meter_id)
        VALUES (147, '2012-1-13', false, 56);
INSERT INTO Meter_reading(value, date, paid, meter_id)
        VALUES (157, '2012-1-15', false, 56);
INSERT INTO Meter_reading(value, date, paid, meter_id)
        VALUES (211, '2012-1-24', false, 56);
INSERT INTO Meter_reading(value, date, paid, meter_id)
        VALUES (215, '2012-2-3', false, 56);
INSERT INTO Meter_reading(value, date, paid, meter_id)
        VALUES (241, '2012-2-15', false, 56);
INSERT INTO Meter_reading(value, date, paid, meter_id)
        VALUES (289, '2012-2-23', false, 56);
INSERT INTO Meter_reading(value, date, paid, meter_id)
        VALUES (343, '2012-2-27', false, 56);
INSERT INTO Meter_reading(value, date, paid, meter_id)
        VALUES (349, '2012-3-4', false, 56);
INSERT INTO Meter_reading(value, date, paid, meter_id)
        VALUES (412, '2012-3-18', false, 56);
INSERT INTO Meter_reading(value, date, paid, meter_id)
        VALUES (483, '2012-3-26', false, 56);
INSERT INTO Meter_reading(value, date, paid, meter_id)
        VALUES (256, '2012-1-9', false, 57);
INSERT INTO Meter_reading(value, date, paid, meter_id)
        VALUES (289, '2012-1-21', false, 57);
INSERT INTO Meter_reading(value, date, paid, meter_id)
        VALUES (294, '2012-1-26', false, 57);
INSERT INTO Meter_reading(value, date, paid, meter_id)
        VALUES (320, '2012-2-9', false, 57);
INSERT INTO Meter_reading(value, date, paid, meter_id)
        VALUES (393, '2012-2-16', false, 57);
INSERT INTO Meter_reading(value, date, paid, meter_id)
        VALUES (420, '2012-2-22', false, 57);
INSERT INTO Meter_reading(value, date, paid, meter_id)
        VALUES (424, '2012-3-9', false, 57);
INSERT INTO Meter_reading(value, date, paid, meter_id)
        VALUES (491, '2012-3-14', false, 57);
INSERT INTO Meter_reading(value, date, paid, meter_id)
        VALUES (505, '2012-3-20', false, 57);
INSERT INTO Meter_reading(value, date, paid, meter_id)
        VALUES (565, '2012-3-27', false, 57);
INSERT INTO Meter_reading(value, date, paid, meter_id)
        VALUES (576, '2012-4-4', false, 57);
INSERT INTO Meter_reading(value, date, paid, meter_id)
        VALUES (577, '2012-4-11', false, 57);
INSERT INTO person(person_id, name, surname, paternal_name, registration_date, email, password_hash, is_admin) 
    VALUES (29, 'test29', 'test29', '', '01/01/2012', 'test29', '098f6bcd4621d373cade4e832627b4f6', false);
INSERT INTO dweller VALUES (29);
INSERT INTO flat(flat_id, area, flat_number, balance, cladr_id, building_id)
    VALUES (29, 243, 29, 0, 1, 1);
INSERT INTO dweller_lives_in_flat(person_id, flat_id)
    VALUES (29, 29);
INSERT INTO meter(meter_id, installation_date, type, title, meter_unit_id, active, flat_id)
    VALUES (58, '01/01/2012', 'Water', 'Cold water in kitchen test29', 1, true, 29);
INSERT INTO meter(meter_id, installation_date, type, title, meter_unit_id, active, flat_id)
    VALUES (59, '01/01/2012', 'Electricity', 'Electricity in hall test29', 2, true, 29);
INSERT INTO Meter_reading(value, date, paid, meter_id)
        VALUES (214, '2012-1-10', false, 58);
INSERT INTO Meter_reading(value, date, paid, meter_id)
        VALUES (268, '2012-1-15', false, 58);
INSERT INTO Meter_reading(value, date, paid, meter_id)
        VALUES (315, '2012-1-17', false, 58);
INSERT INTO Meter_reading(value, date, paid, meter_id)
        VALUES (318, '2012-2-3', false, 58);
INSERT INTO Meter_reading(value, date, paid, meter_id)
        VALUES (353, '2012-2-10', false, 58);
INSERT INTO Meter_reading(value, date, paid, meter_id)
        VALUES (191, '2012-1-3', false, 59);
INSERT INTO Meter_reading(value, date, paid, meter_id)
        VALUES (203, '2012-1-13', false, 59);
INSERT INTO Meter_reading(value, date, paid, meter_id)
        VALUES (204, '2012-1-18', false, 59);
INSERT INTO Meter_reading(value, date, paid, meter_id)
        VALUES (206, '2012-2-4', false, 59);
INSERT INTO Meter_reading(value, date, paid, meter_id)
        VALUES (218, '2012-2-17', false, 59);
INSERT INTO Meter_reading(value, date, paid, meter_id)
        VALUES (224, '2012-3-1', false, 59);
INSERT INTO Meter_reading(value, date, paid, meter_id)
        VALUES (235, '2012-3-2', false, 59);
INSERT INTO Meter_reading(value, date, paid, meter_id)
        VALUES (237, '2012-3-9', false, 59);
INSERT INTO Meter_reading(value, date, paid, meter_id)
        VALUES (245, '2012-3-18', false, 59);
INSERT INTO Meter_reading(value, date, paid, meter_id)
        VALUES (246, '2012-3-19', false, 59);
INSERT INTO Meter_reading(value, date, paid, meter_id)
        VALUES (254, '2012-3-25', false, 59);
INSERT INTO person(person_id, name, surname, paternal_name, registration_date, email, password_hash, is_admin) 
    VALUES (30, 'test30', 'test30', '', '01/01/2012', 'test30', '098f6bcd4621d373cade4e832627b4f6', false);
INSERT INTO dweller VALUES (30);
INSERT INTO flat(flat_id, area, flat_number, balance, cladr_id, building_id)
    VALUES (30, 244, 30, 0, 1, 1);
INSERT INTO dweller_lives_in_flat(person_id, flat_id)
    VALUES (30, 30);
INSERT INTO meter(meter_id, installation_date, type, title, meter_unit_id, active, flat_id)
    VALUES (60, '01/01/2012', 'Water', 'Cold water in kitchen test30', 1, true, 30);
INSERT INTO meter(meter_id, installation_date, type, title, meter_unit_id, active, flat_id)
    VALUES (61, '01/01/2012', 'Electricity', 'Electricity in hall test30', 2, true, 30);
INSERT INTO Meter_reading(value, date, paid, meter_id)
        VALUES (268, '2012-1-15', false, 60);
INSERT INTO Meter_reading(value, date, paid, meter_id)
        VALUES (278, '2012-2-2', false, 60);
INSERT INTO Meter_reading(value, date, paid, meter_id)
        VALUES (285, '2012-2-8', false, 60);
INSERT INTO Meter_reading(value, date, paid, meter_id)
        VALUES (294, '2012-2-16', false, 60);
INSERT INTO Meter_reading(value, date, paid, meter_id)
        VALUES (312, '2012-2-23', false, 60);
INSERT INTO Meter_reading(value, date, paid, meter_id)
        VALUES (335, '2012-3-10', false, 60);
INSERT INTO Meter_reading(value, date, paid, meter_id)
        VALUES (355, '2012-3-17', false, 60);
INSERT INTO Meter_reading(value, date, paid, meter_id)
        VALUES (358, '2012-3-18', false, 60);
INSERT INTO Meter_reading(value, date, paid, meter_id)
        VALUES (270, '2012-1-4', false, 61);
INSERT INTO Meter_reading(value, date, paid, meter_id)
        VALUES (292, '2012-1-15', false, 61);
INSERT INTO Meter_reading(value, date, paid, meter_id)
        VALUES (295, '2012-1-20', false, 61);
INSERT INTO Meter_reading(value, date, paid, meter_id)
        VALUES (296, '2012-1-25', false, 61);
INSERT INTO Meter_reading(value, date, paid, meter_id)
        VALUES (300, '2012-2-8', false, 61);
INSERT INTO Meter_reading(value, date, paid, meter_id)
        VALUES (313, '2012-2-16', false, 61);
INSERT INTO Meter_reading(value, date, paid, meter_id)
        VALUES (320, '2012-2-25', false, 61);
INSERT INTO Meter_reading(value, date, paid, meter_id)
        VALUES (321, '2012-3-9', false, 61);
INSERT INTO person(person_id, name, surname, paternal_name, registration_date, email, password_hash, is_admin) 
    VALUES (31, 'test31', 'test31', '', '01/01/2012', 'test31', '098f6bcd4621d373cade4e832627b4f6', false);
INSERT INTO dweller VALUES (31);
INSERT INTO flat(flat_id, area, flat_number, balance, cladr_id, building_id)
    VALUES (31, 142, 31, 0, 1, 1);
INSERT INTO dweller_lives_in_flat(person_id, flat_id)
    VALUES (31, 31);
INSERT INTO meter(meter_id, installation_date, type, title, meter_unit_id, active, flat_id)
    VALUES (62, '01/01/2012', 'Water', 'Cold water in kitchen test31', 1, true, 31);
INSERT INTO meter(meter_id, installation_date, type, title, meter_unit_id, active, flat_id)
    VALUES (63, '01/01/2012', 'Electricity', 'Electricity in hall test31', 2, true, 31);
INSERT INTO Meter_reading(value, date, paid, meter_id)
        VALUES (194, '2012-1-13', false, 62);
INSERT INTO Meter_reading(value, date, paid, meter_id)
        VALUES (213, '2012-1-17', false, 62);
INSERT INTO Meter_reading(value, date, paid, meter_id)
        VALUES (228, '2012-1-25', false, 62);
INSERT INTO Meter_reading(value, date, paid, meter_id)
        VALUES (251, '2012-2-5', false, 62);
INSERT INTO Meter_reading(value, date, paid, meter_id)
        VALUES (266, '2012-2-13', false, 62);
INSERT INTO Meter_reading(value, date, paid, meter_id)
        VALUES (273, '2012-2-20', false, 62);
INSERT INTO Meter_reading(value, date, paid, meter_id)
        VALUES (296, '2012-3-2', false, 62);
INSERT INTO Meter_reading(value, date, paid, meter_id)
        VALUES (318, '2012-3-15', false, 62);
INSERT INTO Meter_reading(value, date, paid, meter_id)
        VALUES (347, '2012-3-17', false, 62);
INSERT INTO Meter_reading(value, date, paid, meter_id)
        VALUES (371, '2012-3-22', false, 62);
INSERT INTO Meter_reading(value, date, paid, meter_id)
        VALUES (398, '2012-4-1', false, 62);
INSERT INTO Meter_reading(value, date, paid, meter_id)
        VALUES (328, '2012-1-10', false, 63);
INSERT INTO Meter_reading(value, date, paid, meter_id)
        VALUES (401, '2012-1-11', false, 63);
INSERT INTO Meter_reading(value, date, paid, meter_id)
        VALUES (405, '2012-1-13', false, 63);
INSERT INTO Meter_reading(value, date, paid, meter_id)
        VALUES (424, '2012-1-16', false, 63);
INSERT INTO Meter_reading(value, date, paid, meter_id)
        VALUES (456, '2012-1-27', false, 63);
INSERT INTO Meter_reading(value, date, paid, meter_id)
        VALUES (531, '2012-2-1', false, 63);
INSERT INTO Meter_reading(value, date, paid, meter_id)
        VALUES (548, '2012-2-9', false, 63);
INSERT INTO Meter_reading(value, date, paid, meter_id)
        VALUES (563, '2012-2-16', false, 63);
INSERT INTO Meter_reading(value, date, paid, meter_id)
        VALUES (568, '2012-2-18', false, 63);
INSERT INTO Meter_reading(value, date, paid, meter_id)
        VALUES (612, '2012-2-27', false, 63);
INSERT INTO Meter_reading(value, date, paid, meter_id)
        VALUES (676, '2012-3-6', false, 63);
INSERT INTO Meter_reading(value, date, paid, meter_id)
        VALUES (752, '2012-3-15', false, 63);
INSERT INTO Meter_reading(value, date, paid, meter_id)
        VALUES (761, '2012-3-23', false, 63);
INSERT INTO Meter_reading(value, date, paid, meter_id)
        VALUES (765, '2012-3-27', false, 63);
INSERT INTO person(person_id, name, surname, paternal_name, registration_date, email, password_hash, is_admin) 
    VALUES (32, 'test32', 'test32', '', '01/01/2012', 'test32', '098f6bcd4621d373cade4e832627b4f6', false);
INSERT INTO dweller VALUES (32);
INSERT INTO flat(flat_id, area, flat_number, balance, cladr_id, building_id)
    VALUES (32, 68, 32, 0, 1, 1);
INSERT INTO dweller_lives_in_flat(person_id, flat_id)
    VALUES (32, 32);
INSERT INTO meter(meter_id, installation_date, type, title, meter_unit_id, active, flat_id)
    VALUES (64, '01/01/2012', 'Water', 'Cold water in kitchen test32', 1, true, 32);
INSERT INTO meter(meter_id, installation_date, type, title, meter_unit_id, active, flat_id)
    VALUES (65, '01/01/2012', 'Electricity', 'Electricity in hall test32', 2, true, 32);
INSERT INTO Meter_reading(value, date, paid, meter_id)
        VALUES (11, '2012-1-5', false, 64);
INSERT INTO Meter_reading(value, date, paid, meter_id)
        VALUES (38, '2012-1-6', false, 64);
INSERT INTO Meter_reading(value, date, paid, meter_id)
        VALUES (49, '2012-1-10', false, 64);
INSERT INTO Meter_reading(value, date, paid, meter_id)
        VALUES (70, '2012-1-18', false, 64);
INSERT INTO Meter_reading(value, date, paid, meter_id)
        VALUES (93, '2012-1-20', false, 64);
INSERT INTO Meter_reading(value, date, paid, meter_id)
        VALUES (123, '2012-1-21', false, 64);
INSERT INTO Meter_reading(value, date, paid, meter_id)
        VALUES (146, '2012-2-3', false, 64);
INSERT INTO Meter_reading(value, date, paid, meter_id)
        VALUES (148, '2012-2-14', false, 64);
INSERT INTO Meter_reading(value, date, paid, meter_id)
        VALUES (162, '2012-2-19', false, 64);
INSERT INTO Meter_reading(value, date, paid, meter_id)
        VALUES (275, '2012-1-3', false, 65);
INSERT INTO Meter_reading(value, date, paid, meter_id)
        VALUES (296, '2012-1-8', false, 65);
INSERT INTO Meter_reading(value, date, paid, meter_id)
        VALUES (298, '2012-1-9', false, 65);
INSERT INTO Meter_reading(value, date, paid, meter_id)
        VALUES (311, '2012-1-16', false, 65);
INSERT INTO Meter_reading(value, date, paid, meter_id)
        VALUES (325, '2012-1-25', false, 65);
INSERT INTO Meter_reading(value, date, paid, meter_id)
        VALUES (353, '2012-2-6', false, 65);
INSERT INTO Meter_reading(value, date, paid, meter_id)
        VALUES (362, '2012-2-8', false, 65);
INSERT INTO person(person_id, name, surname, paternal_name, registration_date, email, password_hash, is_admin) 
    VALUES (33, 'test33', 'test33', '', '01/01/2012', 'test33', '098f6bcd4621d373cade4e832627b4f6', false);
INSERT INTO dweller VALUES (33);
INSERT INTO flat(flat_id, area, flat_number, balance, cladr_id, building_id)
    VALUES (33, 281, 33, 0, 1, 1);
INSERT INTO dweller_lives_in_flat(person_id, flat_id)
    VALUES (33, 33);
INSERT INTO meter(meter_id, installation_date, type, title, meter_unit_id, active, flat_id)
    VALUES (66, '01/01/2012', 'Water', 'Cold water in kitchen test33', 1, true, 33);
INSERT INTO meter(meter_id, installation_date, type, title, meter_unit_id, active, flat_id)
    VALUES (67, '01/01/2012', 'Electricity', 'Electricity in hall test33', 2, true, 33);
INSERT INTO Meter_reading(value, date, paid, meter_id)
        VALUES (305, '2012-1-7', false, 66);
INSERT INTO Meter_reading(value, date, paid, meter_id)
        VALUES (313, '2012-1-9', false, 66);
INSERT INTO Meter_reading(value, date, paid, meter_id)
        VALUES (335, '2012-1-22', false, 66);
INSERT INTO Meter_reading(value, date, paid, meter_id)
        VALUES (351, '2012-2-6', false, 66);
INSERT INTO Meter_reading(value, date, paid, meter_id)
        VALUES (379, '2012-2-10', false, 66);
INSERT INTO Meter_reading(value, date, paid, meter_id)
        VALUES (386, '2012-2-17', false, 66);
INSERT INTO Meter_reading(value, date, paid, meter_id)
        VALUES (412, '2012-2-24', false, 66);
INSERT INTO Meter_reading(value, date, paid, meter_id)
        VALUES (413, '2012-3-2', false, 66);
INSERT INTO Meter_reading(value, date, paid, meter_id)
        VALUES (313, '2012-1-11', false, 67);
INSERT INTO Meter_reading(value, date, paid, meter_id)
        VALUES (362, '2012-1-22', false, 67);
INSERT INTO Meter_reading(value, date, paid, meter_id)
        VALUES (392, '2012-2-8', false, 67);
INSERT INTO Meter_reading(value, date, paid, meter_id)
        VALUES (445, '2012-2-10', false, 67);
INSERT INTO Meter_reading(value, date, paid, meter_id)
        VALUES (497, '2012-2-13', false, 67);
INSERT INTO Meter_reading(value, date, paid, meter_id)
        VALUES (555, '2012-2-26', false, 67);
INSERT INTO Meter_reading(value, date, paid, meter_id)
        VALUES (559, '2012-3-6', false, 67);
INSERT INTO Meter_reading(value, date, paid, meter_id)
        VALUES (585, '2012-3-17', false, 67);
INSERT INTO Meter_reading(value, date, paid, meter_id)
        VALUES (594, '2012-3-18', false, 67);
INSERT INTO Meter_reading(value, date, paid, meter_id)
        VALUES (610, '2012-4-4', false, 67);
INSERT INTO person(person_id, name, surname, paternal_name, registration_date, email, password_hash, is_admin) 
    VALUES (34, 'test34', 'test34', '', '01/01/2012', 'test34', '098f6bcd4621d373cade4e832627b4f6', false);
INSERT INTO dweller VALUES (34);
INSERT INTO flat(flat_id, area, flat_number, balance, cladr_id, building_id)
    VALUES (34, 252, 34, 0, 1, 1);
INSERT INTO dweller_lives_in_flat(person_id, flat_id)
    VALUES (34, 34);
INSERT INTO meter(meter_id, installation_date, type, title, meter_unit_id, active, flat_id)
    VALUES (68, '01/01/2012', 'Water', 'Cold water in kitchen test34', 1, true, 34);
INSERT INTO meter(meter_id, installation_date, type, title, meter_unit_id, active, flat_id)
    VALUES (69, '01/01/2012', 'Electricity', 'Electricity in hall test34', 2, true, 34);
INSERT INTO Meter_reading(value, date, paid, meter_id)
        VALUES (237, '2012-1-15', false, 68);
INSERT INTO Meter_reading(value, date, paid, meter_id)
        VALUES (264, '2012-1-18', false, 68);
INSERT INTO Meter_reading(value, date, paid, meter_id)
        VALUES (290, '2012-1-25', false, 68);
INSERT INTO Meter_reading(value, date, paid, meter_id)
        VALUES (291, '2012-2-8', false, 68);
INSERT INTO Meter_reading(value, date, paid, meter_id)
        VALUES (309, '2012-2-20', false, 68);
INSERT INTO Meter_reading(value, date, paid, meter_id)
        VALUES (332, '2012-3-3', false, 68);
INSERT INTO Meter_reading(value, date, paid, meter_id)
        VALUES (344, '2012-3-17', false, 68);
INSERT INTO Meter_reading(value, date, paid, meter_id)
        VALUES (358, '2012-3-20', false, 68);
INSERT INTO Meter_reading(value, date, paid, meter_id)
        VALUES (371, '2012-4-7', false, 68);
INSERT INTO Meter_reading(value, date, paid, meter_id)
        VALUES (384, '2012-4-11', false, 68);
INSERT INTO Meter_reading(value, date, paid, meter_id)
        VALUES (396, '2012-4-13', false, 68);
INSERT INTO Meter_reading(value, date, paid, meter_id)
        VALUES (416, '2012-4-15', false, 68);
INSERT INTO Meter_reading(value, date, paid, meter_id)
        VALUES (116, '2012-1-8', false, 69);
INSERT INTO Meter_reading(value, date, paid, meter_id)
        VALUES (130, '2012-1-10', false, 69);
INSERT INTO Meter_reading(value, date, paid, meter_id)
        VALUES (132, '2012-1-14', false, 69);
INSERT INTO Meter_reading(value, date, paid, meter_id)
        VALUES (148, '2012-1-15', false, 69);
INSERT INTO Meter_reading(value, date, paid, meter_id)
        VALUES (168, '2012-1-27', false, 69);
INSERT INTO Meter_reading(value, date, paid, meter_id)
        VALUES (177, '2012-2-10', false, 69);
INSERT INTO Meter_reading(value, date, paid, meter_id)
        VALUES (187, '2012-2-12', false, 69);
INSERT INTO Meter_reading(value, date, paid, meter_id)
        VALUES (203, '2012-2-24', false, 69);
INSERT INTO Meter_reading(value, date, paid, meter_id)
        VALUES (217, '2012-3-2', false, 69);
INSERT INTO Meter_reading(value, date, paid, meter_id)
        VALUES (225, '2012-3-16', false, 69);
INSERT INTO Meter_reading(value, date, paid, meter_id)
        VALUES (230, '2012-3-21', false, 69);
INSERT INTO Meter_reading(value, date, paid, meter_id)
        VALUES (248, '2012-4-7', false, 69);
INSERT INTO Meter_reading(value, date, paid, meter_id)
        VALUES (253, '2012-4-9', false, 69);
INSERT INTO person(person_id, name, surname, paternal_name, registration_date, email, password_hash, is_admin) 
    VALUES (35, 'test35', 'test35', '', '01/01/2012', 'test35', '098f6bcd4621d373cade4e832627b4f6', false);
INSERT INTO dweller VALUES (35);
INSERT INTO flat(flat_id, area, flat_number, balance, cladr_id, building_id)
    VALUES (35, 78, 35, 0, 1, 1);
INSERT INTO dweller_lives_in_flat(person_id, flat_id)
    VALUES (35, 35);
INSERT INTO meter(meter_id, installation_date, type, title, meter_unit_id, active, flat_id)
    VALUES (70, '01/01/2012', 'Water', 'Cold water in kitchen test35', 1, true, 35);
INSERT INTO meter(meter_id, installation_date, type, title, meter_unit_id, active, flat_id)
    VALUES (71, '01/01/2012', 'Electricity', 'Electricity in hall test35', 2, true, 35);
INSERT INTO Meter_reading(value, date, paid, meter_id)
        VALUES (24, '2012-1-6', false, 70);
INSERT INTO Meter_reading(value, date, paid, meter_id)
        VALUES (36, '2012-1-8', false, 70);
INSERT INTO Meter_reading(value, date, paid, meter_id)
        VALUES (46, '2012-1-21', false, 70);
INSERT INTO Meter_reading(value, date, paid, meter_id)
        VALUES (79, '2012-1-27', false, 70);
INSERT INTO Meter_reading(value, date, paid, meter_id)
        VALUES (99, '2012-2-14', false, 70);
INSERT INTO Meter_reading(value, date, paid, meter_id)
        VALUES (124, '2012-2-20', false, 70);
INSERT INTO Meter_reading(value, date, paid, meter_id)
        VALUES (141, '2012-2-27', false, 70);
INSERT INTO Meter_reading(value, date, paid, meter_id)
        VALUES (143, '2012-1-12', false, 71);
INSERT INTO Meter_reading(value, date, paid, meter_id)
        VALUES (153, '2012-1-14', false, 71);
INSERT INTO Meter_reading(value, date, paid, meter_id)
        VALUES (192, '2012-1-24', false, 71);
INSERT INTO Meter_reading(value, date, paid, meter_id)
        VALUES (224, '2012-2-3', false, 71);
INSERT INTO Meter_reading(value, date, paid, meter_id)
        VALUES (228, '2012-2-10', false, 71);
INSERT INTO Meter_reading(value, date, paid, meter_id)
        VALUES (247, '2012-2-15', false, 71);
INSERT INTO Meter_reading(value, date, paid, meter_id)
        VALUES (283, '2012-2-18', false, 71);
INSERT INTO person(person_id, name, surname, paternal_name, registration_date, email, password_hash, is_admin) 
    VALUES (36, 'test36', 'test36', '', '01/01/2012', 'test36', '098f6bcd4621d373cade4e832627b4f6', false);
INSERT INTO dweller VALUES (36);
INSERT INTO flat(flat_id, area, flat_number, balance, cladr_id, building_id)
    VALUES (36, 168, 36, 0, 1, 1);
INSERT INTO dweller_lives_in_flat(person_id, flat_id)
    VALUES (36, 36);
INSERT INTO meter(meter_id, installation_date, type, title, meter_unit_id, active, flat_id)
    VALUES (72, '01/01/2012', 'Water', 'Cold water in kitchen test36', 1, true, 36);
INSERT INTO meter(meter_id, installation_date, type, title, meter_unit_id, active, flat_id)
    VALUES (73, '01/01/2012', 'Electricity', 'Electricity in hall test36', 2, true, 36);
INSERT INTO Meter_reading(value, date, paid, meter_id)
        VALUES (63, '2012-1-13', false, 72);
INSERT INTO Meter_reading(value, date, paid, meter_id)
        VALUES (81, '2012-1-27', false, 72);
INSERT INTO Meter_reading(value, date, paid, meter_id)
        VALUES (105, '2012-2-9', false, 72);
INSERT INTO Meter_reading(value, date, paid, meter_id)
        VALUES (111, '2012-2-20', false, 72);
INSERT INTO Meter_reading(value, date, paid, meter_id)
        VALUES (128, '2012-2-25', false, 72);
INSERT INTO Meter_reading(value, date, paid, meter_id)
        VALUES (288, '2012-1-7', false, 73);
INSERT INTO Meter_reading(value, date, paid, meter_id)
        VALUES (301, '2012-1-15', false, 73);
INSERT INTO Meter_reading(value, date, paid, meter_id)
        VALUES (330, '2012-1-24', false, 73);
INSERT INTO Meter_reading(value, date, paid, meter_id)
        VALUES (340, '2012-1-25', false, 73);
INSERT INTO Meter_reading(value, date, paid, meter_id)
        VALUES (355, '2012-1-26', false, 73);
INSERT INTO Meter_reading(value, date, paid, meter_id)
        VALUES (369, '2012-2-2', false, 73);
INSERT INTO Meter_reading(value, date, paid, meter_id)
        VALUES (371, '2012-2-12', false, 73);
INSERT INTO Meter_reading(value, date, paid, meter_id)
        VALUES (386, '2012-2-13', false, 73);
INSERT INTO Meter_reading(value, date, paid, meter_id)
        VALUES (403, '2012-2-26', false, 73);
INSERT INTO Meter_reading(value, date, paid, meter_id)
        VALUES (417, '2012-3-9', false, 73);
INSERT INTO Meter_reading(value, date, paid, meter_id)
        VALUES (430, '2012-3-22', false, 73);
INSERT INTO person(person_id, name, surname, paternal_name, registration_date, email, password_hash, is_admin) 
    VALUES (37, 'test37', 'test37', '', '01/01/2012', 'test37', '098f6bcd4621d373cade4e832627b4f6', false);
INSERT INTO dweller VALUES (37);
INSERT INTO flat(flat_id, area, flat_number, balance, cladr_id, building_id)
    VALUES (37, 235, 37, 0, 1, 1);
INSERT INTO dweller_lives_in_flat(person_id, flat_id)
    VALUES (37, 37);
INSERT INTO meter(meter_id, installation_date, type, title, meter_unit_id, active, flat_id)
    VALUES (74, '01/01/2012', 'Water', 'Cold water in kitchen test37', 1, true, 37);
INSERT INTO meter(meter_id, installation_date, type, title, meter_unit_id, active, flat_id)
    VALUES (75, '01/01/2012', 'Electricity', 'Electricity in hall test37', 2, true, 37);
INSERT INTO Meter_reading(value, date, paid, meter_id)
        VALUES (94, '2012-1-8', false, 74);
INSERT INTO Meter_reading(value, date, paid, meter_id)
        VALUES (117, '2012-1-9', false, 74);
INSERT INTO Meter_reading(value, date, paid, meter_id)
        VALUES (118, '2012-1-11', false, 74);
INSERT INTO Meter_reading(value, date, paid, meter_id)
        VALUES (128, '2012-1-24', false, 74);
INSERT INTO Meter_reading(value, date, paid, meter_id)
        VALUES (143, '2012-1-27', false, 74);
INSERT INTO Meter_reading(value, date, paid, meter_id)
        VALUES (150, '2012-2-5', false, 74);
INSERT INTO Meter_reading(value, date, paid, meter_id)
        VALUES (213, '2012-1-12', false, 75);
INSERT INTO Meter_reading(value, date, paid, meter_id)
        VALUES (227, '2012-1-22', false, 75);
INSERT INTO Meter_reading(value, date, paid, meter_id)
        VALUES (228, '2012-1-25', false, 75);
INSERT INTO Meter_reading(value, date, paid, meter_id)
        VALUES (257, '2012-2-10', false, 75);
INSERT INTO Meter_reading(value, date, paid, meter_id)
        VALUES (264, '2012-2-23', false, 75);
INSERT INTO person(person_id, name, surname, paternal_name, registration_date, email, password_hash, is_admin) 
    VALUES (38, 'test38', 'test38', '', '01/01/2012', 'test38', '098f6bcd4621d373cade4e832627b4f6', false);
INSERT INTO dweller VALUES (38);
INSERT INTO flat(flat_id, area, flat_number, balance, cladr_id, building_id)
    VALUES (38, 167, 38, 0, 1, 1);
INSERT INTO dweller_lives_in_flat(person_id, flat_id)
    VALUES (38, 38);
INSERT INTO meter(meter_id, installation_date, type, title, meter_unit_id, active, flat_id)
    VALUES (76, '01/01/2012', 'Water', 'Cold water in kitchen test38', 1, true, 38);
INSERT INTO meter(meter_id, installation_date, type, title, meter_unit_id, active, flat_id)
    VALUES (77, '01/01/2012', 'Electricity', 'Electricity in hall test38', 2, true, 38);
INSERT INTO Meter_reading(value, date, paid, meter_id)
        VALUES (28, '2012-1-12', false, 76);
INSERT INTO Meter_reading(value, date, paid, meter_id)
        VALUES (38, '2012-1-21', false, 76);
INSERT INTO Meter_reading(value, date, paid, meter_id)
        VALUES (51, '2012-2-1', false, 76);
INSERT INTO Meter_reading(value, date, paid, meter_id)
        VALUES (52, '2012-2-4', false, 76);
INSERT INTO Meter_reading(value, date, paid, meter_id)
        VALUES (67, '2012-2-16', false, 76);
INSERT INTO Meter_reading(value, date, paid, meter_id)
        VALUES (71, '2012-2-25', false, 76);
INSERT INTO Meter_reading(value, date, paid, meter_id)
        VALUES (93, '2012-3-2', false, 76);
INSERT INTO Meter_reading(value, date, paid, meter_id)
        VALUES (98, '2012-3-13', false, 76);
INSERT INTO Meter_reading(value, date, paid, meter_id)
        VALUES (101, '2012-3-17', false, 76);
INSERT INTO Meter_reading(value, date, paid, meter_id)
        VALUES (130, '2012-3-22', false, 76);
INSERT INTO Meter_reading(value, date, paid, meter_id)
        VALUES (142, '2012-3-24', false, 76);
INSERT INTO Meter_reading(value, date, paid, meter_id)
        VALUES (152, '2012-4-8', false, 76);
INSERT INTO Meter_reading(value, date, paid, meter_id)
        VALUES (163, '2012-4-22', false, 76);
INSERT INTO Meter_reading(value, date, paid, meter_id)
        VALUES (25, '2012-1-15', false, 77);
INSERT INTO Meter_reading(value, date, paid, meter_id)
        VALUES (45, '2012-1-22', false, 77);
INSERT INTO Meter_reading(value, date, paid, meter_id)
        VALUES (72, '2012-1-24', false, 77);
INSERT INTO Meter_reading(value, date, paid, meter_id)
        VALUES (97, '2012-1-26', false, 77);
INSERT INTO Meter_reading(value, date, paid, meter_id)
        VALUES (117, '2012-2-3', false, 77);
INSERT INTO Meter_reading(value, date, paid, meter_id)
        VALUES (141, '2012-2-8', false, 77);
INSERT INTO person(person_id, name, surname, paternal_name, registration_date, email, password_hash, is_admin) 
    VALUES (39, 'test39', 'test39', '', '01/01/2012', 'test39', '098f6bcd4621d373cade4e832627b4f6', false);
INSERT INTO dweller VALUES (39);
INSERT INTO flat(flat_id, area, flat_number, balance, cladr_id, building_id)
    VALUES (39, 128, 39, 0, 1, 1);
INSERT INTO dweller_lives_in_flat(person_id, flat_id)
    VALUES (39, 39);
INSERT INTO meter(meter_id, installation_date, type, title, meter_unit_id, active, flat_id)
    VALUES (78, '01/01/2012', 'Water', 'Cold water in kitchen test39', 1, true, 39);
INSERT INTO meter(meter_id, installation_date, type, title, meter_unit_id, active, flat_id)
    VALUES (79, '01/01/2012', 'Electricity', 'Electricity in hall test39', 2, true, 39);
INSERT INTO Meter_reading(value, date, paid, meter_id)
        VALUES (263, '2012-1-8', false, 78);
INSERT INTO Meter_reading(value, date, paid, meter_id)
        VALUES (267, '2012-1-20', false, 78);
INSERT INTO Meter_reading(value, date, paid, meter_id)
        VALUES (268, '2012-1-24', false, 78);
INSERT INTO Meter_reading(value, date, paid, meter_id)
        VALUES (269, '2012-2-1', false, 78);
INSERT INTO Meter_reading(value, date, paid, meter_id)
        VALUES (273, '2012-2-12', false, 78);
INSERT INTO Meter_reading(value, date, paid, meter_id)
        VALUES (276, '2012-2-23', false, 78);
INSERT INTO Meter_reading(value, date, paid, meter_id)
        VALUES (279, '2012-2-25', false, 78);
INSERT INTO Meter_reading(value, date, paid, meter_id)
        VALUES (283, '2012-1-7', false, 79);
INSERT INTO Meter_reading(value, date, paid, meter_id)
        VALUES (289, '2012-1-19', false, 79);
INSERT INTO Meter_reading(value, date, paid, meter_id)
        VALUES (299, '2012-2-1', false, 79);
INSERT INTO Meter_reading(value, date, paid, meter_id)
        VALUES (314, '2012-2-10', false, 79);
INSERT INTO Meter_reading(value, date, paid, meter_id)
        VALUES (333, '2012-2-23', false, 79);
INSERT INTO Meter_reading(value, date, paid, meter_id)
        VALUES (339, '2012-3-4', false, 79);
INSERT INTO Meter_reading(value, date, paid, meter_id)
        VALUES (343, '2012-3-9', false, 79);
INSERT INTO Meter_reading(value, date, paid, meter_id)
        VALUES (361, '2012-3-23', false, 79);
INSERT INTO Meter_reading(value, date, paid, meter_id)
        VALUES (376, '2012-4-1', false, 79);
INSERT INTO Meter_reading(value, date, paid, meter_id)
        VALUES (378, '2012-4-15', false, 79);
INSERT INTO Meter_reading(value, date, paid, meter_id)
        VALUES (395, '2012-4-22', false, 79);
INSERT INTO Meter_reading(value, date, paid, meter_id)
        VALUES (401, '2012-5-3', false, 79);
INSERT INTO Meter_reading(value, date, paid, meter_id)
        VALUES (430, '2012-5-15', false, 79);
INSERT INTO person(person_id, name, surname, paternal_name, registration_date, email, password_hash, is_admin) 
    VALUES (40, 'test40', 'test40', '', '01/01/2012', 'test40', '098f6bcd4621d373cade4e832627b4f6', false);
INSERT INTO dweller VALUES (40);
INSERT INTO flat(flat_id, area, flat_number, balance, cladr_id, building_id)
    VALUES (40, 232, 40, 0, 1, 1);
INSERT INTO dweller_lives_in_flat(person_id, flat_id)
    VALUES (40, 40);
INSERT INTO meter(meter_id, installation_date, type, title, meter_unit_id, active, flat_id)
    VALUES (80, '01/01/2012', 'Water', 'Cold water in kitchen test40', 1, true, 40);
INSERT INTO meter(meter_id, installation_date, type, title, meter_unit_id, active, flat_id)
    VALUES (81, '01/01/2012', 'Electricity', 'Electricity in hall test40', 2, true, 40);
INSERT INTO Meter_reading(value, date, paid, meter_id)
        VALUES (317, '2012-1-12', false, 80);
INSERT INTO Meter_reading(value, date, paid, meter_id)
        VALUES (382, '2012-1-19', false, 80);
INSERT INTO Meter_reading(value, date, paid, meter_id)
        VALUES (452, '2012-2-1', false, 80);
INSERT INTO Meter_reading(value, date, paid, meter_id)
        VALUES (475, '2012-2-14', false, 80);
INSERT INTO Meter_reading(value, date, paid, meter_id)
        VALUES (552, '2012-2-15', false, 80);
INSERT INTO Meter_reading(value, date, paid, meter_id)
        VALUES (42, '2012-1-14', false, 81);
INSERT INTO Meter_reading(value, date, paid, meter_id)
        VALUES (43, '2012-1-20', false, 81);
INSERT INTO Meter_reading(value, date, paid, meter_id)
        VALUES (46, '2012-2-3', false, 81);
INSERT INTO Meter_reading(value, date, paid, meter_id)
        VALUES (58, '2012-2-12', false, 81);
INSERT INTO Meter_reading(value, date, paid, meter_id)
        VALUES (78, '2012-2-14', false, 81);
INSERT INTO Meter_reading(value, date, paid, meter_id)
        VALUES (85, '2012-2-16', false, 81);
INSERT INTO Meter_reading(value, date, paid, meter_id)
        VALUES (105, '2012-3-1', false, 81);
INSERT INTO person(person_id, name, surname, paternal_name, registration_date, email, password_hash, is_admin) 
    VALUES (41, 'test41', 'test41', '', '01/01/2012', 'test41', '098f6bcd4621d373cade4e832627b4f6', false);
INSERT INTO dweller VALUES (41);
INSERT INTO flat(flat_id, area, flat_number, balance, cladr_id, building_id)
    VALUES (41, 252, 41, 0, 1, 1);
INSERT INTO dweller_lives_in_flat(person_id, flat_id)
    VALUES (41, 41);
INSERT INTO meter(meter_id, installation_date, type, title, meter_unit_id, active, flat_id)
    VALUES (82, '01/01/2012', 'Water', 'Cold water in kitchen test41', 1, true, 41);
INSERT INTO meter(meter_id, installation_date, type, title, meter_unit_id, active, flat_id)
    VALUES (83, '01/01/2012', 'Electricity', 'Electricity in hall test41', 2, true, 41);
INSERT INTO Meter_reading(value, date, paid, meter_id)
        VALUES (328, '2012-1-8', false, 82);
INSERT INTO Meter_reading(value, date, paid, meter_id)
        VALUES (346, '2012-1-22', false, 82);
INSERT INTO Meter_reading(value, date, paid, meter_id)
        VALUES (358, '2012-2-1', false, 82);
INSERT INTO Meter_reading(value, date, paid, meter_id)
        VALUES (385, '2012-2-2', false, 82);
INSERT INTO Meter_reading(value, date, paid, meter_id)
        VALUES (394, '2012-2-13', false, 82);
INSERT INTO Meter_reading(value, date, paid, meter_id)
        VALUES (400, '2012-2-21', false, 82);
INSERT INTO Meter_reading(value, date, paid, meter_id)
        VALUES (415, '2012-3-8', false, 82);
INSERT INTO Meter_reading(value, date, paid, meter_id)
        VALUES (140, '2012-1-16', false, 83);
INSERT INTO Meter_reading(value, date, paid, meter_id)
        VALUES (156, '2012-1-27', false, 83);
INSERT INTO Meter_reading(value, date, paid, meter_id)
        VALUES (193, '2012-2-11', false, 83);
INSERT INTO Meter_reading(value, date, paid, meter_id)
        VALUES (205, '2012-2-14', false, 83);
INSERT INTO Meter_reading(value, date, paid, meter_id)
        VALUES (227, '2012-2-21', false, 83);
INSERT INTO Meter_reading(value, date, paid, meter_id)
        VALUES (242, '2012-3-1', false, 83);
INSERT INTO Meter_reading(value, date, paid, meter_id)
        VALUES (286, '2012-3-15', false, 83);
INSERT INTO Meter_reading(value, date, paid, meter_id)
        VALUES (306, '2012-4-2', false, 83);
INSERT INTO person(person_id, name, surname, paternal_name, registration_date, email, password_hash, is_admin) 
    VALUES (42, 'test42', 'test42', '', '01/01/2012', 'test42', '098f6bcd4621d373cade4e832627b4f6', false);
INSERT INTO dweller VALUES (42);
INSERT INTO flat(flat_id, area, flat_number, balance, cladr_id, building_id)
    VALUES (42, 209, 42, 0, 1, 1);
INSERT INTO dweller_lives_in_flat(person_id, flat_id)
    VALUES (42, 42);
INSERT INTO meter(meter_id, installation_date, type, title, meter_unit_id, active, flat_id)
    VALUES (84, '01/01/2012', 'Water', 'Cold water in kitchen test42', 1, true, 42);
INSERT INTO meter(meter_id, installation_date, type, title, meter_unit_id, active, flat_id)
    VALUES (85, '01/01/2012', 'Electricity', 'Electricity in hall test42', 2, true, 42);
INSERT INTO Meter_reading(value, date, paid, meter_id)
        VALUES (85, '2012-1-15', false, 84);
INSERT INTO Meter_reading(value, date, paid, meter_id)
        VALUES (110, '2012-1-18', false, 84);
INSERT INTO Meter_reading(value, date, paid, meter_id)
        VALUES (134, '2012-1-23', false, 84);
INSERT INTO Meter_reading(value, date, paid, meter_id)
        VALUES (157, '2012-1-24', false, 84);
INSERT INTO Meter_reading(value, date, paid, meter_id)
        VALUES (172, '2012-1-26', false, 84);
INSERT INTO Meter_reading(value, date, paid, meter_id)
        VALUES (183, '2012-2-5', false, 84);
INSERT INTO Meter_reading(value, date, paid, meter_id)
        VALUES (144, '2012-1-6', false, 85);
INSERT INTO Meter_reading(value, date, paid, meter_id)
        VALUES (171, '2012-1-19', false, 85);
INSERT INTO Meter_reading(value, date, paid, meter_id)
        VALUES (193, '2012-2-2', false, 85);
INSERT INTO Meter_reading(value, date, paid, meter_id)
        VALUES (203, '2012-2-11', false, 85);
INSERT INTO Meter_reading(value, date, paid, meter_id)
        VALUES (217, '2012-2-21', false, 85);
INSERT INTO person(person_id, name, surname, paternal_name, registration_date, email, password_hash, is_admin) 
    VALUES (43, 'test43', 'test43', '', '01/01/2012', 'test43', '098f6bcd4621d373cade4e832627b4f6', false);
INSERT INTO dweller VALUES (43);
INSERT INTO flat(flat_id, area, flat_number, balance, cladr_id, building_id)
    VALUES (43, 302, 43, 0, 1, 1);
INSERT INTO dweller_lives_in_flat(person_id, flat_id)
    VALUES (43, 43);
INSERT INTO meter(meter_id, installation_date, type, title, meter_unit_id, active, flat_id)
    VALUES (86, '01/01/2012', 'Water', 'Cold water in kitchen test43', 1, true, 43);
INSERT INTO meter(meter_id, installation_date, type, title, meter_unit_id, active, flat_id)
    VALUES (87, '01/01/2012', 'Electricity', 'Electricity in hall test43', 2, true, 43);
INSERT INTO Meter_reading(value, date, paid, meter_id)
        VALUES (276, '2012-1-13', false, 86);
INSERT INTO Meter_reading(value, date, paid, meter_id)
        VALUES (313, '2012-1-20', false, 86);
INSERT INTO Meter_reading(value, date, paid, meter_id)
        VALUES (330, '2012-1-25', false, 86);
INSERT INTO Meter_reading(value, date, paid, meter_id)
        VALUES (359, '2012-2-4', false, 86);
INSERT INTO Meter_reading(value, date, paid, meter_id)
        VALUES (387, '2012-2-10', false, 86);
INSERT INTO Meter_reading(value, date, paid, meter_id)
        VALUES (410, '2012-2-21', false, 86);
INSERT INTO Meter_reading(value, date, paid, meter_id)
        VALUES (443, '2012-3-6', false, 86);
INSERT INTO Meter_reading(value, date, paid, meter_id)
        VALUES (482, '2012-3-15', false, 86);
INSERT INTO Meter_reading(value, date, paid, meter_id)
        VALUES (508, '2012-3-27', false, 86);
INSERT INTO Meter_reading(value, date, paid, meter_id)
        VALUES (519, '2012-4-9', false, 86);
INSERT INTO Meter_reading(value, date, paid, meter_id)
        VALUES (75, '2012-1-7', false, 87);
INSERT INTO Meter_reading(value, date, paid, meter_id)
        VALUES (81, '2012-1-8', false, 87);
INSERT INTO Meter_reading(value, date, paid, meter_id)
        VALUES (82, '2012-1-10', false, 87);
INSERT INTO Meter_reading(value, date, paid, meter_id)
        VALUES (92, '2012-1-17', false, 87);
INSERT INTO Meter_reading(value, date, paid, meter_id)
        VALUES (94, '2012-2-2', false, 87);
INSERT INTO Meter_reading(value, date, paid, meter_id)
        VALUES (95, '2012-2-15', false, 87);
INSERT INTO Meter_reading(value, date, paid, meter_id)
        VALUES (103, '2012-2-24', false, 87);
INSERT INTO Meter_reading(value, date, paid, meter_id)
        VALUES (113, '2012-3-7', false, 87);
INSERT INTO Meter_reading(value, date, paid, meter_id)
        VALUES (119, '2012-3-14', false, 87);
INSERT INTO Meter_reading(value, date, paid, meter_id)
        VALUES (126, '2012-3-27', false, 87);
INSERT INTO Meter_reading(value, date, paid, meter_id)
        VALUES (134, '2012-4-13', false, 87);
INSERT INTO person(person_id, name, surname, paternal_name, registration_date, email, password_hash, is_admin) 
    VALUES (44, 'test44', 'test44', '', '01/01/2012', 'test44', '098f6bcd4621d373cade4e832627b4f6', false);
INSERT INTO dweller VALUES (44);
INSERT INTO flat(flat_id, area, flat_number, balance, cladr_id, building_id)
    VALUES (44, 315, 44, 0, 1, 1);
INSERT INTO dweller_lives_in_flat(person_id, flat_id)
    VALUES (44, 44);
INSERT INTO meter(meter_id, installation_date, type, title, meter_unit_id, active, flat_id)
    VALUES (88, '01/01/2012', 'Water', 'Cold water in kitchen test44', 1, true, 44);
INSERT INTO meter(meter_id, installation_date, type, title, meter_unit_id, active, flat_id)
    VALUES (89, '01/01/2012', 'Electricity', 'Electricity in hall test44', 2, true, 44);
INSERT INTO Meter_reading(value, date, paid, meter_id)
        VALUES (131, '2012-1-10', false, 88);
INSERT INTO Meter_reading(value, date, paid, meter_id)
        VALUES (153, '2012-1-15', false, 88);
INSERT INTO Meter_reading(value, date, paid, meter_id)
        VALUES (179, '2012-1-17', false, 88);
INSERT INTO Meter_reading(value, date, paid, meter_id)
        VALUES (183, '2012-1-21', false, 88);
INSERT INTO Meter_reading(value, date, paid, meter_id)
        VALUES (187, '2012-2-5', false, 88);
INSERT INTO Meter_reading(value, date, paid, meter_id)
        VALUES (217, '2012-2-15', false, 88);
INSERT INTO Meter_reading(value, date, paid, meter_id)
        VALUES (258, '2012-2-19', false, 88);
INSERT INTO Meter_reading(value, date, paid, meter_id)
        VALUES (148, '2012-1-12', false, 89);
INSERT INTO Meter_reading(value, date, paid, meter_id)
        VALUES (150, '2012-1-16', false, 89);
INSERT INTO Meter_reading(value, date, paid, meter_id)
        VALUES (154, '2012-1-26', false, 89);
INSERT INTO Meter_reading(value, date, paid, meter_id)
        VALUES (156, '2012-2-3', false, 89);
INSERT INTO Meter_reading(value, date, paid, meter_id)
        VALUES (160, '2012-2-13', false, 89);
INSERT INTO Meter_reading(value, date, paid, meter_id)
        VALUES (164, '2012-2-26', false, 89);
INSERT INTO Meter_reading(value, date, paid, meter_id)
        VALUES (166, '2012-3-7', false, 89);
INSERT INTO Meter_reading(value, date, paid, meter_id)
        VALUES (169, '2012-3-18', false, 89);
INSERT INTO Meter_reading(value, date, paid, meter_id)
        VALUES (171, '2012-4-4', false, 89);
INSERT INTO Meter_reading(value, date, paid, meter_id)
        VALUES (174, '2012-4-6', false, 89);
INSERT INTO Meter_reading(value, date, paid, meter_id)
        VALUES (175, '2012-4-17', false, 89);
INSERT INTO Meter_reading(value, date, paid, meter_id)
        VALUES (178, '2012-4-19', false, 89);
INSERT INTO Meter_reading(value, date, paid, meter_id)
        VALUES (180, '2012-4-22', false, 89);
INSERT INTO person(person_id, name, surname, paternal_name, registration_date, email, password_hash, is_admin) 
    VALUES (45, 'test45', 'test45', '', '01/01/2012', 'test45', '098f6bcd4621d373cade4e832627b4f6', false);
INSERT INTO dweller VALUES (45);
INSERT INTO flat(flat_id, area, flat_number, balance, cladr_id, building_id)
    VALUES (45, 121, 45, 0, 1, 1);
INSERT INTO dweller_lives_in_flat(person_id, flat_id)
    VALUES (45, 45);
INSERT INTO meter(meter_id, installation_date, type, title, meter_unit_id, active, flat_id)
    VALUES (90, '01/01/2012', 'Water', 'Cold water in kitchen test45', 1, true, 45);
INSERT INTO meter(meter_id, installation_date, type, title, meter_unit_id, active, flat_id)
    VALUES (91, '01/01/2012', 'Electricity', 'Electricity in hall test45', 2, true, 45);
INSERT INTO Meter_reading(value, date, paid, meter_id)
        VALUES (132, '2012-1-14', false, 90);
INSERT INTO Meter_reading(value, date, paid, meter_id)
        VALUES (157, '2012-1-22', false, 90);
INSERT INTO Meter_reading(value, date, paid, meter_id)
        VALUES (195, '2012-2-9', false, 90);
INSERT INTO Meter_reading(value, date, paid, meter_id)
        VALUES (200, '2012-2-16', false, 90);
INSERT INTO Meter_reading(value, date, paid, meter_id)
        VALUES (202, '2012-2-21', false, 90);
INSERT INTO Meter_reading(value, date, paid, meter_id)
        VALUES (233, '2012-3-5', false, 90);
INSERT INTO Meter_reading(value, date, paid, meter_id)
        VALUES (251, '2012-3-14', false, 90);
INSERT INTO Meter_reading(value, date, paid, meter_id)
        VALUES (281, '2012-3-21', false, 90);
INSERT INTO Meter_reading(value, date, paid, meter_id)
        VALUES (307, '2012-3-24', false, 90);
INSERT INTO Meter_reading(value, date, paid, meter_id)
        VALUES (331, '2012-4-9', false, 90);
INSERT INTO Meter_reading(value, date, paid, meter_id)
        VALUES (352, '2012-4-13', false, 90);
INSERT INTO Meter_reading(value, date, paid, meter_id)
        VALUES (353, '2012-4-24', false, 90);
INSERT INTO Meter_reading(value, date, paid, meter_id)
        VALUES (401, '2012-5-1', false, 90);
INSERT INTO Meter_reading(value, date, paid, meter_id)
        VALUES (169, '2012-1-15', false, 91);
INSERT INTO Meter_reading(value, date, paid, meter_id)
        VALUES (191, '2012-1-17', false, 91);
INSERT INTO Meter_reading(value, date, paid, meter_id)
        VALUES (217, '2012-1-20', false, 91);
INSERT INTO Meter_reading(value, date, paid, meter_id)
        VALUES (231, '2012-1-27', false, 91);
INSERT INTO Meter_reading(value, date, paid, meter_id)
        VALUES (253, '2012-2-14', false, 91);
INSERT INTO Meter_reading(value, date, paid, meter_id)
        VALUES (261, '2012-2-26', false, 91);
INSERT INTO person(person_id, name, surname, paternal_name, registration_date, email, password_hash, is_admin) 
    VALUES (46, 'test46', 'test46', '', '01/01/2012', 'test46', '098f6bcd4621d373cade4e832627b4f6', false);
INSERT INTO dweller VALUES (46);
INSERT INTO flat(flat_id, area, flat_number, balance, cladr_id, building_id)
    VALUES (46, 268, 46, 0, 1, 1);
INSERT INTO dweller_lives_in_flat(person_id, flat_id)
    VALUES (46, 46);
INSERT INTO meter(meter_id, installation_date, type, title, meter_unit_id, active, flat_id)
    VALUES (92, '01/01/2012', 'Water', 'Cold water in kitchen test46', 1, true, 46);
INSERT INTO meter(meter_id, installation_date, type, title, meter_unit_id, active, flat_id)
    VALUES (93, '01/01/2012', 'Electricity', 'Electricity in hall test46', 2, true, 46);
INSERT INTO Meter_reading(value, date, paid, meter_id)
        VALUES (169, '2012-1-3', false, 92);
INSERT INTO Meter_reading(value, date, paid, meter_id)
        VALUES (174, '2012-1-13', false, 92);
INSERT INTO Meter_reading(value, date, paid, meter_id)
        VALUES (236, '2012-1-25', false, 92);
INSERT INTO Meter_reading(value, date, paid, meter_id)
        VALUES (243, '2012-2-7', false, 92);
INSERT INTO Meter_reading(value, date, paid, meter_id)
        VALUES (336, '2012-2-20', false, 92);
INSERT INTO Meter_reading(value, date, paid, meter_id)
        VALUES (384, '2012-3-1', false, 92);
INSERT INTO Meter_reading(value, date, paid, meter_id)
        VALUES (444, '2012-3-4', false, 92);
INSERT INTO Meter_reading(value, date, paid, meter_id)
        VALUES (473, '2012-3-13', false, 92);
INSERT INTO Meter_reading(value, date, paid, meter_id)
        VALUES (569, '2012-3-17', false, 92);
INSERT INTO Meter_reading(value, date, paid, meter_id)
        VALUES (587, '2012-4-4', false, 92);
INSERT INTO Meter_reading(value, date, paid, meter_id)
        VALUES (672, '2012-4-14', false, 92);
INSERT INTO Meter_reading(value, date, paid, meter_id)
        VALUES (724, '2012-4-21', false, 92);
INSERT INTO Meter_reading(value, date, paid, meter_id)
        VALUES (765, '2012-5-3', false, 92);
INSERT INTO Meter_reading(value, date, paid, meter_id)
        VALUES (312, '2012-1-13', false, 93);
INSERT INTO Meter_reading(value, date, paid, meter_id)
        VALUES (326, '2012-1-26', false, 93);
INSERT INTO Meter_reading(value, date, paid, meter_id)
        VALUES (334, '2012-2-11', false, 93);
INSERT INTO Meter_reading(value, date, paid, meter_id)
        VALUES (338, '2012-2-23', false, 93);
INSERT INTO Meter_reading(value, date, paid, meter_id)
        VALUES (355, '2012-2-24', false, 93);
INSERT INTO person(person_id, name, surname, paternal_name, registration_date, email, password_hash, is_admin) 
    VALUES (47, 'test47', 'test47', '', '01/01/2012', 'test47', '098f6bcd4621d373cade4e832627b4f6', false);
INSERT INTO dweller VALUES (47);
INSERT INTO flat(flat_id, area, flat_number, balance, cladr_id, building_id)
    VALUES (47, 108, 47, 0, 1, 1);
INSERT INTO dweller_lives_in_flat(person_id, flat_id)
    VALUES (47, 47);
INSERT INTO meter(meter_id, installation_date, type, title, meter_unit_id, active, flat_id)
    VALUES (94, '01/01/2012', 'Water', 'Cold water in kitchen test47', 1, true, 47);
INSERT INTO meter(meter_id, installation_date, type, title, meter_unit_id, active, flat_id)
    VALUES (95, '01/01/2012', 'Electricity', 'Electricity in hall test47', 2, true, 47);
INSERT INTO Meter_reading(value, date, paid, meter_id)
        VALUES (190, '2012-1-16', false, 94);
INSERT INTO Meter_reading(value, date, paid, meter_id)
        VALUES (257, '2012-1-23', false, 94);
INSERT INTO Meter_reading(value, date, paid, meter_id)
        VALUES (350, '2012-2-8', false, 94);
INSERT INTO Meter_reading(value, date, paid, meter_id)
        VALUES (430, '2012-2-19', false, 94);
INSERT INTO Meter_reading(value, date, paid, meter_id)
        VALUES (473, '2012-2-24', false, 94);
INSERT INTO Meter_reading(value, date, paid, meter_id)
        VALUES (546, '2012-3-5', false, 94);
INSERT INTO Meter_reading(value, date, paid, meter_id)
        VALUES (597, '2012-3-7', false, 94);
INSERT INTO Meter_reading(value, date, paid, meter_id)
        VALUES (652, '2012-3-9', false, 94);
INSERT INTO Meter_reading(value, date, paid, meter_id)
        VALUES (281, '2012-1-4', false, 95);
INSERT INTO Meter_reading(value, date, paid, meter_id)
        VALUES (285, '2012-1-5', false, 95);
INSERT INTO Meter_reading(value, date, paid, meter_id)
        VALUES (306, '2012-1-14', false, 95);
INSERT INTO Meter_reading(value, date, paid, meter_id)
        VALUES (309, '2012-1-19', false, 95);
INSERT INTO Meter_reading(value, date, paid, meter_id)
        VALUES (321, '2012-1-21', false, 95);
INSERT INTO Meter_reading(value, date, paid, meter_id)
        VALUES (328, '2012-2-2', false, 95);
INSERT INTO person(person_id, name, surname, paternal_name, registration_date, email, password_hash, is_admin) 
    VALUES (48, 'test48', 'test48', '', '01/01/2012', 'test48', '098f6bcd4621d373cade4e832627b4f6', false);
INSERT INTO dweller VALUES (48);
INSERT INTO flat(flat_id, area, flat_number, balance, cladr_id, building_id)
    VALUES (48, 85, 48, 0, 1, 1);
INSERT INTO dweller_lives_in_flat(person_id, flat_id)
    VALUES (48, 48);
INSERT INTO meter(meter_id, installation_date, type, title, meter_unit_id, active, flat_id)
    VALUES (96, '01/01/2012', 'Water', 'Cold water in kitchen test48', 1, true, 48);
INSERT INTO meter(meter_id, installation_date, type, title, meter_unit_id, active, flat_id)
    VALUES (97, '01/01/2012', 'Electricity', 'Electricity in hall test48', 2, true, 48);
INSERT INTO Meter_reading(value, date, paid, meter_id)
        VALUES (168, '2012-1-15', false, 96);
INSERT INTO Meter_reading(value, date, paid, meter_id)
        VALUES (186, '2012-1-21', false, 96);
INSERT INTO Meter_reading(value, date, paid, meter_id)
        VALUES (210, '2012-1-24', false, 96);
INSERT INTO Meter_reading(value, date, paid, meter_id)
        VALUES (213, '2012-2-8', false, 96);
INSERT INTO Meter_reading(value, date, paid, meter_id)
        VALUES (226, '2012-2-20', false, 96);
INSERT INTO Meter_reading(value, date, paid, meter_id)
        VALUES (254, '2012-3-4', false, 96);
INSERT INTO Meter_reading(value, date, paid, meter_id)
        VALUES (268, '2012-3-18', false, 96);
INSERT INTO Meter_reading(value, date, paid, meter_id)
        VALUES (275, '2012-3-20', false, 96);
INSERT INTO Meter_reading(value, date, paid, meter_id)
        VALUES (291, '2012-3-22', false, 96);
INSERT INTO Meter_reading(value, date, paid, meter_id)
        VALUES (295, '2012-4-7', false, 96);
INSERT INTO Meter_reading(value, date, paid, meter_id)
        VALUES (300, '2012-4-14', false, 96);
INSERT INTO Meter_reading(value, date, paid, meter_id)
        VALUES (304, '2012-4-26', false, 96);
INSERT INTO Meter_reading(value, date, paid, meter_id)
        VALUES (216, '2012-1-4', false, 97);
INSERT INTO Meter_reading(value, date, paid, meter_id)
        VALUES (223, '2012-1-10', false, 97);
INSERT INTO Meter_reading(value, date, paid, meter_id)
        VALUES (226, '2012-1-21', false, 97);
INSERT INTO Meter_reading(value, date, paid, meter_id)
        VALUES (230, '2012-2-1', false, 97);
INSERT INTO Meter_reading(value, date, paid, meter_id)
        VALUES (238, '2012-2-8', false, 97);
INSERT INTO Meter_reading(value, date, paid, meter_id)
        VALUES (242, '2012-2-21', false, 97);
INSERT INTO person(person_id, name, surname, paternal_name, registration_date, email, password_hash, is_admin) 
    VALUES (49, 'test49', 'test49', '', '01/01/2012', 'test49', '098f6bcd4621d373cade4e832627b4f6', false);
INSERT INTO dweller VALUES (49);
INSERT INTO flat(flat_id, area, flat_number, balance, cladr_id, building_id)
    VALUES (49, 254, 49, 0, 1, 1);
INSERT INTO dweller_lives_in_flat(person_id, flat_id)
    VALUES (49, 49);
INSERT INTO meter(meter_id, installation_date, type, title, meter_unit_id, active, flat_id)
    VALUES (98, '01/01/2012', 'Water', 'Cold water in kitchen test49', 1, true, 49);
INSERT INTO meter(meter_id, installation_date, type, title, meter_unit_id, active, flat_id)
    VALUES (99, '01/01/2012', 'Electricity', 'Electricity in hall test49', 2, true, 49);
INSERT INTO Meter_reading(value, date, paid, meter_id)
        VALUES (26, '2012-1-16', false, 98);
INSERT INTO Meter_reading(value, date, paid, meter_id)
        VALUES (30, '2012-2-2', false, 98);
INSERT INTO Meter_reading(value, date, paid, meter_id)
        VALUES (38, '2012-2-7', false, 98);
INSERT INTO Meter_reading(value, date, paid, meter_id)
        VALUES (64, '2012-2-12', false, 98);
INSERT INTO Meter_reading(value, date, paid, meter_id)
        VALUES (82, '2012-2-20', false, 98);
INSERT INTO Meter_reading(value, date, paid, meter_id)
        VALUES (154, '2012-1-15', false, 99);
INSERT INTO Meter_reading(value, date, paid, meter_id)
        VALUES (164, '2012-1-20', false, 99);
INSERT INTO Meter_reading(value, date, paid, meter_id)
        VALUES (170, '2012-2-7', false, 99);
INSERT INTO Meter_reading(value, date, paid, meter_id)
        VALUES (193, '2012-2-17', false, 99);
INSERT INTO Meter_reading(value, date, paid, meter_id)
        VALUES (200, '2012-2-20', false, 99);
INSERT INTO Meter_reading(value, date, paid, meter_id)
        VALUES (222, '2012-2-25', false, 99);
INSERT INTO Meter_reading(value, date, paid, meter_id)
        VALUES (230, '2012-2-27', false, 99);
INSERT INTO Meter_reading(value, date, paid, meter_id)
        VALUES (231, '2012-3-14', false, 99);
INSERT INTO person(person_id, name, surname, paternal_name, registration_date, email, password_hash, is_admin) 
    VALUES (50, 'test50', 'test50', '', '01/01/2012', 'test50', '098f6bcd4621d373cade4e832627b4f6', false);
INSERT INTO dweller VALUES (50);
INSERT INTO flat(flat_id, area, flat_number, balance, cladr_id, building_id)
    VALUES (50, 239, 50, 0, 1, 1);
INSERT INTO dweller_lives_in_flat(person_id, flat_id)
    VALUES (50, 50);
INSERT INTO meter(meter_id, installation_date, type, title, meter_unit_id, active, flat_id)
    VALUES (100, '01/01/2012', 'Water', 'Cold water in kitchen test50', 1, true, 50);
INSERT INTO meter(meter_id, installation_date, type, title, meter_unit_id, active, flat_id)
    VALUES (101, '01/01/2012', 'Electricity', 'Electricity in hall test50', 2, true, 50);
INSERT INTO Meter_reading(value, date, paid, meter_id)
        VALUES (137, '2012-1-3', false, 100);
INSERT INTO Meter_reading(value, date, paid, meter_id)
        VALUES (153, '2012-1-16', false, 100);
INSERT INTO Meter_reading(value, date, paid, meter_id)
        VALUES (166, '2012-1-21', false, 100);
INSERT INTO Meter_reading(value, date, paid, meter_id)
        VALUES (173, '2012-1-26', false, 100);
INSERT INTO Meter_reading(value, date, paid, meter_id)
        VALUES (181, '2012-2-11', false, 100);
INSERT INTO Meter_reading(value, date, paid, meter_id)
        VALUES (191, '2012-2-15', false, 100);
INSERT INTO Meter_reading(value, date, paid, meter_id)
        VALUES (207, '2012-2-17', false, 100);
INSERT INTO Meter_reading(value, date, paid, meter_id)
        VALUES (218, '2012-2-26', false, 100);
INSERT INTO Meter_reading(value, date, paid, meter_id)
        VALUES (234, '2012-3-12', false, 100);
INSERT INTO Meter_reading(value, date, paid, meter_id)
        VALUES (244, '2012-3-16', false, 100);
INSERT INTO Meter_reading(value, date, paid, meter_id)
        VALUES (247, '2012-4-2', false, 100);
INSERT INTO Meter_reading(value, date, paid, meter_id)
        VALUES (271, '2012-4-12', false, 100);
INSERT INTO Meter_reading(value, date, paid, meter_id)
        VALUES (259, '2012-1-4', false, 101);
INSERT INTO Meter_reading(value, date, paid, meter_id)
        VALUES (285, '2012-1-18', false, 101);
INSERT INTO Meter_reading(value, date, paid, meter_id)
        VALUES (294, '2012-1-20', false, 101);
INSERT INTO Meter_reading(value, date, paid, meter_id)
        VALUES (297, '2012-1-24', false, 101);
INSERT INTO Meter_reading(value, date, paid, meter_id)
        VALUES (302, '2012-2-9', false, 101);
INSERT INTO Meter_reading(value, date, paid, meter_id)
        VALUES (315, '2012-2-21', false, 101);
INSERT INTO person(person_id, name, surname, paternal_name, registration_date, email, password_hash, is_admin) 
    VALUES (51, 'test51', 'test51', '', '01/01/2012', 'test51', '098f6bcd4621d373cade4e832627b4f6', false);
INSERT INTO dweller VALUES (51);
INSERT INTO flat(flat_id, area, flat_number, balance, cladr_id, building_id)
    VALUES (51, 296, 51, 0, 1, 1);
INSERT INTO dweller_lives_in_flat(person_id, flat_id)
    VALUES (51, 51);
INSERT INTO meter(meter_id, installation_date, type, title, meter_unit_id, active, flat_id)
    VALUES (102, '01/01/2012', 'Water', 'Cold water in kitchen test51', 1, true, 51);
INSERT INTO meter(meter_id, installation_date, type, title, meter_unit_id, active, flat_id)
    VALUES (103, '01/01/2012', 'Electricity', 'Electricity in hall test51', 2, true, 51);
INSERT INTO Meter_reading(value, date, paid, meter_id)
        VALUES (282, '2012-1-10', false, 102);
INSERT INTO Meter_reading(value, date, paid, meter_id)
        VALUES (296, '2012-1-11', false, 102);
INSERT INTO Meter_reading(value, date, paid, meter_id)
        VALUES (325, '2012-1-14', false, 102);
INSERT INTO Meter_reading(value, date, paid, meter_id)
        VALUES (350, '2012-1-19', false, 102);
INSERT INTO Meter_reading(value, date, paid, meter_id)
        VALUES (358, '2012-1-20', false, 102);
INSERT INTO Meter_reading(value, date, paid, meter_id)
        VALUES (364, '2012-1-24', false, 102);
INSERT INTO Meter_reading(value, date, paid, meter_id)
        VALUES (384, '2012-2-6', false, 102);
INSERT INTO Meter_reading(value, date, paid, meter_id)
        VALUES (391, '2012-2-14', false, 102);
INSERT INTO Meter_reading(value, date, paid, meter_id)
        VALUES (403, '2012-2-18', false, 102);
INSERT INTO Meter_reading(value, date, paid, meter_id)
        VALUES (424, '2012-2-23', false, 102);
INSERT INTO Meter_reading(value, date, paid, meter_id)
        VALUES (437, '2012-3-3', false, 102);
INSERT INTO Meter_reading(value, date, paid, meter_id)
        VALUES (442, '2012-3-8', false, 102);
INSERT INTO Meter_reading(value, date, paid, meter_id)
        VALUES (457, '2012-3-18', false, 102);
INSERT INTO Meter_reading(value, date, paid, meter_id)
        VALUES (477, '2012-3-26', false, 102);
INSERT INTO Meter_reading(value, date, paid, meter_id)
        VALUES (165, '2012-1-16', false, 103);
INSERT INTO Meter_reading(value, date, paid, meter_id)
        VALUES (190, '2012-2-2', false, 103);
INSERT INTO Meter_reading(value, date, paid, meter_id)
        VALUES (217, '2012-2-12', false, 103);
INSERT INTO Meter_reading(value, date, paid, meter_id)
        VALUES (242, '2012-2-26', false, 103);
INSERT INTO Meter_reading(value, date, paid, meter_id)
        VALUES (246, '2012-3-10', false, 103);
INSERT INTO Meter_reading(value, date, paid, meter_id)
        VALUES (251, '2012-3-12', false, 103);
INSERT INTO person(person_id, name, surname, paternal_name, registration_date, email, password_hash, is_admin) 
    VALUES (52, 'test52', 'test52', '', '01/01/2012', 'test52', '098f6bcd4621d373cade4e832627b4f6', false);
INSERT INTO dweller VALUES (52);
INSERT INTO flat(flat_id, area, flat_number, balance, cladr_id, building_id)
    VALUES (52, 271, 52, 0, 1, 1);
INSERT INTO dweller_lives_in_flat(person_id, flat_id)
    VALUES (52, 52);
INSERT INTO meter(meter_id, installation_date, type, title, meter_unit_id, active, flat_id)
    VALUES (104, '01/01/2012', 'Water', 'Cold water in kitchen test52', 1, true, 52);
INSERT INTO meter(meter_id, installation_date, type, title, meter_unit_id, active, flat_id)
    VALUES (105, '01/01/2012', 'Electricity', 'Electricity in hall test52', 2, true, 52);
INSERT INTO Meter_reading(value, date, paid, meter_id)
        VALUES (244, '2012-1-8', false, 104);
INSERT INTO Meter_reading(value, date, paid, meter_id)
        VALUES (250, '2012-1-13', false, 104);
INSERT INTO Meter_reading(value, date, paid, meter_id)
        VALUES (264, '2012-1-25', false, 104);
INSERT INTO Meter_reading(value, date, paid, meter_id)
        VALUES (284, '2012-2-6', false, 104);
INSERT INTO Meter_reading(value, date, paid, meter_id)
        VALUES (297, '2012-2-15', false, 104);
INSERT INTO Meter_reading(value, date, paid, meter_id)
        VALUES (316, '2012-3-2', false, 104);
INSERT INTO Meter_reading(value, date, paid, meter_id)
        VALUES (335, '2012-3-8', false, 104);
INSERT INTO Meter_reading(value, date, paid, meter_id)
        VALUES (353, '2012-3-13', false, 104);
INSERT INTO Meter_reading(value, date, paid, meter_id)
        VALUES (373, '2012-3-14', false, 104);
INSERT INTO Meter_reading(value, date, paid, meter_id)
        VALUES (390, '2012-3-21', false, 104);
INSERT INTO Meter_reading(value, date, paid, meter_id)
        VALUES (391, '2012-3-25', false, 104);
INSERT INTO Meter_reading(value, date, paid, meter_id)
        VALUES (410, '2012-4-1', false, 104);
INSERT INTO Meter_reading(value, date, paid, meter_id)
        VALUES (412, '2012-4-8', false, 104);
INSERT INTO Meter_reading(value, date, paid, meter_id)
        VALUES (256, '2012-1-10', false, 105);
INSERT INTO Meter_reading(value, date, paid, meter_id)
        VALUES (262, '2012-1-21', false, 105);
INSERT INTO Meter_reading(value, date, paid, meter_id)
        VALUES (284, '2012-2-1', false, 105);
INSERT INTO Meter_reading(value, date, paid, meter_id)
        VALUES (296, '2012-2-6', false, 105);
INSERT INTO Meter_reading(value, date, paid, meter_id)
        VALUES (310, '2012-2-15', false, 105);
INSERT INTO Meter_reading(value, date, paid, meter_id)
        VALUES (339, '2012-2-23', false, 105);
INSERT INTO Meter_reading(value, date, paid, meter_id)
        VALUES (363, '2012-2-24', false, 105);
INSERT INTO Meter_reading(value, date, paid, meter_id)
        VALUES (373, '2012-3-5', false, 105);
INSERT INTO Meter_reading(value, date, paid, meter_id)
        VALUES (389, '2012-3-9', false, 105);
INSERT INTO Meter_reading(value, date, paid, meter_id)
        VALUES (396, '2012-3-12', false, 105);
INSERT INTO person(person_id, name, surname, paternal_name, registration_date, email, password_hash, is_admin) 
    VALUES (53, 'test53', 'test53', '', '01/01/2012', 'test53', '098f6bcd4621d373cade4e832627b4f6', false);
INSERT INTO dweller VALUES (53);
INSERT INTO flat(flat_id, area, flat_number, balance, cladr_id, building_id)
    VALUES (53, 74, 53, 0, 1, 1);
INSERT INTO dweller_lives_in_flat(person_id, flat_id)
    VALUES (53, 53);
INSERT INTO meter(meter_id, installation_date, type, title, meter_unit_id, active, flat_id)
    VALUES (106, '01/01/2012', 'Water', 'Cold water in kitchen test53', 1, true, 53);
INSERT INTO meter(meter_id, installation_date, type, title, meter_unit_id, active, flat_id)
    VALUES (107, '01/01/2012', 'Electricity', 'Electricity in hall test53', 2, true, 53);
INSERT INTO Meter_reading(value, date, paid, meter_id)
        VALUES (98, '2012-1-8', false, 106);
INSERT INTO Meter_reading(value, date, paid, meter_id)
        VALUES (110, '2012-1-14', false, 106);
INSERT INTO Meter_reading(value, date, paid, meter_id)
        VALUES (112, '2012-2-1', false, 106);
INSERT INTO Meter_reading(value, date, paid, meter_id)
        VALUES (140, '2012-2-5', false, 106);
INSERT INTO Meter_reading(value, date, paid, meter_id)
        VALUES (158, '2012-2-8', false, 106);
INSERT INTO Meter_reading(value, date, paid, meter_id)
        VALUES (178, '2012-2-18', false, 106);
INSERT INTO Meter_reading(value, date, paid, meter_id)
        VALUES (184, '2012-3-5', false, 106);
INSERT INTO Meter_reading(value, date, paid, meter_id)
        VALUES (189, '2012-3-12', false, 106);
INSERT INTO Meter_reading(value, date, paid, meter_id)
        VALUES (93, '2012-1-3', false, 107);
INSERT INTO Meter_reading(value, date, paid, meter_id)
        VALUES (109, '2012-1-12', false, 107);
INSERT INTO Meter_reading(value, date, paid, meter_id)
        VALUES (127, '2012-1-14', false, 107);
INSERT INTO Meter_reading(value, date, paid, meter_id)
        VALUES (130, '2012-1-19', false, 107);
INSERT INTO Meter_reading(value, date, paid, meter_id)
        VALUES (148, '2012-1-22', false, 107);
INSERT INTO Meter_reading(value, date, paid, meter_id)
        VALUES (151, '2012-2-3', false, 107);
INSERT INTO person(person_id, name, surname, paternal_name, registration_date, email, password_hash, is_admin) 
    VALUES (54, 'test54', 'test54', '', '01/01/2012', 'test54', '098f6bcd4621d373cade4e832627b4f6', false);
INSERT INTO dweller VALUES (54);
INSERT INTO flat(flat_id, area, flat_number, balance, cladr_id, building_id)
    VALUES (54, 233, 54, 0, 1, 1);
INSERT INTO dweller_lives_in_flat(person_id, flat_id)
    VALUES (54, 54);
INSERT INTO meter(meter_id, installation_date, type, title, meter_unit_id, active, flat_id)
    VALUES (108, '01/01/2012', 'Water', 'Cold water in kitchen test54', 1, true, 54);
INSERT INTO meter(meter_id, installation_date, type, title, meter_unit_id, active, flat_id)
    VALUES (109, '01/01/2012', 'Electricity', 'Electricity in hall test54', 2, true, 54);
INSERT INTO Meter_reading(value, date, paid, meter_id)
        VALUES (270, '2012-1-13', false, 108);
INSERT INTO Meter_reading(value, date, paid, meter_id)
        VALUES (316, '2012-1-26', false, 108);
INSERT INTO Meter_reading(value, date, paid, meter_id)
        VALUES (353, '2012-2-2', false, 108);
INSERT INTO Meter_reading(value, date, paid, meter_id)
        VALUES (363, '2012-2-10', false, 108);
INSERT INTO Meter_reading(value, date, paid, meter_id)
        VALUES (390, '2012-2-23', false, 108);
INSERT INTO Meter_reading(value, date, paid, meter_id)
        VALUES (427, '2012-3-1', false, 108);
INSERT INTO Meter_reading(value, date, paid, meter_id)
        VALUES (466, '2012-3-2', false, 108);
INSERT INTO Meter_reading(value, date, paid, meter_id)
        VALUES (490, '2012-3-9', false, 108);
INSERT INTO Meter_reading(value, date, paid, meter_id)
        VALUES (532, '2012-3-11', false, 108);
INSERT INTO Meter_reading(value, date, paid, meter_id)
        VALUES (545, '2012-3-24', false, 108);
INSERT INTO Meter_reading(value, date, paid, meter_id)
        VALUES (330, '2012-1-11', false, 109);
INSERT INTO Meter_reading(value, date, paid, meter_id)
        VALUES (331, '2012-1-18', false, 109);
INSERT INTO Meter_reading(value, date, paid, meter_id)
        VALUES (390, '2012-1-23', false, 109);
INSERT INTO Meter_reading(value, date, paid, meter_id)
        VALUES (428, '2012-2-7', false, 109);
INSERT INTO Meter_reading(value, date, paid, meter_id)
        VALUES (462, '2012-2-16', false, 109);
INSERT INTO Meter_reading(value, date, paid, meter_id)
        VALUES (476, '2012-2-24', false, 109);
INSERT INTO Meter_reading(value, date, paid, meter_id)
        VALUES (496, '2012-3-11', false, 109);
INSERT INTO Meter_reading(value, date, paid, meter_id)
        VALUES (546, '2012-3-12', false, 109);
INSERT INTO Meter_reading(value, date, paid, meter_id)
        VALUES (558, '2012-3-21', false, 109);
INSERT INTO Meter_reading(value, date, paid, meter_id)
        VALUES (565, '2012-4-5', false, 109);
INSERT INTO Meter_reading(value, date, paid, meter_id)
        VALUES (615, '2012-4-8', false, 109);
INSERT INTO Meter_reading(value, date, paid, meter_id)
        VALUES (640, '2012-4-16', false, 109);
INSERT INTO Meter_reading(value, date, paid, meter_id)
        VALUES (685, '2012-5-2', false, 109);
INSERT INTO person(person_id, name, surname, paternal_name, registration_date, email, password_hash, is_admin) 
    VALUES (55, 'test55', 'test55', '', '01/01/2012', 'test55', '098f6bcd4621d373cade4e832627b4f6', false);
INSERT INTO dweller VALUES (55);
INSERT INTO flat(flat_id, area, flat_number, balance, cladr_id, building_id)
    VALUES (55, 161, 55, 0, 1, 1);
INSERT INTO dweller_lives_in_flat(person_id, flat_id)
    VALUES (55, 55);
INSERT INTO meter(meter_id, installation_date, type, title, meter_unit_id, active, flat_id)
    VALUES (110, '01/01/2012', 'Water', 'Cold water in kitchen test55', 1, true, 55);
INSERT INTO meter(meter_id, installation_date, type, title, meter_unit_id, active, flat_id)
    VALUES (111, '01/01/2012', 'Electricity', 'Electricity in hall test55', 2, true, 55);
INSERT INTO Meter_reading(value, date, paid, meter_id)
        VALUES (264, '2012-1-13', false, 110);
INSERT INTO Meter_reading(value, date, paid, meter_id)
        VALUES (281, '2012-1-22', false, 110);
INSERT INTO Meter_reading(value, date, paid, meter_id)
        VALUES (283, '2012-2-5', false, 110);
INSERT INTO Meter_reading(value, date, paid, meter_id)
        VALUES (284, '2012-2-8', false, 110);
INSERT INTO Meter_reading(value, date, paid, meter_id)
        VALUES (302, '2012-2-13', false, 110);
INSERT INTO Meter_reading(value, date, paid, meter_id)
        VALUES (328, '2012-2-16', false, 110);
INSERT INTO Meter_reading(value, date, paid, meter_id)
        VALUES (66, '2012-1-14', false, 111);
INSERT INTO Meter_reading(value, date, paid, meter_id)
        VALUES (76, '2012-1-23', false, 111);
INSERT INTO Meter_reading(value, date, paid, meter_id)
        VALUES (82, '2012-2-7', false, 111);
INSERT INTO Meter_reading(value, date, paid, meter_id)
        VALUES (90, '2012-2-14', false, 111);
INSERT INTO Meter_reading(value, date, paid, meter_id)
        VALUES (99, '2012-2-24', false, 111);
INSERT INTO Meter_reading(value, date, paid, meter_id)
        VALUES (107, '2012-3-3', false, 111);
INSERT INTO Meter_reading(value, date, paid, meter_id)
        VALUES (108, '2012-3-16', false, 111);
INSERT INTO Meter_reading(value, date, paid, meter_id)
        VALUES (111, '2012-3-21', false, 111);
INSERT INTO Meter_reading(value, date, paid, meter_id)
        VALUES (115, '2012-3-23', false, 111);
INSERT INTO Meter_reading(value, date, paid, meter_id)
        VALUES (120, '2012-3-26', false, 111);
INSERT INTO Meter_reading(value, date, paid, meter_id)
        VALUES (126, '2012-4-1', false, 111);
INSERT INTO Meter_reading(value, date, paid, meter_id)
        VALUES (127, '2012-4-3', false, 111);
INSERT INTO person(person_id, name, surname, paternal_name, registration_date, email, password_hash, is_admin) 
    VALUES (56, 'test56', 'test56', '', '01/01/2012', 'test56', '098f6bcd4621d373cade4e832627b4f6', false);
INSERT INTO dweller VALUES (56);
INSERT INTO flat(flat_id, area, flat_number, balance, cladr_id, building_id)
    VALUES (56, 110, 56, 0, 1, 1);
INSERT INTO dweller_lives_in_flat(person_id, flat_id)
    VALUES (56, 56);
INSERT INTO meter(meter_id, installation_date, type, title, meter_unit_id, active, flat_id)
    VALUES (112, '01/01/2012', 'Water', 'Cold water in kitchen test56', 1, true, 56);
INSERT INTO meter(meter_id, installation_date, type, title, meter_unit_id, active, flat_id)
    VALUES (113, '01/01/2012', 'Electricity', 'Electricity in hall test56', 2, true, 56);
INSERT INTO Meter_reading(value, date, paid, meter_id)
        VALUES (163, '2012-1-11', false, 112);
INSERT INTO Meter_reading(value, date, paid, meter_id)
        VALUES (180, '2012-1-12', false, 112);
INSERT INTO Meter_reading(value, date, paid, meter_id)
        VALUES (189, '2012-1-18', false, 112);
INSERT INTO Meter_reading(value, date, paid, meter_id)
        VALUES (195, '2012-2-1', false, 112);
INSERT INTO Meter_reading(value, date, paid, meter_id)
        VALUES (201, '2012-2-8', false, 112);
INSERT INTO Meter_reading(value, date, paid, meter_id)
        VALUES (226, '2012-2-18', false, 112);
INSERT INTO Meter_reading(value, date, paid, meter_id)
        VALUES (228, '2012-2-24', false, 112);
INSERT INTO Meter_reading(value, date, paid, meter_id)
        VALUES (234, '2012-3-11', false, 112);
INSERT INTO Meter_reading(value, date, paid, meter_id)
        VALUES (261, '2012-3-16', false, 112);
INSERT INTO Meter_reading(value, date, paid, meter_id)
        VALUES (282, '2012-3-27', false, 112);
INSERT INTO Meter_reading(value, date, paid, meter_id)
        VALUES (299, '2012-4-5', false, 112);
INSERT INTO Meter_reading(value, date, paid, meter_id)
        VALUES (303, '2012-4-12', false, 112);
INSERT INTO Meter_reading(value, date, paid, meter_id)
        VALUES (316, '2012-4-21', false, 112);
INSERT INTO Meter_reading(value, date, paid, meter_id)
        VALUES (331, '2012-4-23', false, 112);
INSERT INTO Meter_reading(value, date, paid, meter_id)
        VALUES (210, '2012-1-10', false, 113);
INSERT INTO Meter_reading(value, date, paid, meter_id)
        VALUES (221, '2012-1-21', false, 113);
INSERT INTO Meter_reading(value, date, paid, meter_id)
        VALUES (248, '2012-2-5', false, 113);
INSERT INTO Meter_reading(value, date, paid, meter_id)
        VALUES (254, '2012-2-15', false, 113);
INSERT INTO Meter_reading(value, date, paid, meter_id)
        VALUES (276, '2012-2-23', false, 113);
INSERT INTO Meter_reading(value, date, paid, meter_id)
        VALUES (284, '2012-3-8', false, 113);
INSERT INTO Meter_reading(value, date, paid, meter_id)
        VALUES (309, '2012-3-20', false, 113);
INSERT INTO Meter_reading(value, date, paid, meter_id)
        VALUES (331, '2012-3-27', false, 113);
INSERT INTO Meter_reading(value, date, paid, meter_id)
        VALUES (339, '2012-4-9', false, 113);
INSERT INTO Meter_reading(value, date, paid, meter_id)
        VALUES (347, '2012-4-20', false, 113);
INSERT INTO Meter_reading(value, date, paid, meter_id)
        VALUES (374, '2012-5-1', false, 113);
INSERT INTO Meter_reading(value, date, paid, meter_id)
        VALUES (383, '2012-5-13', false, 113);
INSERT INTO person(person_id, name, surname, paternal_name, registration_date, email, password_hash, is_admin) 
    VALUES (57, 'test57', 'test57', '', '01/01/2012', 'test57', '098f6bcd4621d373cade4e832627b4f6', false);
INSERT INTO dweller VALUES (57);
INSERT INTO flat(flat_id, area, flat_number, balance, cladr_id, building_id)
    VALUES (57, 266, 57, 0, 1, 1);
INSERT INTO dweller_lives_in_flat(person_id, flat_id)
    VALUES (57, 57);
INSERT INTO meter(meter_id, installation_date, type, title, meter_unit_id, active, flat_id)
    VALUES (114, '01/01/2012', 'Water', 'Cold water in kitchen test57', 1, true, 57);
INSERT INTO meter(meter_id, installation_date, type, title, meter_unit_id, active, flat_id)
    VALUES (115, '01/01/2012', 'Electricity', 'Electricity in hall test57', 2, true, 57);
INSERT INTO Meter_reading(value, date, paid, meter_id)
        VALUES (240, '2012-1-13', false, 114);
INSERT INTO Meter_reading(value, date, paid, meter_id)
        VALUES (250, '2012-1-20', false, 114);
INSERT INTO Meter_reading(value, date, paid, meter_id)
        VALUES (263, '2012-1-25', false, 114);
INSERT INTO Meter_reading(value, date, paid, meter_id)
        VALUES (271, '2012-2-4', false, 114);
INSERT INTO Meter_reading(value, date, paid, meter_id)
        VALUES (293, '2012-2-9', false, 114);
INSERT INTO Meter_reading(value, date, paid, meter_id)
        VALUES (321, '2012-2-13', false, 114);
INSERT INTO Meter_reading(value, date, paid, meter_id)
        VALUES (343, '2012-2-21', false, 114);
INSERT INTO Meter_reading(value, date, paid, meter_id)
        VALUES (351, '2012-3-6', false, 114);
INSERT INTO Meter_reading(value, date, paid, meter_id)
        VALUES (354, '2012-3-19', false, 114);
INSERT INTO Meter_reading(value, date, paid, meter_id)
        VALUES (355, '2012-4-2', false, 114);
INSERT INTO Meter_reading(value, date, paid, meter_id)
        VALUES (257, '2012-1-16', false, 115);
INSERT INTO Meter_reading(value, date, paid, meter_id)
        VALUES (293, '2012-1-24', false, 115);
INSERT INTO Meter_reading(value, date, paid, meter_id)
        VALUES (329, '2012-2-10', false, 115);
INSERT INTO Meter_reading(value, date, paid, meter_id)
        VALUES (346, '2012-2-18', false, 115);
INSERT INTO Meter_reading(value, date, paid, meter_id)
        VALUES (414, '2012-2-24', false, 115);
INSERT INTO Meter_reading(value, date, paid, meter_id)
        VALUES (434, '2012-3-6', false, 115);
INSERT INTO Meter_reading(value, date, paid, meter_id)
        VALUES (451, '2012-3-15', false, 115);
INSERT INTO Meter_reading(value, date, paid, meter_id)
        VALUES (522, '2012-3-16', false, 115);
INSERT INTO Meter_reading(value, date, paid, meter_id)
        VALUES (587, '2012-4-1', false, 115);
INSERT INTO Meter_reading(value, date, paid, meter_id)
        VALUES (604, '2012-4-10', false, 115);
INSERT INTO Meter_reading(value, date, paid, meter_id)
        VALUES (674, '2012-4-21', false, 115);
INSERT INTO Meter_reading(value, date, paid, meter_id)
        VALUES (712, '2012-5-4', false, 115);
INSERT INTO Meter_reading(value, date, paid, meter_id)
        VALUES (736, '2012-5-11', false, 115);
INSERT INTO person(person_id, name, surname, paternal_name, registration_date, email, password_hash, is_admin) 
    VALUES (58, 'test58', 'test58', '', '01/01/2012', 'test58', '098f6bcd4621d373cade4e832627b4f6', false);
INSERT INTO dweller VALUES (58);
INSERT INTO flat(flat_id, area, flat_number, balance, cladr_id, building_id)
    VALUES (58, 310, 58, 0, 1, 1);
INSERT INTO dweller_lives_in_flat(person_id, flat_id)
    VALUES (58, 58);
INSERT INTO meter(meter_id, installation_date, type, title, meter_unit_id, active, flat_id)
    VALUES (116, '01/01/2012', 'Water', 'Cold water in kitchen test58', 1, true, 58);
INSERT INTO meter(meter_id, installation_date, type, title, meter_unit_id, active, flat_id)
    VALUES (117, '01/01/2012', 'Electricity', 'Electricity in hall test58', 2, true, 58);
INSERT INTO Meter_reading(value, date, paid, meter_id)
        VALUES (155, '2012-1-3', false, 116);
INSERT INTO Meter_reading(value, date, paid, meter_id)
        VALUES (161, '2012-1-12', false, 116);
INSERT INTO Meter_reading(value, date, paid, meter_id)
        VALUES (171, '2012-1-21', false, 116);
INSERT INTO Meter_reading(value, date, paid, meter_id)
        VALUES (185, '2012-2-3', false, 116);
INSERT INTO Meter_reading(value, date, paid, meter_id)
        VALUES (205, '2012-2-9', false, 116);
INSERT INTO Meter_reading(value, date, paid, meter_id)
        VALUES (211, '2012-2-23', false, 116);
INSERT INTO Meter_reading(value, date, paid, meter_id)
        VALUES (105, '2012-1-3', false, 117);
INSERT INTO Meter_reading(value, date, paid, meter_id)
        VALUES (115, '2012-1-5', false, 117);
INSERT INTO Meter_reading(value, date, paid, meter_id)
        VALUES (129, '2012-1-12', false, 117);
INSERT INTO Meter_reading(value, date, paid, meter_id)
        VALUES (134, '2012-1-24', false, 117);
INSERT INTO Meter_reading(value, date, paid, meter_id)
        VALUES (138, '2012-2-2', false, 117);
INSERT INTO Meter_reading(value, date, paid, meter_id)
        VALUES (145, '2012-2-15', false, 117);
INSERT INTO Meter_reading(value, date, paid, meter_id)
        VALUES (156, '2012-2-16', false, 117);
INSERT INTO Meter_reading(value, date, paid, meter_id)
        VALUES (164, '2012-3-1', false, 117);
INSERT INTO Meter_reading(value, date, paid, meter_id)
        VALUES (171, '2012-3-13', false, 117);
INSERT INTO Meter_reading(value, date, paid, meter_id)
        VALUES (181, '2012-3-14', false, 117);
INSERT INTO Meter_reading(value, date, paid, meter_id)
        VALUES (182, '2012-3-21', false, 117);
INSERT INTO Meter_reading(value, date, paid, meter_id)
        VALUES (187, '2012-3-26', false, 117);
INSERT INTO Meter_reading(value, date, paid, meter_id)
        VALUES (201, '2012-4-4', false, 117);
INSERT INTO person(person_id, name, surname, paternal_name, registration_date, email, password_hash, is_admin) 
    VALUES (59, 'test59', 'test59', '', '01/01/2012', 'test59', '098f6bcd4621d373cade4e832627b4f6', false);
INSERT INTO dweller VALUES (59);
INSERT INTO flat(flat_id, area, flat_number, balance, cladr_id, building_id)
    VALUES (59, 235, 59, 0, 1, 1);
INSERT INTO dweller_lives_in_flat(person_id, flat_id)
    VALUES (59, 59);
INSERT INTO meter(meter_id, installation_date, type, title, meter_unit_id, active, flat_id)
    VALUES (118, '01/01/2012', 'Water', 'Cold water in kitchen test59', 1, true, 59);
INSERT INTO meter(meter_id, installation_date, type, title, meter_unit_id, active, flat_id)
    VALUES (119, '01/01/2012', 'Electricity', 'Electricity in hall test59', 2, true, 59);
INSERT INTO Meter_reading(value, date, paid, meter_id)
        VALUES (8, '2012-1-11', false, 118);
INSERT INTO Meter_reading(value, date, paid, meter_id)
        VALUES (13, '2012-1-20', false, 118);
INSERT INTO Meter_reading(value, date, paid, meter_id)
        VALUES (33, '2012-2-5', false, 118);
INSERT INTO Meter_reading(value, date, paid, meter_id)
        VALUES (52, '2012-2-6', false, 118);
INSERT INTO Meter_reading(value, date, paid, meter_id)
        VALUES (56, '2012-2-19', false, 118);
INSERT INTO Meter_reading(value, date, paid, meter_id)
        VALUES (82, '2012-3-3', false, 118);
INSERT INTO Meter_reading(value, date, paid, meter_id)
        VALUES (83, '2012-3-10', false, 118);
INSERT INTO Meter_reading(value, date, paid, meter_id)
        VALUES (104, '2012-3-14', false, 118);
INSERT INTO Meter_reading(value, date, paid, meter_id)
        VALUES (124, '2012-3-24', false, 118);
INSERT INTO Meter_reading(value, date, paid, meter_id)
        VALUES (132, '2012-4-1', false, 118);
INSERT INTO Meter_reading(value, date, paid, meter_id)
        VALUES (140, '2012-1-5', false, 119);
INSERT INTO Meter_reading(value, date, paid, meter_id)
        VALUES (178, '2012-1-7', false, 119);
INSERT INTO Meter_reading(value, date, paid, meter_id)
        VALUES (232, '2012-1-8', false, 119);
INSERT INTO Meter_reading(value, date, paid, meter_id)
        VALUES (282, '2012-1-14', false, 119);
INSERT INTO Meter_reading(value, date, paid, meter_id)
        VALUES (297, '2012-1-19', false, 119);
INSERT INTO Meter_reading(value, date, paid, meter_id)
        VALUES (318, '2012-1-20', false, 119);
INSERT INTO Meter_reading(value, date, paid, meter_id)
        VALUES (335, '2012-1-26', false, 119);
INSERT INTO Meter_reading(value, date, paid, meter_id)
        VALUES (369, '2012-2-13', false, 119);
INSERT INTO Meter_reading(value, date, paid, meter_id)
        VALUES (404, '2012-2-22', false, 119);
INSERT INTO person(person_id, name, surname, paternal_name, registration_date, email, password_hash, is_admin) 
    VALUES (60, 'test60', 'test60', '', '01/01/2012', 'test60', '098f6bcd4621d373cade4e832627b4f6', false);
INSERT INTO dweller VALUES (60);
INSERT INTO flat(flat_id, area, flat_number, balance, cladr_id, building_id)
    VALUES (60, 160, 60, 0, 1, 1);
INSERT INTO dweller_lives_in_flat(person_id, flat_id)
    VALUES (60, 60);
INSERT INTO meter(meter_id, installation_date, type, title, meter_unit_id, active, flat_id)
    VALUES (120, '01/01/2012', 'Water', 'Cold water in kitchen test60', 1, true, 60);
INSERT INTO meter(meter_id, installation_date, type, title, meter_unit_id, active, flat_id)
    VALUES (121, '01/01/2012', 'Electricity', 'Electricity in hall test60', 2, true, 60);
INSERT INTO Meter_reading(value, date, paid, meter_id)
        VALUES (214, '2012-1-16', false, 120);
INSERT INTO Meter_reading(value, date, paid, meter_id)
        VALUES (232, '2012-1-20', false, 120);
INSERT INTO Meter_reading(value, date, paid, meter_id)
        VALUES (235, '2012-1-24', false, 120);
INSERT INTO Meter_reading(value, date, paid, meter_id)
        VALUES (248, '2012-2-2', false, 120);
INSERT INTO Meter_reading(value, date, paid, meter_id)
        VALUES (261, '2012-2-8', false, 120);
INSERT INTO Meter_reading(value, date, paid, meter_id)
        VALUES (287, '2012-2-21', false, 120);
INSERT INTO Meter_reading(value, date, paid, meter_id)
        VALUES (297, '2012-3-7', false, 120);
INSERT INTO Meter_reading(value, date, paid, meter_id)
        VALUES (302, '2012-3-20', false, 120);
INSERT INTO Meter_reading(value, date, paid, meter_id)
        VALUES (310, '2012-4-7', false, 120);
INSERT INTO Meter_reading(value, date, paid, meter_id)
        VALUES (322, '2012-4-20', false, 120);
INSERT INTO Meter_reading(value, date, paid, meter_id)
        VALUES (285, '2012-1-4', false, 121);
INSERT INTO Meter_reading(value, date, paid, meter_id)
        VALUES (311, '2012-1-18', false, 121);
INSERT INTO Meter_reading(value, date, paid, meter_id)
        VALUES (318, '2012-1-19', false, 121);
INSERT INTO Meter_reading(value, date, paid, meter_id)
        VALUES (331, '2012-2-6', false, 121);
INSERT INTO Meter_reading(value, date, paid, meter_id)
        VALUES (354, '2012-2-14', false, 121);
INSERT INTO Meter_reading(value, date, paid, meter_id)
        VALUES (355, '2012-3-1', false, 121);
INSERT INTO Meter_reading(value, date, paid, meter_id)
        VALUES (375, '2012-3-11', false, 121);
INSERT INTO Meter_reading(value, date, paid, meter_id)
        VALUES (388, '2012-3-15', false, 121);
INSERT INTO Meter_reading(value, date, paid, meter_id)
        VALUES (417, '2012-4-1', false, 121);
INSERT INTO Meter_reading(value, date, paid, meter_id)
        VALUES (443, '2012-4-10', false, 121);
INSERT INTO Meter_reading(value, date, paid, meter_id)
        VALUES (472, '2012-4-12', false, 121);
INSERT INTO Meter_reading(value, date, paid, meter_id)
        VALUES (487, '2012-4-20', false, 121);
INSERT INTO person(person_id, name, surname, paternal_name, registration_date, email, password_hash, is_admin) 
    VALUES (61, 'test61', 'test61', '', '01/01/2012', 'test61', '098f6bcd4621d373cade4e832627b4f6', false);
INSERT INTO dweller VALUES (61);
INSERT INTO flat(flat_id, area, flat_number, balance, cladr_id, building_id)
    VALUES (61, 262, 61, 0, 1, 1);
INSERT INTO dweller_lives_in_flat(person_id, flat_id)
    VALUES (61, 61);
INSERT INTO meter(meter_id, installation_date, type, title, meter_unit_id, active, flat_id)
    VALUES (122, '01/01/2012', 'Water', 'Cold water in kitchen test61', 1, true, 61);
INSERT INTO meter(meter_id, installation_date, type, title, meter_unit_id, active, flat_id)
    VALUES (123, '01/01/2012', 'Electricity', 'Electricity in hall test61', 2, true, 61);
INSERT INTO Meter_reading(value, date, paid, meter_id)
        VALUES (171, '2012-1-15', false, 122);
INSERT INTO Meter_reading(value, date, paid, meter_id)
        VALUES (179, '2012-1-26', false, 122);
INSERT INTO Meter_reading(value, date, paid, meter_id)
        VALUES (193, '2012-2-4', false, 122);
INSERT INTO Meter_reading(value, date, paid, meter_id)
        VALUES (195, '2012-2-11', false, 122);
INSERT INTO Meter_reading(value, date, paid, meter_id)
        VALUES (200, '2012-2-25', false, 122);
INSERT INTO Meter_reading(value, date, paid, meter_id)
        VALUES (212, '2012-3-7', false, 122);
INSERT INTO Meter_reading(value, date, paid, meter_id)
        VALUES (214, '2012-3-11', false, 122);
INSERT INTO Meter_reading(value, date, paid, meter_id)
        VALUES (217, '2012-3-14', false, 122);
INSERT INTO Meter_reading(value, date, paid, meter_id)
        VALUES (222, '2012-3-25', false, 122);
INSERT INTO Meter_reading(value, date, paid, meter_id)
        VALUES (231, '2012-4-2', false, 122);
INSERT INTO Meter_reading(value, date, paid, meter_id)
        VALUES (246, '2012-4-9', false, 122);
INSERT INTO Meter_reading(value, date, paid, meter_id)
        VALUES (254, '2012-4-23', false, 122);
INSERT INTO Meter_reading(value, date, paid, meter_id)
        VALUES (252, '2012-1-14', false, 123);
INSERT INTO Meter_reading(value, date, paid, meter_id)
        VALUES (259, '2012-1-15', false, 123);
INSERT INTO Meter_reading(value, date, paid, meter_id)
        VALUES (288, '2012-2-2', false, 123);
INSERT INTO Meter_reading(value, date, paid, meter_id)
        VALUES (304, '2012-2-7', false, 123);
INSERT INTO Meter_reading(value, date, paid, meter_id)
        VALUES (313, '2012-2-9', false, 123);
INSERT INTO Meter_reading(value, date, paid, meter_id)
        VALUES (327, '2012-2-22', false, 123);
INSERT INTO Meter_reading(value, date, paid, meter_id)
        VALUES (342, '2012-3-8', false, 123);
INSERT INTO Meter_reading(value, date, paid, meter_id)
        VALUES (350, '2012-3-9', false, 123);
INSERT INTO Meter_reading(value, date, paid, meter_id)
        VALUES (353, '2012-3-13', false, 123);
INSERT INTO person(person_id, name, surname, paternal_name, registration_date, email, password_hash, is_admin) 
    VALUES (62, 'test62', 'test62', '', '01/01/2012', 'test62', '098f6bcd4621d373cade4e832627b4f6', false);
INSERT INTO dweller VALUES (62);
INSERT INTO flat(flat_id, area, flat_number, balance, cladr_id, building_id)
    VALUES (62, 227, 62, 0, 1, 1);
INSERT INTO dweller_lives_in_flat(person_id, flat_id)
    VALUES (62, 62);
INSERT INTO meter(meter_id, installation_date, type, title, meter_unit_id, active, flat_id)
    VALUES (124, '01/01/2012', 'Water', 'Cold water in kitchen test62', 1, true, 62);
INSERT INTO meter(meter_id, installation_date, type, title, meter_unit_id, active, flat_id)
    VALUES (125, '01/01/2012', 'Electricity', 'Electricity in hall test62', 2, true, 62);
INSERT INTO Meter_reading(value, date, paid, meter_id)
        VALUES (118, '2012-1-6', false, 124);
INSERT INTO Meter_reading(value, date, paid, meter_id)
        VALUES (148, '2012-1-9', false, 124);
INSERT INTO Meter_reading(value, date, paid, meter_id)
        VALUES (175, '2012-1-17', false, 124);
INSERT INTO Meter_reading(value, date, paid, meter_id)
        VALUES (210, '2012-1-26', false, 124);
INSERT INTO Meter_reading(value, date, paid, meter_id)
        VALUES (252, '2012-2-8', false, 124);
INSERT INTO Meter_reading(value, date, paid, meter_id)
        VALUES (54, '2012-1-10', false, 125);
INSERT INTO Meter_reading(value, date, paid, meter_id)
        VALUES (99, '2012-1-18', false, 125);
INSERT INTO Meter_reading(value, date, paid, meter_id)
        VALUES (136, '2012-1-22', false, 125);
INSERT INTO Meter_reading(value, date, paid, meter_id)
        VALUES (161, '2012-2-4', false, 125);
INSERT INTO Meter_reading(value, date, paid, meter_id)
        VALUES (173, '2012-2-17', false, 125);
INSERT INTO Meter_reading(value, date, paid, meter_id)
        VALUES (215, '2012-2-27', false, 125);
INSERT INTO Meter_reading(value, date, paid, meter_id)
        VALUES (232, '2012-3-9', false, 125);
INSERT INTO Meter_reading(value, date, paid, meter_id)
        VALUES (239, '2012-3-23', false, 125);
INSERT INTO Meter_reading(value, date, paid, meter_id)
        VALUES (276, '2012-4-9', false, 125);
INSERT INTO person(person_id, name, surname, paternal_name, registration_date, email, password_hash, is_admin) 
    VALUES (63, 'test63', 'test63', '', '01/01/2012', 'test63', '098f6bcd4621d373cade4e832627b4f6', false);
INSERT INTO dweller VALUES (63);
INSERT INTO flat(flat_id, area, flat_number, balance, cladr_id, building_id)
    VALUES (63, 177, 63, 0, 1, 1);
INSERT INTO dweller_lives_in_flat(person_id, flat_id)
    VALUES (63, 63);
INSERT INTO meter(meter_id, installation_date, type, title, meter_unit_id, active, flat_id)
    VALUES (126, '01/01/2012', 'Water', 'Cold water in kitchen test63', 1, true, 63);
INSERT INTO meter(meter_id, installation_date, type, title, meter_unit_id, active, flat_id)
    VALUES (127, '01/01/2012', 'Electricity', 'Electricity in hall test63', 2, true, 63);
INSERT INTO Meter_reading(value, date, paid, meter_id)
        VALUES (287, '2012-1-8', false, 126);
INSERT INTO Meter_reading(value, date, paid, meter_id)
        VALUES (293, '2012-1-17', false, 126);
INSERT INTO Meter_reading(value, date, paid, meter_id)
        VALUES (299, '2012-2-4', false, 126);
INSERT INTO Meter_reading(value, date, paid, meter_id)
        VALUES (313, '2012-2-8', false, 126);
INSERT INTO Meter_reading(value, date, paid, meter_id)
        VALUES (333, '2012-2-11', false, 126);
INSERT INTO Meter_reading(value, date, paid, meter_id)
        VALUES (335, '2012-2-24', false, 126);
INSERT INTO Meter_reading(value, date, paid, meter_id)
        VALUES (358, '2012-3-11', false, 126);
INSERT INTO Meter_reading(value, date, paid, meter_id)
        VALUES (383, '2012-3-12', false, 126);
INSERT INTO Meter_reading(value, date, paid, meter_id)
        VALUES (411, '2012-3-26', false, 126);
INSERT INTO Meter_reading(value, date, paid, meter_id)
        VALUES (435, '2012-4-2', false, 126);
INSERT INTO Meter_reading(value, date, paid, meter_id)
        VALUES (221, '2012-1-10', false, 127);
INSERT INTO Meter_reading(value, date, paid, meter_id)
        VALUES (239, '2012-1-14', false, 127);
INSERT INTO Meter_reading(value, date, paid, meter_id)
        VALUES (254, '2012-1-17', false, 127);
INSERT INTO Meter_reading(value, date, paid, meter_id)
        VALUES (272, '2012-1-24', false, 127);
INSERT INTO Meter_reading(value, date, paid, meter_id)
        VALUES (288, '2012-1-27', false, 127);
INSERT INTO Meter_reading(value, date, paid, meter_id)
        VALUES (314, '2012-2-12', false, 127);
INSERT INTO Meter_reading(value, date, paid, meter_id)
        VALUES (338, '2012-2-19', false, 127);
INSERT INTO Meter_reading(value, date, paid, meter_id)
        VALUES (340, '2012-2-22', false, 127);
INSERT INTO Meter_reading(value, date, paid, meter_id)
        VALUES (363, '2012-3-4', false, 127);
INSERT INTO Meter_reading(value, date, paid, meter_id)
        VALUES (384, '2012-3-5', false, 127);
INSERT INTO Meter_reading(value, date, paid, meter_id)
        VALUES (397, '2012-3-10', false, 127);
INSERT INTO Meter_reading(value, date, paid, meter_id)
        VALUES (424, '2012-3-14', false, 127);
INSERT INTO Meter_reading(value, date, paid, meter_id)
        VALUES (435, '2012-3-26', false, 127);
INSERT INTO person(person_id, name, surname, paternal_name, registration_date, email, password_hash, is_admin) 
    VALUES (64, 'test64', 'test64', '', '01/01/2012', 'test64', '098f6bcd4621d373cade4e832627b4f6', false);
INSERT INTO dweller VALUES (64);
INSERT INTO flat(flat_id, area, flat_number, balance, cladr_id, building_id)
    VALUES (64, 147, 64, 0, 1, 1);
INSERT INTO dweller_lives_in_flat(person_id, flat_id)
    VALUES (64, 64);
INSERT INTO meter(meter_id, installation_date, type, title, meter_unit_id, active, flat_id)
    VALUES (128, '01/01/2012', 'Water', 'Cold water in kitchen test64', 1, true, 64);
INSERT INTO meter(meter_id, installation_date, type, title, meter_unit_id, active, flat_id)
    VALUES (129, '01/01/2012', 'Electricity', 'Electricity in hall test64', 2, true, 64);
INSERT INTO Meter_reading(value, date, paid, meter_id)
        VALUES (258, '2012-1-6', false, 128);
INSERT INTO Meter_reading(value, date, paid, meter_id)
        VALUES (274, '2012-1-11', false, 128);
INSERT INTO Meter_reading(value, date, paid, meter_id)
        VALUES (305, '2012-1-25', false, 128);
INSERT INTO Meter_reading(value, date, paid, meter_id)
        VALUES (355, '2012-2-4', false, 128);
INSERT INTO Meter_reading(value, date, paid, meter_id)
        VALUES (377, '2012-2-18', false, 128);
INSERT INTO Meter_reading(value, date, paid, meter_id)
        VALUES (445, '2012-3-4', false, 128);
INSERT INTO Meter_reading(value, date, paid, meter_id)
        VALUES (472, '2012-3-8', false, 128);
INSERT INTO Meter_reading(value, date, paid, meter_id)
        VALUES (503, '2012-3-19', false, 128);
INSERT INTO Meter_reading(value, date, paid, meter_id)
        VALUES (509, '2012-3-22', false, 128);
INSERT INTO Meter_reading(value, date, paid, meter_id)
        VALUES (539, '2012-4-7', false, 128);
INSERT INTO Meter_reading(value, date, paid, meter_id)
        VALUES (573, '2012-4-13', false, 128);
INSERT INTO Meter_reading(value, date, paid, meter_id)
        VALUES (667, '2012-4-24', false, 128);
INSERT INTO Meter_reading(value, date, paid, meter_id)
        VALUES (712, '2012-5-11', false, 128);
INSERT INTO Meter_reading(value, date, paid, meter_id)
        VALUES (79, '2012-1-13', false, 129);
INSERT INTO Meter_reading(value, date, paid, meter_id)
        VALUES (120, '2012-1-15', false, 129);
INSERT INTO Meter_reading(value, date, paid, meter_id)
        VALUES (158, '2012-1-25', false, 129);
INSERT INTO Meter_reading(value, date, paid, meter_id)
        VALUES (183, '2012-2-12', false, 129);
INSERT INTO Meter_reading(value, date, paid, meter_id)
        VALUES (222, '2012-2-13', false, 129);
INSERT INTO Meter_reading(value, date, paid, meter_id)
        VALUES (260, '2012-2-15', false, 129);
INSERT INTO Meter_reading(value, date, paid, meter_id)
        VALUES (269, '2012-3-2', false, 129);
INSERT INTO person(person_id, name, surname, paternal_name, registration_date, email, password_hash, is_admin) 
    VALUES (65, 'test65', 'test65', '', '01/01/2012', 'test65', '098f6bcd4621d373cade4e832627b4f6', false);
INSERT INTO dweller VALUES (65);
INSERT INTO flat(flat_id, area, flat_number, balance, cladr_id, building_id)
    VALUES (65, 264, 65, 0, 1, 1);
INSERT INTO dweller_lives_in_flat(person_id, flat_id)
    VALUES (65, 65);
INSERT INTO meter(meter_id, installation_date, type, title, meter_unit_id, active, flat_id)
    VALUES (130, '01/01/2012', 'Water', 'Cold water in kitchen test65', 1, true, 65);
INSERT INTO meter(meter_id, installation_date, type, title, meter_unit_id, active, flat_id)
    VALUES (131, '01/01/2012', 'Electricity', 'Electricity in hall test65', 2, true, 65);
INSERT INTO Meter_reading(value, date, paid, meter_id)
        VALUES (97, '2012-1-5', false, 130);
INSERT INTO Meter_reading(value, date, paid, meter_id)
        VALUES (137, '2012-1-19', false, 130);
INSERT INTO Meter_reading(value, date, paid, meter_id)
        VALUES (177, '2012-1-22', false, 130);
INSERT INTO Meter_reading(value, date, paid, meter_id)
        VALUES (180, '2012-2-4', false, 130);
INSERT INTO Meter_reading(value, date, paid, meter_id)
        VALUES (188, '2012-2-15', false, 130);
INSERT INTO Meter_reading(value, date, paid, meter_id)
        VALUES (232, '2012-2-20', false, 130);
INSERT INTO Meter_reading(value, date, paid, meter_id)
        VALUES (239, '2012-3-1', false, 130);
INSERT INTO Meter_reading(value, date, paid, meter_id)
        VALUES (254, '2012-3-14', false, 130);
INSERT INTO Meter_reading(value, date, paid, meter_id)
        VALUES (271, '2012-3-26', false, 130);
INSERT INTO Meter_reading(value, date, paid, meter_id)
        VALUES (314, '2012-4-7', false, 130);
INSERT INTO Meter_reading(value, date, paid, meter_id)
        VALUES (345, '2012-4-21', false, 130);
INSERT INTO Meter_reading(value, date, paid, meter_id)
        VALUES (384, '2012-4-24', false, 130);
INSERT INTO Meter_reading(value, date, paid, meter_id)
        VALUES (321, '2012-1-16', false, 131);
INSERT INTO Meter_reading(value, date, paid, meter_id)
        VALUES (356, '2012-2-2', false, 131);
INSERT INTO Meter_reading(value, date, paid, meter_id)
        VALUES (428, '2012-2-11', false, 131);
INSERT INTO Meter_reading(value, date, paid, meter_id)
        VALUES (435, '2012-2-16', false, 131);
INSERT INTO Meter_reading(value, date, paid, meter_id)
        VALUES (513, '2012-3-1', false, 131);
INSERT INTO Meter_reading(value, date, paid, meter_id)
        VALUES (536, '2012-3-13', false, 131);
INSERT INTO Meter_reading(value, date, paid, meter_id)
        VALUES (556, '2012-3-19', false, 131);
INSERT INTO Meter_reading(value, date, paid, meter_id)
        VALUES (573, '2012-3-24', false, 131);
INSERT INTO Meter_reading(value, date, paid, meter_id)
        VALUES (641, '2012-4-7', false, 131);
INSERT INTO Meter_reading(value, date, paid, meter_id)
        VALUES (725, '2012-4-13', false, 131);
INSERT INTO Meter_reading(value, date, paid, meter_id)
        VALUES (791, '2012-4-27', false, 131);
INSERT INTO Meter_reading(value, date, paid, meter_id)
        VALUES (793, '2012-5-6', false, 131);
INSERT INTO person(person_id, name, surname, paternal_name, registration_date, email, password_hash, is_admin) 
    VALUES (66, 'test66', 'test66', '', '01/01/2012', 'test66', '098f6bcd4621d373cade4e832627b4f6', false);
INSERT INTO dweller VALUES (66);
INSERT INTO flat(flat_id, area, flat_number, balance, cladr_id, building_id)
    VALUES (66, 304, 66, 0, 1, 1);
INSERT INTO dweller_lives_in_flat(person_id, flat_id)
    VALUES (66, 66);
INSERT INTO meter(meter_id, installation_date, type, title, meter_unit_id, active, flat_id)
    VALUES (132, '01/01/2012', 'Water', 'Cold water in kitchen test66', 1, true, 66);
INSERT INTO meter(meter_id, installation_date, type, title, meter_unit_id, active, flat_id)
    VALUES (133, '01/01/2012', 'Electricity', 'Electricity in hall test66', 2, true, 66);
INSERT INTO Meter_reading(value, date, paid, meter_id)
        VALUES (142, '2012-1-8', false, 132);
INSERT INTO Meter_reading(value, date, paid, meter_id)
        VALUES (151, '2012-1-16', false, 132);
INSERT INTO Meter_reading(value, date, paid, meter_id)
        VALUES (171, '2012-1-23', false, 132);
INSERT INTO Meter_reading(value, date, paid, meter_id)
        VALUES (253, '2012-2-10', false, 132);
INSERT INTO Meter_reading(value, date, paid, meter_id)
        VALUES (292, '2012-2-20', false, 132);
INSERT INTO Meter_reading(value, date, paid, meter_id)
        VALUES (323, '2012-2-23', false, 132);
INSERT INTO Meter_reading(value, date, paid, meter_id)
        VALUES (398, '2012-3-8', false, 132);
INSERT INTO Meter_reading(value, date, paid, meter_id)
        VALUES (251, '2012-1-12', false, 133);
INSERT INTO Meter_reading(value, date, paid, meter_id)
        VALUES (272, '2012-1-20', false, 133);
INSERT INTO Meter_reading(value, date, paid, meter_id)
        VALUES (295, '2012-1-27', false, 133);
INSERT INTO Meter_reading(value, date, paid, meter_id)
        VALUES (320, '2012-2-3', false, 133);
INSERT INTO Meter_reading(value, date, paid, meter_id)
        VALUES (332, '2012-2-9', false, 133);
INSERT INTO Meter_reading(value, date, paid, meter_id)
        VALUES (347, '2012-2-16', false, 133);
INSERT INTO Meter_reading(value, date, paid, meter_id)
        VALUES (365, '2012-2-24', false, 133);
INSERT INTO Meter_reading(value, date, paid, meter_id)
        VALUES (370, '2012-3-5', false, 133);
INSERT INTO Meter_reading(value, date, paid, meter_id)
        VALUES (382, '2012-3-9', false, 133);
INSERT INTO Meter_reading(value, date, paid, meter_id)
        VALUES (387, '2012-3-11', false, 133);
INSERT INTO person(person_id, name, surname, paternal_name, registration_date, email, password_hash, is_admin) 
    VALUES (67, 'test67', 'test67', '', '01/01/2012', 'test67', '098f6bcd4621d373cade4e832627b4f6', false);
INSERT INTO dweller VALUES (67);
INSERT INTO flat(flat_id, area, flat_number, balance, cladr_id, building_id)
    VALUES (67, 305, 67, 0, 1, 1);
INSERT INTO dweller_lives_in_flat(person_id, flat_id)
    VALUES (67, 67);
INSERT INTO meter(meter_id, installation_date, type, title, meter_unit_id, active, flat_id)
    VALUES (134, '01/01/2012', 'Water', 'Cold water in kitchen test67', 1, true, 67);
INSERT INTO meter(meter_id, installation_date, type, title, meter_unit_id, active, flat_id)
    VALUES (135, '01/01/2012', 'Electricity', 'Electricity in hall test67', 2, true, 67);
INSERT INTO Meter_reading(value, date, paid, meter_id)
        VALUES (195, '2012-1-14', false, 134);
INSERT INTO Meter_reading(value, date, paid, meter_id)
        VALUES (205, '2012-1-18', false, 134);
INSERT INTO Meter_reading(value, date, paid, meter_id)
        VALUES (213, '2012-1-24', false, 134);
INSERT INTO Meter_reading(value, date, paid, meter_id)
        VALUES (219, '2012-2-2', false, 134);
INSERT INTO Meter_reading(value, date, paid, meter_id)
        VALUES (232, '2012-2-15', false, 134);
INSERT INTO Meter_reading(value, date, paid, meter_id)
        VALUES (237, '2012-2-23', false, 134);
INSERT INTO Meter_reading(value, date, paid, meter_id)
        VALUES (254, '2012-3-7', false, 134);
INSERT INTO Meter_reading(value, date, paid, meter_id)
        VALUES (151, '2012-1-13', false, 135);
INSERT INTO Meter_reading(value, date, paid, meter_id)
        VALUES (169, '2012-1-26', false, 135);
INSERT INTO Meter_reading(value, date, paid, meter_id)
        VALUES (186, '2012-2-6', false, 135);
INSERT INTO Meter_reading(value, date, paid, meter_id)
        VALUES (209, '2012-2-19', false, 135);
INSERT INTO Meter_reading(value, date, paid, meter_id)
        VALUES (218, '2012-3-4', false, 135);
INSERT INTO Meter_reading(value, date, paid, meter_id)
        VALUES (233, '2012-3-18', false, 135);
INSERT INTO Meter_reading(value, date, paid, meter_id)
        VALUES (246, '2012-3-20', false, 135);
INSERT INTO Meter_reading(value, date, paid, meter_id)
        VALUES (257, '2012-3-24', false, 135);
INSERT INTO Meter_reading(value, date, paid, meter_id)
        VALUES (269, '2012-4-5', false, 135);
INSERT INTO Meter_reading(value, date, paid, meter_id)
        VALUES (294, '2012-4-12', false, 135);
INSERT INTO Meter_reading(value, date, paid, meter_id)
        VALUES (313, '2012-4-16', false, 135);
INSERT INTO Meter_reading(value, date, paid, meter_id)
        VALUES (329, '2012-5-3', false, 135);
INSERT INTO Meter_reading(value, date, paid, meter_id)
        VALUES (336, '2012-5-6', false, 135);
INSERT INTO person(person_id, name, surname, paternal_name, registration_date, email, password_hash, is_admin) 
    VALUES (68, 'test68', 'test68', '', '01/01/2012', 'test68', '098f6bcd4621d373cade4e832627b4f6', false);
INSERT INTO dweller VALUES (68);
INSERT INTO flat(flat_id, area, flat_number, balance, cladr_id, building_id)
    VALUES (68, 66, 68, 0, 1, 1);
INSERT INTO dweller_lives_in_flat(person_id, flat_id)
    VALUES (68, 68);
INSERT INTO meter(meter_id, installation_date, type, title, meter_unit_id, active, flat_id)
    VALUES (136, '01/01/2012', 'Water', 'Cold water in kitchen test68', 1, true, 68);
INSERT INTO meter(meter_id, installation_date, type, title, meter_unit_id, active, flat_id)
    VALUES (137, '01/01/2012', 'Electricity', 'Electricity in hall test68', 2, true, 68);
INSERT INTO Meter_reading(value, date, paid, meter_id)
        VALUES (258, '2012-1-7', false, 136);
INSERT INTO Meter_reading(value, date, paid, meter_id)
        VALUES (265, '2012-1-19', false, 136);
INSERT INTO Meter_reading(value, date, paid, meter_id)
        VALUES (287, '2012-2-6', false, 136);
INSERT INTO Meter_reading(value, date, paid, meter_id)
        VALUES (309, '2012-2-10', false, 136);
INSERT INTO Meter_reading(value, date, paid, meter_id)
        VALUES (323, '2012-2-13', false, 136);
INSERT INTO Meter_reading(value, date, paid, meter_id)
        VALUES (338, '2012-2-22', false, 136);
INSERT INTO Meter_reading(value, date, paid, meter_id)
        VALUES (351, '2012-2-25', false, 136);
INSERT INTO Meter_reading(value, date, paid, meter_id)
        VALUES (365, '2012-3-7', false, 136);
INSERT INTO Meter_reading(value, date, paid, meter_id)
        VALUES (114, '2012-1-9', false, 137);
INSERT INTO Meter_reading(value, date, paid, meter_id)
        VALUES (146, '2012-1-14', false, 137);
INSERT INTO Meter_reading(value, date, paid, meter_id)
        VALUES (170, '2012-1-16', false, 137);
INSERT INTO Meter_reading(value, date, paid, meter_id)
        VALUES (206, '2012-1-22', false, 137);
INSERT INTO Meter_reading(value, date, paid, meter_id)
        VALUES (231, '2012-2-2', false, 137);
INSERT INTO person(person_id, name, surname, paternal_name, registration_date, email, password_hash, is_admin) 
    VALUES (69, 'test69', 'test69', '', '01/01/2012', 'test69', '098f6bcd4621d373cade4e832627b4f6', false);
INSERT INTO dweller VALUES (69);
INSERT INTO flat(flat_id, area, flat_number, balance, cladr_id, building_id)
    VALUES (69, 294, 69, 0, 1, 1);
INSERT INTO dweller_lives_in_flat(person_id, flat_id)
    VALUES (69, 69);
INSERT INTO meter(meter_id, installation_date, type, title, meter_unit_id, active, flat_id)
    VALUES (138, '01/01/2012', 'Water', 'Cold water in kitchen test69', 1, true, 69);
INSERT INTO meter(meter_id, installation_date, type, title, meter_unit_id, active, flat_id)
    VALUES (139, '01/01/2012', 'Electricity', 'Electricity in hall test69', 2, true, 69);
INSERT INTO Meter_reading(value, date, paid, meter_id)
        VALUES (160, '2012-1-13', false, 138);
INSERT INTO Meter_reading(value, date, paid, meter_id)
        VALUES (171, '2012-1-25', false, 138);
INSERT INTO Meter_reading(value, date, paid, meter_id)
        VALUES (172, '2012-2-5', false, 138);
INSERT INTO Meter_reading(value, date, paid, meter_id)
        VALUES (183, '2012-2-19', false, 138);
INSERT INTO Meter_reading(value, date, paid, meter_id)
        VALUES (191, '2012-3-6', false, 138);
INSERT INTO Meter_reading(value, date, paid, meter_id)
        VALUES (200, '2012-3-13', false, 138);
INSERT INTO Meter_reading(value, date, paid, meter_id)
        VALUES (225, '2012-3-27', false, 138);
INSERT INTO Meter_reading(value, date, paid, meter_id)
        VALUES (245, '2012-4-9', false, 138);
INSERT INTO Meter_reading(value, date, paid, meter_id)
        VALUES (254, '2012-4-23', false, 138);
INSERT INTO Meter_reading(value, date, paid, meter_id)
        VALUES (265, '2012-5-9', false, 138);
INSERT INTO Meter_reading(value, date, paid, meter_id)
        VALUES (289, '2012-5-19', false, 138);
INSERT INTO Meter_reading(value, date, paid, meter_id)
        VALUES (297, '2012-6-6', false, 138);
INSERT INTO Meter_reading(value, date, paid, meter_id)
        VALUES (10, '2012-1-11', false, 139);
INSERT INTO Meter_reading(value, date, paid, meter_id)
        VALUES (14, '2012-1-16', false, 139);
INSERT INTO Meter_reading(value, date, paid, meter_id)
        VALUES (16, '2012-1-21', false, 139);
INSERT INTO Meter_reading(value, date, paid, meter_id)
        VALUES (19, '2012-1-22', false, 139);
INSERT INTO Meter_reading(value, date, paid, meter_id)
        VALUES (22, '2012-1-25', false, 139);
INSERT INTO Meter_reading(value, date, paid, meter_id)
        VALUES (25, '2012-2-7', false, 139);
INSERT INTO Meter_reading(value, date, paid, meter_id)
        VALUES (29, '2012-2-17', false, 139);
INSERT INTO Meter_reading(value, date, paid, meter_id)
        VALUES (32, '2012-2-27', false, 139);
INSERT INTO Meter_reading(value, date, paid, meter_id)
        VALUES (34, '2012-3-1', false, 139);
INSERT INTO Meter_reading(value, date, paid, meter_id)
        VALUES (36, '2012-3-12', false, 139);
INSERT INTO Meter_reading(value, date, paid, meter_id)
        VALUES (40, '2012-3-21', false, 139);
INSERT INTO Meter_reading(value, date, paid, meter_id)
        VALUES (41, '2012-4-5', false, 139);
INSERT INTO person(person_id, name, surname, paternal_name, registration_date, email, password_hash, is_admin) 
    VALUES (70, 'test70', 'test70', '', '01/01/2012', 'test70', '098f6bcd4621d373cade4e832627b4f6', false);
INSERT INTO dweller VALUES (70);
INSERT INTO flat(flat_id, area, flat_number, balance, cladr_id, building_id)
    VALUES (70, 253, 70, 0, 1, 1);
INSERT INTO dweller_lives_in_flat(person_id, flat_id)
    VALUES (70, 70);
INSERT INTO meter(meter_id, installation_date, type, title, meter_unit_id, active, flat_id)
    VALUES (140, '01/01/2012', 'Water', 'Cold water in kitchen test70', 1, true, 70);
INSERT INTO meter(meter_id, installation_date, type, title, meter_unit_id, active, flat_id)
    VALUES (141, '01/01/2012', 'Electricity', 'Electricity in hall test70', 2, true, 70);
INSERT INTO Meter_reading(value, date, paid, meter_id)
        VALUES (144, '2012-1-11', false, 140);
INSERT INTO Meter_reading(value, date, paid, meter_id)
        VALUES (197, '2012-1-19', false, 140);
INSERT INTO Meter_reading(value, date, paid, meter_id)
        VALUES (242, '2012-2-6', false, 140);
INSERT INTO Meter_reading(value, date, paid, meter_id)
        VALUES (289, '2012-2-16', false, 140);
INSERT INTO Meter_reading(value, date, paid, meter_id)
        VALUES (358, '2012-2-19', false, 140);
INSERT INTO Meter_reading(value, date, paid, meter_id)
        VALUES (405, '2012-3-5', false, 140);
INSERT INTO Meter_reading(value, date, paid, meter_id)
        VALUES (449, '2012-3-6', false, 140);
INSERT INTO Meter_reading(value, date, paid, meter_id)
        VALUES (518, '2012-3-7', false, 140);
INSERT INTO Meter_reading(value, date, paid, meter_id)
        VALUES (532, '2012-3-18', false, 140);
INSERT INTO Meter_reading(value, date, paid, meter_id)
        VALUES (538, '2012-3-26', false, 140);
INSERT INTO Meter_reading(value, date, paid, meter_id)
        VALUES (193, '2012-1-3', false, 141);
INSERT INTO Meter_reading(value, date, paid, meter_id)
        VALUES (229, '2012-1-17', false, 141);
INSERT INTO Meter_reading(value, date, paid, meter_id)
        VALUES (304, '2012-2-2', false, 141);
INSERT INTO Meter_reading(value, date, paid, meter_id)
        VALUES (328, '2012-2-6', false, 141);
INSERT INTO Meter_reading(value, date, paid, meter_id)
        VALUES (348, '2012-2-7', false, 141);
INSERT INTO person(person_id, name, surname, paternal_name, registration_date, email, password_hash, is_admin) 
    VALUES (71, 'test71', 'test71', '', '01/01/2012', 'test71', '098f6bcd4621d373cade4e832627b4f6', false);
INSERT INTO dweller VALUES (71);
INSERT INTO flat(flat_id, area, flat_number, balance, cladr_id, building_id)
    VALUES (71, 265, 71, 0, 1, 1);
INSERT INTO dweller_lives_in_flat(person_id, flat_id)
    VALUES (71, 71);
INSERT INTO meter(meter_id, installation_date, type, title, meter_unit_id, active, flat_id)
    VALUES (142, '01/01/2012', 'Water', 'Cold water in kitchen test71', 1, true, 71);
INSERT INTO meter(meter_id, installation_date, type, title, meter_unit_id, active, flat_id)
    VALUES (143, '01/01/2012', 'Electricity', 'Electricity in hall test71', 2, true, 71);
INSERT INTO Meter_reading(value, date, paid, meter_id)
        VALUES (88, '2012-1-7', false, 142);
INSERT INTO Meter_reading(value, date, paid, meter_id)
        VALUES (118, '2012-1-8', false, 142);
INSERT INTO Meter_reading(value, date, paid, meter_id)
        VALUES (153, '2012-1-18', false, 142);
INSERT INTO Meter_reading(value, date, paid, meter_id)
        VALUES (193, '2012-2-2', false, 142);
INSERT INTO Meter_reading(value, date, paid, meter_id)
        VALUES (234, '2012-2-3', false, 142);
INSERT INTO Meter_reading(value, date, paid, meter_id)
        VALUES (265, '2012-2-6', false, 142);
INSERT INTO Meter_reading(value, date, paid, meter_id)
        VALUES (17, '2012-1-5', false, 143);
INSERT INTO Meter_reading(value, date, paid, meter_id)
        VALUES (44, '2012-1-7', false, 143);
INSERT INTO Meter_reading(value, date, paid, meter_id)
        VALUES (51, '2012-1-12', false, 143);
INSERT INTO Meter_reading(value, date, paid, meter_id)
        VALUES (57, '2012-1-13', false, 143);
INSERT INTO Meter_reading(value, date, paid, meter_id)
        VALUES (62, '2012-1-22', false, 143);
INSERT INTO Meter_reading(value, date, paid, meter_id)
        VALUES (84, '2012-2-3', false, 143);
INSERT INTO Meter_reading(value, date, paid, meter_id)
        VALUES (104, '2012-2-17', false, 143);
INSERT INTO Meter_reading(value, date, paid, meter_id)
        VALUES (133, '2012-3-1', false, 143);
INSERT INTO Meter_reading(value, date, paid, meter_id)
        VALUES (162, '2012-3-5', false, 143);
INSERT INTO Meter_reading(value, date, paid, meter_id)
        VALUES (189, '2012-3-17', false, 143);
INSERT INTO Meter_reading(value, date, paid, meter_id)
        VALUES (191, '2012-4-1', false, 143);
INSERT INTO Meter_reading(value, date, paid, meter_id)
        VALUES (194, '2012-4-5', false, 143);
INSERT INTO Meter_reading(value, date, paid, meter_id)
        VALUES (214, '2012-4-18', false, 143);
INSERT INTO Meter_reading(value, date, paid, meter_id)
        VALUES (242, '2012-4-25', false, 143);
INSERT INTO person(person_id, name, surname, paternal_name, registration_date, email, password_hash, is_admin) 
    VALUES (72, 'test72', 'test72', '', '01/01/2012', 'test72', '098f6bcd4621d373cade4e832627b4f6', false);
INSERT INTO dweller VALUES (72);
INSERT INTO flat(flat_id, area, flat_number, balance, cladr_id, building_id)
    VALUES (72, 117, 72, 0, 1, 1);
INSERT INTO dweller_lives_in_flat(person_id, flat_id)
    VALUES (72, 72);
INSERT INTO meter(meter_id, installation_date, type, title, meter_unit_id, active, flat_id)
    VALUES (144, '01/01/2012', 'Water', 'Cold water in kitchen test72', 1, true, 72);
INSERT INTO meter(meter_id, installation_date, type, title, meter_unit_id, active, flat_id)
    VALUES (145, '01/01/2012', 'Electricity', 'Electricity in hall test72', 2, true, 72);
INSERT INTO Meter_reading(value, date, paid, meter_id)
        VALUES (63, '2012-1-11', false, 144);
INSERT INTO Meter_reading(value, date, paid, meter_id)
        VALUES (86, '2012-1-19', false, 144);
INSERT INTO Meter_reading(value, date, paid, meter_id)
        VALUES (93, '2012-2-1', false, 144);
INSERT INTO Meter_reading(value, date, paid, meter_id)
        VALUES (111, '2012-2-5', false, 144);
INSERT INTO Meter_reading(value, date, paid, meter_id)
        VALUES (126, '2012-2-8', false, 144);
INSERT INTO Meter_reading(value, date, paid, meter_id)
        VALUES (135, '2012-2-21', false, 144);
INSERT INTO Meter_reading(value, date, paid, meter_id)
        VALUES (152, '2012-3-5', false, 144);
INSERT INTO Meter_reading(value, date, paid, meter_id)
        VALUES (160, '2012-3-11', false, 144);
INSERT INTO Meter_reading(value, date, paid, meter_id)
        VALUES (237, '2012-1-7', false, 145);
INSERT INTO Meter_reading(value, date, paid, meter_id)
        VALUES (243, '2012-1-20', false, 145);
INSERT INTO Meter_reading(value, date, paid, meter_id)
        VALUES (261, '2012-1-24', false, 145);
INSERT INTO Meter_reading(value, date, paid, meter_id)
        VALUES (280, '2012-2-8', false, 145);
INSERT INTO Meter_reading(value, date, paid, meter_id)
        VALUES (286, '2012-2-19', false, 145);
INSERT INTO person(person_id, name, surname, paternal_name, registration_date, email, password_hash, is_admin) 
    VALUES (73, 'test73', 'test73', '', '01/01/2012', 'test73', '098f6bcd4621d373cade4e832627b4f6', false);
INSERT INTO dweller VALUES (73);
INSERT INTO flat(flat_id, area, flat_number, balance, cladr_id, building_id)
    VALUES (73, 316, 73, 0, 1, 1);
INSERT INTO dweller_lives_in_flat(person_id, flat_id)
    VALUES (73, 73);
INSERT INTO meter(meter_id, installation_date, type, title, meter_unit_id, active, flat_id)
    VALUES (146, '01/01/2012', 'Water', 'Cold water in kitchen test73', 1, true, 73);
INSERT INTO meter(meter_id, installation_date, type, title, meter_unit_id, active, flat_id)
    VALUES (147, '01/01/2012', 'Electricity', 'Electricity in hall test73', 2, true, 73);
INSERT INTO Meter_reading(value, date, paid, meter_id)
        VALUES (292, '2012-1-8', false, 146);
INSERT INTO Meter_reading(value, date, paid, meter_id)
        VALUES (303, '2012-1-17', false, 146);
INSERT INTO Meter_reading(value, date, paid, meter_id)
        VALUES (311, '2012-1-19', false, 146);
INSERT INTO Meter_reading(value, date, paid, meter_id)
        VALUES (329, '2012-1-20', false, 146);
INSERT INTO Meter_reading(value, date, paid, meter_id)
        VALUES (331, '2012-1-26', false, 146);
INSERT INTO Meter_reading(value, date, paid, meter_id)
        VALUES (341, '2012-2-1', false, 146);
INSERT INTO Meter_reading(value, date, paid, meter_id)
        VALUES (350, '2012-2-7', false, 146);
INSERT INTO Meter_reading(value, date, paid, meter_id)
        VALUES (360, '2012-2-16', false, 146);
INSERT INTO Meter_reading(value, date, paid, meter_id)
        VALUES (369, '2012-2-27', false, 146);
INSERT INTO Meter_reading(value, date, paid, meter_id)
        VALUES (372, '2012-3-7', false, 146);
INSERT INTO Meter_reading(value, date, paid, meter_id)
        VALUES (374, '2012-3-13', false, 146);
INSERT INTO Meter_reading(value, date, paid, meter_id)
        VALUES (377, '2012-3-18', false, 146);
INSERT INTO Meter_reading(value, date, paid, meter_id)
        VALUES (386, '2012-3-20', false, 146);
INSERT INTO Meter_reading(value, date, paid, meter_id)
        VALUES (390, '2012-4-5', false, 146);
INSERT INTO Meter_reading(value, date, paid, meter_id)
        VALUES (52, '2012-1-10', false, 147);
INSERT INTO Meter_reading(value, date, paid, meter_id)
        VALUES (58, '2012-1-13', false, 147);
INSERT INTO Meter_reading(value, date, paid, meter_id)
        VALUES (69, '2012-1-19', false, 147);
INSERT INTO Meter_reading(value, date, paid, meter_id)
        VALUES (84, '2012-1-27', false, 147);
INSERT INTO Meter_reading(value, date, paid, meter_id)
        VALUES (86, '2012-2-7', false, 147);
INSERT INTO Meter_reading(value, date, paid, meter_id)
        VALUES (101, '2012-2-15', false, 147);
INSERT INTO Meter_reading(value, date, paid, meter_id)
        VALUES (102, '2012-2-16', false, 147);
INSERT INTO Meter_reading(value, date, paid, meter_id)
        VALUES (122, '2012-2-23', false, 147);
INSERT INTO Meter_reading(value, date, paid, meter_id)
        VALUES (129, '2012-2-27', false, 147);
INSERT INTO Meter_reading(value, date, paid, meter_id)
        VALUES (149, '2012-3-13', false, 147);
INSERT INTO person(person_id, name, surname, paternal_name, registration_date, email, password_hash, is_admin) 
    VALUES (74, 'test74', 'test74', '', '01/01/2012', 'test74', '098f6bcd4621d373cade4e832627b4f6', false);
INSERT INTO dweller VALUES (74);
INSERT INTO flat(flat_id, area, flat_number, balance, cladr_id, building_id)
    VALUES (74, 266, 74, 0, 1, 1);
INSERT INTO dweller_lives_in_flat(person_id, flat_id)
    VALUES (74, 74);
INSERT INTO meter(meter_id, installation_date, type, title, meter_unit_id, active, flat_id)
    VALUES (148, '01/01/2012', 'Water', 'Cold water in kitchen test74', 1, true, 74);
INSERT INTO meter(meter_id, installation_date, type, title, meter_unit_id, active, flat_id)
    VALUES (149, '01/01/2012', 'Electricity', 'Electricity in hall test74', 2, true, 74);
INSERT INTO Meter_reading(value, date, paid, meter_id)
        VALUES (66, '2012-1-5', false, 148);
INSERT INTO Meter_reading(value, date, paid, meter_id)
        VALUES (89, '2012-1-10', false, 148);
INSERT INTO Meter_reading(value, date, paid, meter_id)
        VALUES (105, '2012-1-17', false, 148);
INSERT INTO Meter_reading(value, date, paid, meter_id)
        VALUES (134, '2012-1-24', false, 148);
INSERT INTO Meter_reading(value, date, paid, meter_id)
        VALUES (148, '2012-2-9', false, 148);
INSERT INTO Meter_reading(value, date, paid, meter_id)
        VALUES (175, '2012-2-22', false, 148);
INSERT INTO Meter_reading(value, date, paid, meter_id)
        VALUES (203, '2012-3-2', false, 148);
INSERT INTO Meter_reading(value, date, paid, meter_id)
        VALUES (221, '2012-3-4', false, 148);
INSERT INTO Meter_reading(value, date, paid, meter_id)
        VALUES (237, '2012-3-13', false, 148);
INSERT INTO Meter_reading(value, date, paid, meter_id)
        VALUES (241, '2012-3-27', false, 148);
INSERT INTO Meter_reading(value, date, paid, meter_id)
        VALUES (19, '2012-1-8', false, 149);
INSERT INTO Meter_reading(value, date, paid, meter_id)
        VALUES (26, '2012-1-19', false, 149);
INSERT INTO Meter_reading(value, date, paid, meter_id)
        VALUES (52, '2012-2-6', false, 149);
INSERT INTO Meter_reading(value, date, paid, meter_id)
        VALUES (68, '2012-2-20', false, 149);
INSERT INTO Meter_reading(value, date, paid, meter_id)
        VALUES (95, '2012-2-21', false, 149);
INSERT INTO Meter_reading(value, date, paid, meter_id)
        VALUES (123, '2012-3-8', false, 149);
INSERT INTO Meter_reading(value, date, paid, meter_id)
        VALUES (146, '2012-3-21', false, 149);
INSERT INTO Meter_reading(value, date, paid, meter_id)
        VALUES (150, '2012-3-25', false, 149);
INSERT INTO Meter_reading(value, date, paid, meter_id)
        VALUES (156, '2012-4-9', false, 149);
INSERT INTO Meter_reading(value, date, paid, meter_id)
        VALUES (159, '2012-4-19', false, 149);
INSERT INTO Meter_reading(value, date, paid, meter_id)
        VALUES (168, '2012-4-24', false, 149);
INSERT INTO Meter_reading(value, date, paid, meter_id)
        VALUES (183, '2012-5-5', false, 149);
INSERT INTO person(person_id, name, surname, paternal_name, registration_date, email, password_hash, is_admin) 
    VALUES (75, 'test75', 'test75', '', '01/01/2012', 'test75', '098f6bcd4621d373cade4e832627b4f6', false);
INSERT INTO dweller VALUES (75);
INSERT INTO flat(flat_id, area, flat_number, balance, cladr_id, building_id)
    VALUES (75, 167, 75, 0, 1, 1);
INSERT INTO dweller_lives_in_flat(person_id, flat_id)
    VALUES (75, 75);
INSERT INTO meter(meter_id, installation_date, type, title, meter_unit_id, active, flat_id)
    VALUES (150, '01/01/2012', 'Water', 'Cold water in kitchen test75', 1, true, 75);
INSERT INTO meter(meter_id, installation_date, type, title, meter_unit_id, active, flat_id)
    VALUES (151, '01/01/2012', 'Electricity', 'Electricity in hall test75', 2, true, 75);
INSERT INTO Meter_reading(value, date, paid, meter_id)
        VALUES (159, '2012-1-12', false, 150);
INSERT INTO Meter_reading(value, date, paid, meter_id)
        VALUES (213, '2012-1-24', false, 150);
INSERT INTO Meter_reading(value, date, paid, meter_id)
        VALUES (284, '2012-2-11', false, 150);
INSERT INTO Meter_reading(value, date, paid, meter_id)
        VALUES (296, '2012-2-15', false, 150);
INSERT INTO Meter_reading(value, date, paid, meter_id)
        VALUES (310, '2012-2-20', false, 150);
INSERT INTO Meter_reading(value, date, paid, meter_id)
        VALUES (385, '2012-2-22', false, 150);
INSERT INTO Meter_reading(value, date, paid, meter_id)
        VALUES (202, '2012-1-14', false, 151);
INSERT INTO Meter_reading(value, date, paid, meter_id)
        VALUES (262, '2012-1-21', false, 151);
INSERT INTO Meter_reading(value, date, paid, meter_id)
        VALUES (301, '2012-1-24', false, 151);
INSERT INTO Meter_reading(value, date, paid, meter_id)
        VALUES (308, '2012-2-11', false, 151);
INSERT INTO Meter_reading(value, date, paid, meter_id)
        VALUES (317, '2012-2-20', false, 151);
INSERT INTO Meter_reading(value, date, paid, meter_id)
        VALUES (345, '2012-3-7', false, 151);
INSERT INTO Meter_reading(value, date, paid, meter_id)
        VALUES (406, '2012-3-18', false, 151);
INSERT INTO Meter_reading(value, date, paid, meter_id)
        VALUES (422, '2012-4-5', false, 151);
INSERT INTO Meter_reading(value, date, paid, meter_id)
        VALUES (455, '2012-4-18', false, 151);
INSERT INTO Meter_reading(value, date, paid, meter_id)
        VALUES (495, '2012-5-1', false, 151);
INSERT INTO Meter_reading(value, date, paid, meter_id)
        VALUES (535, '2012-5-6', false, 151);
INSERT INTO person(person_id, name, surname, paternal_name, registration_date, email, password_hash, is_admin) 
    VALUES (76, 'test76', 'test76', '', '01/01/2012', 'test76', '098f6bcd4621d373cade4e832627b4f6', false);
INSERT INTO dweller VALUES (76);
INSERT INTO flat(flat_id, area, flat_number, balance, cladr_id, building_id)
    VALUES (76, 62, 76, 0, 1, 1);
INSERT INTO dweller_lives_in_flat(person_id, flat_id)
    VALUES (76, 76);
INSERT INTO meter(meter_id, installation_date, type, title, meter_unit_id, active, flat_id)
    VALUES (152, '01/01/2012', 'Water', 'Cold water in kitchen test76', 1, true, 76);
INSERT INTO meter(meter_id, installation_date, type, title, meter_unit_id, active, flat_id)
    VALUES (153, '01/01/2012', 'Electricity', 'Electricity in hall test76', 2, true, 76);
INSERT INTO Meter_reading(value, date, paid, meter_id)
        VALUES (290, '2012-1-3', false, 152);
INSERT INTO Meter_reading(value, date, paid, meter_id)
        VALUES (309, '2012-1-12', false, 152);
INSERT INTO Meter_reading(value, date, paid, meter_id)
        VALUES (316, '2012-1-16', false, 152);
INSERT INTO Meter_reading(value, date, paid, meter_id)
        VALUES (335, '2012-1-25', false, 152);
INSERT INTO Meter_reading(value, date, paid, meter_id)
        VALUES (342, '2012-2-7', false, 152);
INSERT INTO Meter_reading(value, date, paid, meter_id)
        VALUES (366, '2012-2-11', false, 152);
INSERT INTO Meter_reading(value, date, paid, meter_id)
        VALUES (380, '2012-2-18', false, 152);
INSERT INTO Meter_reading(value, date, paid, meter_id)
        VALUES (387, '2012-2-19', false, 152);
INSERT INTO Meter_reading(value, date, paid, meter_id)
        VALUES (391, '2012-3-5', false, 152);
INSERT INTO Meter_reading(value, date, paid, meter_id)
        VALUES (403, '2012-3-14', false, 152);
INSERT INTO Meter_reading(value, date, paid, meter_id)
        VALUES (413, '2012-3-22', false, 152);
INSERT INTO Meter_reading(value, date, paid, meter_id)
        VALUES (246, '2012-1-11', false, 153);
INSERT INTO Meter_reading(value, date, paid, meter_id)
        VALUES (283, '2012-1-17', false, 153);
INSERT INTO Meter_reading(value, date, paid, meter_id)
        VALUES (314, '2012-1-20', false, 153);
INSERT INTO Meter_reading(value, date, paid, meter_id)
        VALUES (345, '2012-2-4', false, 153);
INSERT INTO Meter_reading(value, date, paid, meter_id)
        VALUES (356, '2012-2-18', false, 153);
INSERT INTO person(person_id, name, surname, paternal_name, registration_date, email, password_hash, is_admin) 
    VALUES (77, 'test77', 'test77', '', '01/01/2012', 'test77', '098f6bcd4621d373cade4e832627b4f6', false);
INSERT INTO dweller VALUES (77);
INSERT INTO flat(flat_id, area, flat_number, balance, cladr_id, building_id)
    VALUES (77, 134, 77, 0, 1, 1);
INSERT INTO dweller_lives_in_flat(person_id, flat_id)
    VALUES (77, 77);
INSERT INTO meter(meter_id, installation_date, type, title, meter_unit_id, active, flat_id)
    VALUES (154, '01/01/2012', 'Water', 'Cold water in kitchen test77', 1, true, 77);
INSERT INTO meter(meter_id, installation_date, type, title, meter_unit_id, active, flat_id)
    VALUES (155, '01/01/2012', 'Electricity', 'Electricity in hall test77', 2, true, 77);
INSERT INTO Meter_reading(value, date, paid, meter_id)
        VALUES (158, '2012-1-7', false, 154);
INSERT INTO Meter_reading(value, date, paid, meter_id)
        VALUES (175, '2012-1-18', false, 154);
INSERT INTO Meter_reading(value, date, paid, meter_id)
        VALUES (192, '2012-2-1', false, 154);
INSERT INTO Meter_reading(value, date, paid, meter_id)
        VALUES (201, '2012-2-10', false, 154);
INSERT INTO Meter_reading(value, date, paid, meter_id)
        VALUES (205, '2012-2-17', false, 154);
INSERT INTO Meter_reading(value, date, paid, meter_id)
        VALUES (212, '2012-2-23', false, 154);
INSERT INTO Meter_reading(value, date, paid, meter_id)
        VALUES (220, '2012-3-2', false, 154);
INSERT INTO Meter_reading(value, date, paid, meter_id)
        VALUES (233, '2012-3-3', false, 154);
INSERT INTO Meter_reading(value, date, paid, meter_id)
        VALUES (251, '2012-3-13', false, 154);
INSERT INTO Meter_reading(value, date, paid, meter_id)
        VALUES (50, '2012-1-13', false, 155);
INSERT INTO Meter_reading(value, date, paid, meter_id)
        VALUES (58, '2012-1-21', false, 155);
INSERT INTO Meter_reading(value, date, paid, meter_id)
        VALUES (60, '2012-2-4', false, 155);
INSERT INTO Meter_reading(value, date, paid, meter_id)
        VALUES (83, '2012-2-15', false, 155);
INSERT INTO Meter_reading(value, date, paid, meter_id)
        VALUES (102, '2012-2-19', false, 155);
INSERT INTO Meter_reading(value, date, paid, meter_id)
        VALUES (122, '2012-3-3', false, 155);
INSERT INTO Meter_reading(value, date, paid, meter_id)
        VALUES (144, '2012-3-15', false, 155);
INSERT INTO person(person_id, name, surname, paternal_name, registration_date, email, password_hash, is_admin) 
    VALUES (78, 'test78', 'test78', '', '01/01/2012', 'test78', '098f6bcd4621d373cade4e832627b4f6', false);
INSERT INTO dweller VALUES (78);
INSERT INTO flat(flat_id, area, flat_number, balance, cladr_id, building_id)
    VALUES (78, 92, 78, 0, 1, 1);
INSERT INTO dweller_lives_in_flat(person_id, flat_id)
    VALUES (78, 78);
INSERT INTO meter(meter_id, installation_date, type, title, meter_unit_id, active, flat_id)
    VALUES (156, '01/01/2012', 'Water', 'Cold water in kitchen test78', 1, true, 78);
INSERT INTO meter(meter_id, installation_date, type, title, meter_unit_id, active, flat_id)
    VALUES (157, '01/01/2012', 'Electricity', 'Electricity in hall test78', 2, true, 78);
INSERT INTO Meter_reading(value, date, paid, meter_id)
        VALUES (106, '2012-1-6', false, 156);
INSERT INTO Meter_reading(value, date, paid, meter_id)
        VALUES (124, '2012-1-20', false, 156);
INSERT INTO Meter_reading(value, date, paid, meter_id)
        VALUES (133, '2012-1-24', false, 156);
INSERT INTO Meter_reading(value, date, paid, meter_id)
        VALUES (137, '2012-2-10', false, 156);
INSERT INTO Meter_reading(value, date, paid, meter_id)
        VALUES (141, '2012-2-24', false, 156);
INSERT INTO Meter_reading(value, date, paid, meter_id)
        VALUES (145, '2012-3-6', false, 156);
INSERT INTO Meter_reading(value, date, paid, meter_id)
        VALUES (148, '2012-3-15', false, 156);
INSERT INTO Meter_reading(value, date, paid, meter_id)
        VALUES (151, '2012-3-26', false, 156);
INSERT INTO Meter_reading(value, date, paid, meter_id)
        VALUES (153, '2012-4-12', false, 156);
INSERT INTO Meter_reading(value, date, paid, meter_id)
        VALUES (166, '2012-4-23', false, 156);
INSERT INTO Meter_reading(value, date, paid, meter_id)
        VALUES (186, '2012-5-10', false, 156);
INSERT INTO Meter_reading(value, date, paid, meter_id)
        VALUES (199, '2012-5-21', false, 156);
INSERT INTO Meter_reading(value, date, paid, meter_id)
        VALUES (221, '2012-5-23', false, 156);
INSERT INTO Meter_reading(value, date, paid, meter_id)
        VALUES (242, '2012-6-8', false, 156);
INSERT INTO Meter_reading(value, date, paid, meter_id)
        VALUES (259, '2012-1-7', false, 157);
INSERT INTO Meter_reading(value, date, paid, meter_id)
        VALUES (317, '2012-1-18', false, 157);
INSERT INTO Meter_reading(value, date, paid, meter_id)
        VALUES (374, '2012-2-2', false, 157);
INSERT INTO Meter_reading(value, date, paid, meter_id)
        VALUES (401, '2012-2-15', false, 157);
INSERT INTO Meter_reading(value, date, paid, meter_id)
        VALUES (483, '2012-3-1', false, 157);
INSERT INTO Meter_reading(value, date, paid, meter_id)
        VALUES (503, '2012-3-10', false, 157);
INSERT INTO Meter_reading(value, date, paid, meter_id)
        VALUES (542, '2012-3-16', false, 157);
INSERT INTO Meter_reading(value, date, paid, meter_id)
        VALUES (556, '2012-3-20', false, 157);
INSERT INTO person(person_id, name, surname, paternal_name, registration_date, email, password_hash, is_admin) 
    VALUES (79, 'test79', 'test79', '', '01/01/2012', 'test79', '098f6bcd4621d373cade4e832627b4f6', false);
INSERT INTO dweller VALUES (79);
INSERT INTO flat(flat_id, area, flat_number, balance, cladr_id, building_id)
    VALUES (79, 78, 79, 0, 1, 1);
INSERT INTO dweller_lives_in_flat(person_id, flat_id)
    VALUES (79, 79);
INSERT INTO meter(meter_id, installation_date, type, title, meter_unit_id, active, flat_id)
    VALUES (158, '01/01/2012', 'Water', 'Cold water in kitchen test79', 1, true, 79);
INSERT INTO meter(meter_id, installation_date, type, title, meter_unit_id, active, flat_id)
    VALUES (159, '01/01/2012', 'Electricity', 'Electricity in hall test79', 2, true, 79);
INSERT INTO Meter_reading(value, date, paid, meter_id)
        VALUES (77, '2012-1-12', false, 158);
INSERT INTO Meter_reading(value, date, paid, meter_id)
        VALUES (87, '2012-1-16', false, 158);
INSERT INTO Meter_reading(value, date, paid, meter_id)
        VALUES (107, '2012-1-27', false, 158);
INSERT INTO Meter_reading(value, date, paid, meter_id)
        VALUES (111, '2012-2-2', false, 158);
INSERT INTO Meter_reading(value, date, paid, meter_id)
        VALUES (117, '2012-2-6', false, 158);
INSERT INTO Meter_reading(value, date, paid, meter_id)
        VALUES (130, '2012-2-10', false, 158);
INSERT INTO Meter_reading(value, date, paid, meter_id)
        VALUES (138, '2012-2-13', false, 158);
INSERT INTO Meter_reading(value, date, paid, meter_id)
        VALUES (152, '2012-2-18', false, 158);
INSERT INTO Meter_reading(value, date, paid, meter_id)
        VALUES (173, '2012-2-22', false, 158);
INSERT INTO Meter_reading(value, date, paid, meter_id)
        VALUES (174, '2012-3-4', false, 158);
INSERT INTO Meter_reading(value, date, paid, meter_id)
        VALUES (190, '2012-3-15', false, 158);
INSERT INTO Meter_reading(value, date, paid, meter_id)
        VALUES (202, '2012-3-27', false, 158);
INSERT INTO Meter_reading(value, date, paid, meter_id)
        VALUES (89, '2012-1-5', false, 159);
INSERT INTO Meter_reading(value, date, paid, meter_id)
        VALUES (96, '2012-1-18', false, 159);
INSERT INTO Meter_reading(value, date, paid, meter_id)
        VALUES (104, '2012-1-23', false, 159);
INSERT INTO Meter_reading(value, date, paid, meter_id)
        VALUES (108, '2012-1-25', false, 159);
INSERT INTO Meter_reading(value, date, paid, meter_id)
        VALUES (110, '2012-1-27', false, 159);
INSERT INTO Meter_reading(value, date, paid, meter_id)
        VALUES (111, '2012-2-12', false, 159);
INSERT INTO person(person_id, name, surname, paternal_name, registration_date, email, password_hash, is_admin) 
    VALUES (80, 'test80', 'test80', '', '01/01/2012', 'test80', '098f6bcd4621d373cade4e832627b4f6', false);
INSERT INTO dweller VALUES (80);
INSERT INTO flat(flat_id, area, flat_number, balance, cladr_id, building_id)
    VALUES (80, 196, 80, 0, 1, 1);
INSERT INTO dweller_lives_in_flat(person_id, flat_id)
    VALUES (80, 80);
INSERT INTO meter(meter_id, installation_date, type, title, meter_unit_id, active, flat_id)
    VALUES (160, '01/01/2012', 'Water', 'Cold water in kitchen test80', 1, true, 80);
INSERT INTO meter(meter_id, installation_date, type, title, meter_unit_id, active, flat_id)
    VALUES (161, '01/01/2012', 'Electricity', 'Electricity in hall test80', 2, true, 80);
INSERT INTO Meter_reading(value, date, paid, meter_id)
        VALUES (236, '2012-1-11', false, 160);
INSERT INTO Meter_reading(value, date, paid, meter_id)
        VALUES (244, '2012-1-19', false, 160);
INSERT INTO Meter_reading(value, date, paid, meter_id)
        VALUES (248, '2012-1-20', false, 160);
INSERT INTO Meter_reading(value, date, paid, meter_id)
        VALUES (257, '2012-2-4', false, 160);
INSERT INTO Meter_reading(value, date, paid, meter_id)
        VALUES (265, '2012-2-11', false, 160);
INSERT INTO Meter_reading(value, date, paid, meter_id)
        VALUES (274, '2012-2-21', false, 160);
INSERT INTO Meter_reading(value, date, paid, meter_id)
        VALUES (280, '2012-3-5', false, 160);
INSERT INTO Meter_reading(value, date, paid, meter_id)
        VALUES (283, '2012-3-7', false, 160);
INSERT INTO Meter_reading(value, date, paid, meter_id)
        VALUES (287, '2012-3-17', false, 160);
INSERT INTO Meter_reading(value, date, paid, meter_id)
        VALUES (293, '2012-3-27', false, 160);
INSERT INTO Meter_reading(value, date, paid, meter_id)
        VALUES (298, '2012-4-11', false, 160);
INSERT INTO Meter_reading(value, date, paid, meter_id)
        VALUES (303, '2012-4-24', false, 160);
INSERT INTO Meter_reading(value, date, paid, meter_id)
        VALUES (258, '2012-1-15', false, 161);
INSERT INTO Meter_reading(value, date, paid, meter_id)
        VALUES (298, '2012-1-25', false, 161);
INSERT INTO Meter_reading(value, date, paid, meter_id)
        VALUES (314, '2012-2-7', false, 161);
INSERT INTO Meter_reading(value, date, paid, meter_id)
        VALUES (318, '2012-2-12', false, 161);
INSERT INTO Meter_reading(value, date, paid, meter_id)
        VALUES (346, '2012-2-17', false, 161);
INSERT INTO Meter_reading(value, date, paid, meter_id)
        VALUES (380, '2012-2-25', false, 161);
INSERT INTO Meter_reading(value, date, paid, meter_id)
        VALUES (409, '2012-3-6', false, 161);
INSERT INTO Meter_reading(value, date, paid, meter_id)
        VALUES (439, '2012-3-10', false, 161);
INSERT INTO Meter_reading(value, date, paid, meter_id)
        VALUES (500, '2012-3-24', false, 161);
INSERT INTO Meter_reading(value, date, paid, meter_id)
        VALUES (529, '2012-4-4', false, 161);
INSERT INTO Meter_reading(value, date, paid, meter_id)
        VALUES (580, '2012-4-10', false, 161);
INSERT INTO Meter_reading(value, date, paid, meter_id)
        VALUES (585, '2012-4-18', false, 161);
INSERT INTO Meter_reading(value, date, paid, meter_id)
        VALUES (640, '2012-5-5', false, 161);
INSERT INTO Meter_reading(value, date, paid, meter_id)
        VALUES (645, '2012-5-7', false, 161);
INSERT INTO person(person_id, name, surname, paternal_name, registration_date, email, password_hash, is_admin) 
    VALUES (81, 'test81', 'test81', '', '01/01/2012', 'test81', '098f6bcd4621d373cade4e832627b4f6', false);
INSERT INTO dweller VALUES (81);
INSERT INTO flat(flat_id, area, flat_number, balance, cladr_id, building_id)
    VALUES (81, 113, 81, 0, 1, 1);
INSERT INTO dweller_lives_in_flat(person_id, flat_id)
    VALUES (81, 81);
INSERT INTO meter(meter_id, installation_date, type, title, meter_unit_id, active, flat_id)
    VALUES (162, '01/01/2012', 'Water', 'Cold water in kitchen test81', 1, true, 81);
INSERT INTO meter(meter_id, installation_date, type, title, meter_unit_id, active, flat_id)
    VALUES (163, '01/01/2012', 'Electricity', 'Electricity in hall test81', 2, true, 81);
INSERT INTO Meter_reading(value, date, paid, meter_id)
        VALUES (318, '2012-1-11', false, 162);
INSERT INTO Meter_reading(value, date, paid, meter_id)
        VALUES (343, '2012-1-18', false, 162);
INSERT INTO Meter_reading(value, date, paid, meter_id)
        VALUES (366, '2012-2-2', false, 162);
INSERT INTO Meter_reading(value, date, paid, meter_id)
        VALUES (454, '2012-2-3', false, 162);
INSERT INTO Meter_reading(value, date, paid, meter_id)
        VALUES (461, '2012-2-16', false, 162);
INSERT INTO Meter_reading(value, date, paid, meter_id)
        VALUES (250, '2012-1-14', false, 163);
INSERT INTO Meter_reading(value, date, paid, meter_id)
        VALUES (251, '2012-2-1', false, 163);
INSERT INTO Meter_reading(value, date, paid, meter_id)
        VALUES (260, '2012-2-15', false, 163);
INSERT INTO Meter_reading(value, date, paid, meter_id)
        VALUES (280, '2012-2-20', false, 163);
INSERT INTO Meter_reading(value, date, paid, meter_id)
        VALUES (287, '2012-3-4', false, 163);
INSERT INTO person(person_id, name, surname, paternal_name, registration_date, email, password_hash, is_admin) 
    VALUES (82, 'test82', 'test82', '', '01/01/2012', 'test82', '098f6bcd4621d373cade4e832627b4f6', false);
INSERT INTO dweller VALUES (82);
INSERT INTO flat(flat_id, area, flat_number, balance, cladr_id, building_id)
    VALUES (82, 229, 82, 0, 1, 1);
INSERT INTO dweller_lives_in_flat(person_id, flat_id)
    VALUES (82, 82);
INSERT INTO meter(meter_id, installation_date, type, title, meter_unit_id, active, flat_id)
    VALUES (164, '01/01/2012', 'Water', 'Cold water in kitchen test82', 1, true, 82);
INSERT INTO meter(meter_id, installation_date, type, title, meter_unit_id, active, flat_id)
    VALUES (165, '01/01/2012', 'Electricity', 'Electricity in hall test82', 2, true, 82);
INSERT INTO Meter_reading(value, date, paid, meter_id)
        VALUES (199, '2012-1-15', false, 164);
INSERT INTO Meter_reading(value, date, paid, meter_id)
        VALUES (211, '2012-1-26', false, 164);
INSERT INTO Meter_reading(value, date, paid, meter_id)
        VALUES (219, '2012-2-6', false, 164);
INSERT INTO Meter_reading(value, date, paid, meter_id)
        VALUES (238, '2012-2-17', false, 164);
INSERT INTO Meter_reading(value, date, paid, meter_id)
        VALUES (257, '2012-2-22', false, 164);
INSERT INTO Meter_reading(value, date, paid, meter_id)
        VALUES (286, '2012-3-7', false, 164);
INSERT INTO Meter_reading(value, date, paid, meter_id)
        VALUES (304, '2012-3-17', false, 164);
INSERT INTO Meter_reading(value, date, paid, meter_id)
        VALUES (315, '2012-3-24', false, 164);
INSERT INTO Meter_reading(value, date, paid, meter_id)
        VALUES (337, '2012-3-25', false, 164);
INSERT INTO Meter_reading(value, date, paid, meter_id)
        VALUES (339, '2012-4-1', false, 164);
INSERT INTO Meter_reading(value, date, paid, meter_id)
        VALUES (356, '2012-4-8', false, 164);
INSERT INTO Meter_reading(value, date, paid, meter_id)
        VALUES (358, '2012-4-10', false, 164);
INSERT INTO Meter_reading(value, date, paid, meter_id)
        VALUES (369, '2012-4-14', false, 164);
INSERT INTO Meter_reading(value, date, paid, meter_id)
        VALUES (41, '2012-1-3', false, 165);
INSERT INTO Meter_reading(value, date, paid, meter_id)
        VALUES (57, '2012-1-17', false, 165);
INSERT INTO Meter_reading(value, date, paid, meter_id)
        VALUES (79, '2012-2-2', false, 165);
INSERT INTO Meter_reading(value, date, paid, meter_id)
        VALUES (89, '2012-2-9', false, 165);
INSERT INTO Meter_reading(value, date, paid, meter_id)
        VALUES (106, '2012-2-14', false, 165);
INSERT INTO Meter_reading(value, date, paid, meter_id)
        VALUES (130, '2012-2-16', false, 165);
INSERT INTO Meter_reading(value, date, paid, meter_id)
        VALUES (149, '2012-2-22', false, 165);
INSERT INTO Meter_reading(value, date, paid, meter_id)
        VALUES (153, '2012-2-25', false, 165);
INSERT INTO Meter_reading(value, date, paid, meter_id)
        VALUES (179, '2012-3-7', false, 165);
INSERT INTO Meter_reading(value, date, paid, meter_id)
        VALUES (206, '2012-3-10', false, 165);
INSERT INTO Meter_reading(value, date, paid, meter_id)
        VALUES (233, '2012-3-13', false, 165);
INSERT INTO Meter_reading(value, date, paid, meter_id)
        VALUES (261, '2012-3-17', false, 165);
INSERT INTO Meter_reading(value, date, paid, meter_id)
        VALUES (282, '2012-3-25', false, 165);
INSERT INTO person(person_id, name, surname, paternal_name, registration_date, email, password_hash, is_admin) 
    VALUES (83, 'test83', 'test83', '', '01/01/2012', 'test83', '098f6bcd4621d373cade4e832627b4f6', false);
INSERT INTO dweller VALUES (83);
INSERT INTO flat(flat_id, area, flat_number, balance, cladr_id, building_id)
    VALUES (83, 236, 83, 0, 1, 1);
INSERT INTO dweller_lives_in_flat(person_id, flat_id)
    VALUES (83, 83);
INSERT INTO meter(meter_id, installation_date, type, title, meter_unit_id, active, flat_id)
    VALUES (166, '01/01/2012', 'Water', 'Cold water in kitchen test83', 1, true, 83);
INSERT INTO meter(meter_id, installation_date, type, title, meter_unit_id, active, flat_id)
    VALUES (167, '01/01/2012', 'Electricity', 'Electricity in hall test83', 2, true, 83);
INSERT INTO Meter_reading(value, date, paid, meter_id)
        VALUES (169, '2012-1-16', false, 166);
INSERT INTO Meter_reading(value, date, paid, meter_id)
        VALUES (185, '2012-1-17', false, 166);
INSERT INTO Meter_reading(value, date, paid, meter_id)
        VALUES (199, '2012-1-20', false, 166);
INSERT INTO Meter_reading(value, date, paid, meter_id)
        VALUES (212, '2012-2-4', false, 166);
INSERT INTO Meter_reading(value, date, paid, meter_id)
        VALUES (237, '2012-2-5', false, 166);
INSERT INTO Meter_reading(value, date, paid, meter_id)
        VALUES (255, '2012-2-7', false, 166);
INSERT INTO Meter_reading(value, date, paid, meter_id)
        VALUES (264, '2012-2-15', false, 166);
INSERT INTO Meter_reading(value, date, paid, meter_id)
        VALUES (290, '2012-2-20', false, 166);
INSERT INTO Meter_reading(value, date, paid, meter_id)
        VALUES (309, '2012-2-24', false, 166);
INSERT INTO Meter_reading(value, date, paid, meter_id)
        VALUES (311, '2012-3-1', false, 166);
INSERT INTO Meter_reading(value, date, paid, meter_id)
        VALUES (323, '2012-3-8', false, 166);
INSERT INTO Meter_reading(value, date, paid, meter_id)
        VALUES (346, '2012-3-15', false, 166);
INSERT INTO Meter_reading(value, date, paid, meter_id)
        VALUES (133, '2012-1-5', false, 167);
INSERT INTO Meter_reading(value, date, paid, meter_id)
        VALUES (147, '2012-1-17', false, 167);
INSERT INTO Meter_reading(value, date, paid, meter_id)
        VALUES (153, '2012-1-19', false, 167);
INSERT INTO Meter_reading(value, date, paid, meter_id)
        VALUES (179, '2012-2-1', false, 167);
INSERT INTO Meter_reading(value, date, paid, meter_id)
        VALUES (206, '2012-2-9', false, 167);
INSERT INTO Meter_reading(value, date, paid, meter_id)
        VALUES (223, '2012-2-10', false, 167);
INSERT INTO Meter_reading(value, date, paid, meter_id)
        VALUES (230, '2012-2-20', false, 167);
INSERT INTO Meter_reading(value, date, paid, meter_id)
        VALUES (239, '2012-2-24', false, 167);
INSERT INTO person(person_id, name, surname, paternal_name, registration_date, email, password_hash, is_admin) 
    VALUES (84, 'test84', 'test84', '', '01/01/2012', 'test84', '098f6bcd4621d373cade4e832627b4f6', false);
INSERT INTO dweller VALUES (84);
INSERT INTO flat(flat_id, area, flat_number, balance, cladr_id, building_id)
    VALUES (84, 310, 84, 0, 1, 1);
INSERT INTO dweller_lives_in_flat(person_id, flat_id)
    VALUES (84, 84);
INSERT INTO meter(meter_id, installation_date, type, title, meter_unit_id, active, flat_id)
    VALUES (168, '01/01/2012', 'Water', 'Cold water in kitchen test84', 1, true, 84);
INSERT INTO meter(meter_id, installation_date, type, title, meter_unit_id, active, flat_id)
    VALUES (169, '01/01/2012', 'Electricity', 'Electricity in hall test84', 2, true, 84);
INSERT INTO Meter_reading(value, date, paid, meter_id)
        VALUES (263, '2012-1-14', false, 168);
INSERT INTO Meter_reading(value, date, paid, meter_id)
        VALUES (298, '2012-1-17', false, 168);
INSERT INTO Meter_reading(value, date, paid, meter_id)
        VALUES (343, '2012-2-4', false, 168);
INSERT INTO Meter_reading(value, date, paid, meter_id)
        VALUES (362, '2012-2-5', false, 168);
INSERT INTO Meter_reading(value, date, paid, meter_id)
        VALUES (363, '2012-2-19', false, 168);
INSERT INTO Meter_reading(value, date, paid, meter_id)
        VALUES (408, '2012-2-25', false, 168);
INSERT INTO Meter_reading(value, date, paid, meter_id)
        VALUES (476, '2012-2-27', false, 168);
INSERT INTO Meter_reading(value, date, paid, meter_id)
        VALUES (477, '2012-3-1', false, 168);
INSERT INTO Meter_reading(value, date, paid, meter_id)
        VALUES (494, '2012-3-9', false, 168);
INSERT INTO Meter_reading(value, date, paid, meter_id)
        VALUES (545, '2012-3-10', false, 168);
INSERT INTO Meter_reading(value, date, paid, meter_id)
        VALUES (578, '2012-3-19', false, 168);
INSERT INTO Meter_reading(value, date, paid, meter_id)
        VALUES (646, '2012-4-3', false, 168);
INSERT INTO Meter_reading(value, date, paid, meter_id)
        VALUES (260, '2012-1-5', false, 169);
INSERT INTO Meter_reading(value, date, paid, meter_id)
        VALUES (282, '2012-1-17', false, 169);
INSERT INTO Meter_reading(value, date, paid, meter_id)
        VALUES (304, '2012-1-24', false, 169);
INSERT INTO Meter_reading(value, date, paid, meter_id)
        VALUES (305, '2012-2-2', false, 169);
INSERT INTO Meter_reading(value, date, paid, meter_id)
        VALUES (328, '2012-2-7', false, 169);
INSERT INTO Meter_reading(value, date, paid, meter_id)
        VALUES (366, '2012-2-13', false, 169);
INSERT INTO Meter_reading(value, date, paid, meter_id)
        VALUES (393, '2012-2-25', false, 169);
INSERT INTO Meter_reading(value, date, paid, meter_id)
        VALUES (401, '2012-3-1', false, 169);
INSERT INTO person(person_id, name, surname, paternal_name, registration_date, email, password_hash, is_admin) 
    VALUES (85, 'test85', 'test85', '', '01/01/2012', 'test85', '098f6bcd4621d373cade4e832627b4f6', false);
INSERT INTO dweller VALUES (85);
INSERT INTO flat(flat_id, area, flat_number, balance, cladr_id, building_id)
    VALUES (85, 89, 85, 0, 1, 1);
INSERT INTO dweller_lives_in_flat(person_id, flat_id)
    VALUES (85, 85);
INSERT INTO meter(meter_id, installation_date, type, title, meter_unit_id, active, flat_id)
    VALUES (170, '01/01/2012', 'Water', 'Cold water in kitchen test85', 1, true, 85);
INSERT INTO meter(meter_id, installation_date, type, title, meter_unit_id, active, flat_id)
    VALUES (171, '01/01/2012', 'Electricity', 'Electricity in hall test85', 2, true, 85);
INSERT INTO Meter_reading(value, date, paid, meter_id)
        VALUES (263, '2012-1-10', false, 170);
INSERT INTO Meter_reading(value, date, paid, meter_id)
        VALUES (274, '2012-1-22', false, 170);
INSERT INTO Meter_reading(value, date, paid, meter_id)
        VALUES (283, '2012-2-5', false, 170);
INSERT INTO Meter_reading(value, date, paid, meter_id)
        VALUES (294, '2012-2-18', false, 170);
INSERT INTO Meter_reading(value, date, paid, meter_id)
        VALUES (311, '2012-2-25', false, 170);
INSERT INTO Meter_reading(value, date, paid, meter_id)
        VALUES (250, '2012-1-4', false, 171);
INSERT INTO Meter_reading(value, date, paid, meter_id)
        VALUES (323, '2012-1-7', false, 171);
INSERT INTO Meter_reading(value, date, paid, meter_id)
        VALUES (361, '2012-1-10', false, 171);
INSERT INTO Meter_reading(value, date, paid, meter_id)
        VALUES (394, '2012-1-24', false, 171);
INSERT INTO Meter_reading(value, date, paid, meter_id)
        VALUES (444, '2012-1-25', false, 171);
INSERT INTO Meter_reading(value, date, paid, meter_id)
        VALUES (505, '2012-2-9', false, 171);
INSERT INTO Meter_reading(value, date, paid, meter_id)
        VALUES (590, '2012-2-22', false, 171);
INSERT INTO Meter_reading(value, date, paid, meter_id)
        VALUES (663, '2012-3-9', false, 171);
INSERT INTO Meter_reading(value, date, paid, meter_id)
        VALUES (681, '2012-3-21', false, 171);
INSERT INTO Meter_reading(value, date, paid, meter_id)
        VALUES (759, '2012-4-4', false, 171);
INSERT INTO person(person_id, name, surname, paternal_name, registration_date, email, password_hash, is_admin) 
    VALUES (86, 'test86', 'test86', '', '01/01/2012', 'test86', '098f6bcd4621d373cade4e832627b4f6', false);
INSERT INTO dweller VALUES (86);
INSERT INTO flat(flat_id, area, flat_number, balance, cladr_id, building_id)
    VALUES (86, 151, 86, 0, 1, 1);
INSERT INTO dweller_lives_in_flat(person_id, flat_id)
    VALUES (86, 86);
INSERT INTO meter(meter_id, installation_date, type, title, meter_unit_id, active, flat_id)
    VALUES (172, '01/01/2012', 'Water', 'Cold water in kitchen test86', 1, true, 86);
INSERT INTO meter(meter_id, installation_date, type, title, meter_unit_id, active, flat_id)
    VALUES (173, '01/01/2012', 'Electricity', 'Electricity in hall test86', 2, true, 86);
INSERT INTO Meter_reading(value, date, paid, meter_id)
        VALUES (98, '2012-1-15', false, 172);
INSERT INTO Meter_reading(value, date, paid, meter_id)
        VALUES (116, '2012-1-17', false, 172);
INSERT INTO Meter_reading(value, date, paid, meter_id)
        VALUES (122, '2012-1-23', false, 172);
INSERT INTO Meter_reading(value, date, paid, meter_id)
        VALUES (138, '2012-2-1', false, 172);
INSERT INTO Meter_reading(value, date, paid, meter_id)
        VALUES (155, '2012-2-13', false, 172);
INSERT INTO Meter_reading(value, date, paid, meter_id)
        VALUES (171, '2012-2-23', false, 172);
INSERT INTO Meter_reading(value, date, paid, meter_id)
        VALUES (178, '2012-2-25', false, 172);
INSERT INTO Meter_reading(value, date, paid, meter_id)
        VALUES (193, '2012-3-3', false, 172);
INSERT INTO Meter_reading(value, date, paid, meter_id)
        VALUES (232, '2012-1-14', false, 173);
INSERT INTO Meter_reading(value, date, paid, meter_id)
        VALUES (243, '2012-1-15', false, 173);
INSERT INTO Meter_reading(value, date, paid, meter_id)
        VALUES (275, '2012-2-1', false, 173);
INSERT INTO Meter_reading(value, date, paid, meter_id)
        VALUES (306, '2012-2-13', false, 173);
INSERT INTO Meter_reading(value, date, paid, meter_id)
        VALUES (346, '2012-2-27', false, 173);
INSERT INTO Meter_reading(value, date, paid, meter_id)
        VALUES (377, '2012-3-14', false, 173);
INSERT INTO Meter_reading(value, date, paid, meter_id)
        VALUES (433, '2012-3-26', false, 173);
INSERT INTO Meter_reading(value, date, paid, meter_id)
        VALUES (450, '2012-4-13', false, 173);
INSERT INTO Meter_reading(value, date, paid, meter_id)
        VALUES (468, '2012-4-20', false, 173);
INSERT INTO Meter_reading(value, date, paid, meter_id)
        VALUES (527, '2012-5-5', false, 173);
INSERT INTO Meter_reading(value, date, paid, meter_id)
        VALUES (530, '2012-5-17', false, 173);
INSERT INTO Meter_reading(value, date, paid, meter_id)
        VALUES (532, '2012-5-21', false, 173);
INSERT INTO Meter_reading(value, date, paid, meter_id)
        VALUES (551, '2012-5-25', false, 173);
INSERT INTO Meter_reading(value, date, paid, meter_id)
        VALUES (569, '2012-6-1', false, 173);
INSERT INTO person(person_id, name, surname, paternal_name, registration_date, email, password_hash, is_admin) 
    VALUES (87, 'test87', 'test87', '', '01/01/2012', 'test87', '098f6bcd4621d373cade4e832627b4f6', false);
INSERT INTO dweller VALUES (87);
INSERT INTO flat(flat_id, area, flat_number, balance, cladr_id, building_id)
    VALUES (87, 224, 87, 0, 1, 1);
INSERT INTO dweller_lives_in_flat(person_id, flat_id)
    VALUES (87, 87);
INSERT INTO meter(meter_id, installation_date, type, title, meter_unit_id, active, flat_id)
    VALUES (174, '01/01/2012', 'Water', 'Cold water in kitchen test87', 1, true, 87);
INSERT INTO meter(meter_id, installation_date, type, title, meter_unit_id, active, flat_id)
    VALUES (175, '01/01/2012', 'Electricity', 'Electricity in hall test87', 2, true, 87);
INSERT INTO Meter_reading(value, date, paid, meter_id)
        VALUES (95, '2012-1-8', false, 174);
INSERT INTO Meter_reading(value, date, paid, meter_id)
        VALUES (126, '2012-1-14', false, 174);
INSERT INTO Meter_reading(value, date, paid, meter_id)
        VALUES (151, '2012-1-15', false, 174);
INSERT INTO Meter_reading(value, date, paid, meter_id)
        VALUES (166, '2012-1-24', false, 174);
INSERT INTO Meter_reading(value, date, paid, meter_id)
        VALUES (204, '2012-2-6', false, 174);
INSERT INTO Meter_reading(value, date, paid, meter_id)
        VALUES (226, '2012-2-18', false, 174);
INSERT INTO Meter_reading(value, date, paid, meter_id)
        VALUES (230, '2012-3-3', false, 174);
INSERT INTO Meter_reading(value, date, paid, meter_id)
        VALUES (266, '2012-1-9', false, 175);
INSERT INTO Meter_reading(value, date, paid, meter_id)
        VALUES (276, '2012-1-16', false, 175);
INSERT INTO Meter_reading(value, date, paid, meter_id)
        VALUES (308, '2012-1-18', false, 175);
INSERT INTO Meter_reading(value, date, paid, meter_id)
        VALUES (317, '2012-1-25', false, 175);
INSERT INTO Meter_reading(value, date, paid, meter_id)
        VALUES (359, '2012-2-7', false, 175);
INSERT INTO Meter_reading(value, date, paid, meter_id)
        VALUES (392, '2012-2-12', false, 175);
INSERT INTO Meter_reading(value, date, paid, meter_id)
        VALUES (438, '2012-2-22', false, 175);
INSERT INTO Meter_reading(value, date, paid, meter_id)
        VALUES (442, '2012-2-27', false, 175);
INSERT INTO Meter_reading(value, date, paid, meter_id)
        VALUES (471, '2012-3-6', false, 175);
INSERT INTO person(person_id, name, surname, paternal_name, registration_date, email, password_hash, is_admin) 
    VALUES (88, 'test88', 'test88', '', '01/01/2012', 'test88', '098f6bcd4621d373cade4e832627b4f6', false);
INSERT INTO dweller VALUES (88);
INSERT INTO flat(flat_id, area, flat_number, balance, cladr_id, building_id)
    VALUES (88, 73, 88, 0, 1, 1);
INSERT INTO dweller_lives_in_flat(person_id, flat_id)
    VALUES (88, 88);
INSERT INTO meter(meter_id, installation_date, type, title, meter_unit_id, active, flat_id)
    VALUES (176, '01/01/2012', 'Water', 'Cold water in kitchen test88', 1, true, 88);
INSERT INTO meter(meter_id, installation_date, type, title, meter_unit_id, active, flat_id)
    VALUES (177, '01/01/2012', 'Electricity', 'Electricity in hall test88', 2, true, 88);
INSERT INTO Meter_reading(value, date, paid, meter_id)
        VALUES (167, '2012-1-7', false, 176);
INSERT INTO Meter_reading(value, date, paid, meter_id)
        VALUES (190, '2012-1-10', false, 176);
INSERT INTO Meter_reading(value, date, paid, meter_id)
        VALUES (221, '2012-1-12', false, 176);
INSERT INTO Meter_reading(value, date, paid, meter_id)
        VALUES (250, '2012-1-25', false, 176);
INSERT INTO Meter_reading(value, date, paid, meter_id)
        VALUES (257, '2012-2-7', false, 176);
INSERT INTO Meter_reading(value, date, paid, meter_id)
        VALUES (276, '2012-2-15', false, 176);
INSERT INTO Meter_reading(value, date, paid, meter_id)
        VALUES (312, '2012-2-17', false, 176);
INSERT INTO Meter_reading(value, date, paid, meter_id)
        VALUES (343, '2012-2-21', false, 176);
INSERT INTO Meter_reading(value, date, paid, meter_id)
        VALUES (356, '2012-3-4', false, 176);
INSERT INTO Meter_reading(value, date, paid, meter_id)
        VALUES (382, '2012-3-15', false, 176);
INSERT INTO Meter_reading(value, date, paid, meter_id)
        VALUES (412, '2012-4-2', false, 176);
INSERT INTO Meter_reading(value, date, paid, meter_id)
        VALUES (441, '2012-4-6', false, 176);
INSERT INTO Meter_reading(value, date, paid, meter_id)
        VALUES (444, '2012-4-14', false, 176);
INSERT INTO Meter_reading(value, date, paid, meter_id)
        VALUES (280, '2012-1-8', false, 177);
INSERT INTO Meter_reading(value, date, paid, meter_id)
        VALUES (316, '2012-1-16', false, 177);
INSERT INTO Meter_reading(value, date, paid, meter_id)
        VALUES (343, '2012-1-18', false, 177);
INSERT INTO Meter_reading(value, date, paid, meter_id)
        VALUES (363, '2012-1-27', false, 177);
INSERT INTO Meter_reading(value, date, paid, meter_id)
        VALUES (381, '2012-2-10', false, 177);
INSERT INTO Meter_reading(value, date, paid, meter_id)
        VALUES (426, '2012-2-11', false, 177);
INSERT INTO Meter_reading(value, date, paid, meter_id)
        VALUES (445, '2012-2-19', false, 177);
INSERT INTO Meter_reading(value, date, paid, meter_id)
        VALUES (449, '2012-2-24', false, 177);
INSERT INTO Meter_reading(value, date, paid, meter_id)
        VALUES (464, '2012-2-26', false, 177);
INSERT INTO Meter_reading(value, date, paid, meter_id)
        VALUES (495, '2012-3-4', false, 177);
INSERT INTO Meter_reading(value, date, paid, meter_id)
        VALUES (505, '2012-3-10', false, 177);
INSERT INTO Meter_reading(value, date, paid, meter_id)
        VALUES (518, '2012-3-19', false, 177);
INSERT INTO Meter_reading(value, date, paid, meter_id)
        VALUES (540, '2012-4-3', false, 177);
INSERT INTO person(person_id, name, surname, paternal_name, registration_date, email, password_hash, is_admin) 
    VALUES (89, 'test89', 'test89', '', '01/01/2012', 'test89', '098f6bcd4621d373cade4e832627b4f6', false);
INSERT INTO dweller VALUES (89);
INSERT INTO flat(flat_id, area, flat_number, balance, cladr_id, building_id)
    VALUES (89, 266, 89, 0, 1, 1);
INSERT INTO dweller_lives_in_flat(person_id, flat_id)
    VALUES (89, 89);
INSERT INTO meter(meter_id, installation_date, type, title, meter_unit_id, active, flat_id)
    VALUES (178, '01/01/2012', 'Water', 'Cold water in kitchen test89', 1, true, 89);
INSERT INTO meter(meter_id, installation_date, type, title, meter_unit_id, active, flat_id)
    VALUES (179, '01/01/2012', 'Electricity', 'Electricity in hall test89', 2, true, 89);
INSERT INTO Meter_reading(value, date, paid, meter_id)
        VALUES (257, '2012-1-9', false, 178);
INSERT INTO Meter_reading(value, date, paid, meter_id)
        VALUES (273, '2012-1-17', false, 178);
INSERT INTO Meter_reading(value, date, paid, meter_id)
        VALUES (287, '2012-1-18', false, 178);
INSERT INTO Meter_reading(value, date, paid, meter_id)
        VALUES (293, '2012-1-24', false, 178);
INSERT INTO Meter_reading(value, date, paid, meter_id)
        VALUES (303, '2012-1-25', false, 178);
INSERT INTO Meter_reading(value, date, paid, meter_id)
        VALUES (320, '2012-2-9', false, 178);
INSERT INTO Meter_reading(value, date, paid, meter_id)
        VALUES (35, '2012-1-12', false, 179);
INSERT INTO Meter_reading(value, date, paid, meter_id)
        VALUES (53, '2012-1-19', false, 179);
INSERT INTO Meter_reading(value, date, paid, meter_id)
        VALUES (76, '2012-1-22', false, 179);
INSERT INTO Meter_reading(value, date, paid, meter_id)
        VALUES (91, '2012-1-25', false, 179);
INSERT INTO Meter_reading(value, date, paid, meter_id)
        VALUES (99, '2012-2-5', false, 179);
INSERT INTO Meter_reading(value, date, paid, meter_id)
        VALUES (106, '2012-2-15', false, 179);
INSERT INTO Meter_reading(value, date, paid, meter_id)
        VALUES (120, '2012-2-22', false, 179);
INSERT INTO Meter_reading(value, date, paid, meter_id)
        VALUES (145, '2012-3-2', false, 179);
INSERT INTO Meter_reading(value, date, paid, meter_id)
        VALUES (154, '2012-3-11', false, 179);
INSERT INTO Meter_reading(value, date, paid, meter_id)
        VALUES (168, '2012-3-15', false, 179);
INSERT INTO Meter_reading(value, date, paid, meter_id)
        VALUES (180, '2012-3-23', false, 179);
INSERT INTO Meter_reading(value, date, paid, meter_id)
        VALUES (181, '2012-3-24', false, 179);
INSERT INTO Meter_reading(value, date, paid, meter_id)
        VALUES (200, '2012-4-8', false, 179);
INSERT INTO person(person_id, name, surname, paternal_name, registration_date, email, password_hash, is_admin) 
    VALUES (90, 'test90', 'test90', '', '01/01/2012', 'test90', '098f6bcd4621d373cade4e832627b4f6', false);
INSERT INTO dweller VALUES (90);
INSERT INTO flat(flat_id, area, flat_number, balance, cladr_id, building_id)
    VALUES (90, 141, 90, 0, 1, 1);
INSERT INTO dweller_lives_in_flat(person_id, flat_id)
    VALUES (90, 90);
INSERT INTO meter(meter_id, installation_date, type, title, meter_unit_id, active, flat_id)
    VALUES (180, '01/01/2012', 'Water', 'Cold water in kitchen test90', 1, true, 90);
INSERT INTO meter(meter_id, installation_date, type, title, meter_unit_id, active, flat_id)
    VALUES (181, '01/01/2012', 'Electricity', 'Electricity in hall test90', 2, true, 90);
INSERT INTO Meter_reading(value, date, paid, meter_id)
        VALUES (51, '2012-1-10', false, 180);
INSERT INTO Meter_reading(value, date, paid, meter_id)
        VALUES (69, '2012-1-14', false, 180);
INSERT INTO Meter_reading(value, date, paid, meter_id)
        VALUES (87, '2012-1-22', false, 180);
INSERT INTO Meter_reading(value, date, paid, meter_id)
        VALUES (110, '2012-2-7', false, 180);
INSERT INTO Meter_reading(value, date, paid, meter_id)
        VALUES (125, '2012-2-9', false, 180);
INSERT INTO Meter_reading(value, date, paid, meter_id)
        VALUES (146, '2012-2-19', false, 180);
INSERT INTO Meter_reading(value, date, paid, meter_id)
        VALUES (173, '2012-2-21', false, 180);
INSERT INTO Meter_reading(value, date, paid, meter_id)
        VALUES (188, '2012-3-3', false, 180);
INSERT INTO Meter_reading(value, date, paid, meter_id)
        VALUES (215, '2012-3-8', false, 180);
INSERT INTO Meter_reading(value, date, paid, meter_id)
        VALUES (309, '2012-1-14', false, 181);
INSERT INTO Meter_reading(value, date, paid, meter_id)
        VALUES (317, '2012-1-23', false, 181);
INSERT INTO Meter_reading(value, date, paid, meter_id)
        VALUES (334, '2012-2-9', false, 181);
INSERT INTO Meter_reading(value, date, paid, meter_id)
        VALUES (354, '2012-2-20', false, 181);
INSERT INTO Meter_reading(value, date, paid, meter_id)
        VALUES (355, '2012-3-6', false, 181);
INSERT INTO Meter_reading(value, date, paid, meter_id)
        VALUES (366, '2012-3-8', false, 181);
INSERT INTO Meter_reading(value, date, paid, meter_id)
        VALUES (393, '2012-3-19', false, 181);
INSERT INTO Meter_reading(value, date, paid, meter_id)
        VALUES (418, '2012-4-1', false, 181);
INSERT INTO Meter_reading(value, date, paid, meter_id)
        VALUES (427, '2012-4-3', false, 181);
INSERT INTO Meter_reading(value, date, paid, meter_id)
        VALUES (451, '2012-4-13', false, 181);
INSERT INTO Meter_reading(value, date, paid, meter_id)
        VALUES (480, '2012-4-25', false, 181);
INSERT INTO Meter_reading(value, date, paid, meter_id)
        VALUES (497, '2012-5-8', false, 181);
INSERT INTO Meter_reading(value, date, paid, meter_id)
        VALUES (518, '2012-5-15', false, 181);
INSERT INTO person(person_id, name, surname, paternal_name, registration_date, email, password_hash, is_admin) 
    VALUES (91, 'test91', 'test91', '', '01/01/2012', 'test91', '098f6bcd4621d373cade4e832627b4f6', false);
INSERT INTO dweller VALUES (91);
INSERT INTO flat(flat_id, area, flat_number, balance, cladr_id, building_id)
    VALUES (91, 182, 91, 0, 1, 1);
INSERT INTO dweller_lives_in_flat(person_id, flat_id)
    VALUES (91, 91);
INSERT INTO meter(meter_id, installation_date, type, title, meter_unit_id, active, flat_id)
    VALUES (182, '01/01/2012', 'Water', 'Cold water in kitchen test91', 1, true, 91);
INSERT INTO meter(meter_id, installation_date, type, title, meter_unit_id, active, flat_id)
    VALUES (183, '01/01/2012', 'Electricity', 'Electricity in hall test91', 2, true, 91);
INSERT INTO Meter_reading(value, date, paid, meter_id)
        VALUES (127, '2012-1-11', false, 182);
INSERT INTO Meter_reading(value, date, paid, meter_id)
        VALUES (130, '2012-1-24', false, 182);
INSERT INTO Meter_reading(value, date, paid, meter_id)
        VALUES (133, '2012-2-6', false, 182);
INSERT INTO Meter_reading(value, date, paid, meter_id)
        VALUES (135, '2012-2-14', false, 182);
INSERT INTO Meter_reading(value, date, paid, meter_id)
        VALUES (142, '2012-2-16', false, 182);
INSERT INTO Meter_reading(value, date, paid, meter_id)
        VALUES (162, '2012-2-21', false, 182);
INSERT INTO Meter_reading(value, date, paid, meter_id)
        VALUES (184, '2012-2-27', false, 182);
INSERT INTO Meter_reading(value, date, paid, meter_id)
        VALUES (194, '2012-3-14', false, 182);
INSERT INTO Meter_reading(value, date, paid, meter_id)
        VALUES (212, '2012-3-23', false, 182);
INSERT INTO Meter_reading(value, date, paid, meter_id)
        VALUES (237, '2012-3-26', false, 182);
INSERT INTO Meter_reading(value, date, paid, meter_id)
        VALUES (263, '2012-3-27', false, 182);
INSERT INTO Meter_reading(value, date, paid, meter_id)
        VALUES (292, '2012-4-4', false, 182);
INSERT INTO Meter_reading(value, date, paid, meter_id)
        VALUES (320, '2012-4-7', false, 182);
INSERT INTO Meter_reading(value, date, paid, meter_id)
        VALUES (334, '2012-4-16', false, 182);
INSERT INTO Meter_reading(value, date, paid, meter_id)
        VALUES (208, '2012-1-10', false, 183);
INSERT INTO Meter_reading(value, date, paid, meter_id)
        VALUES (219, '2012-1-24', false, 183);
INSERT INTO Meter_reading(value, date, paid, meter_id)
        VALUES (236, '2012-2-11', false, 183);
INSERT INTO Meter_reading(value, date, paid, meter_id)
        VALUES (252, '2012-2-20', false, 183);
INSERT INTO Meter_reading(value, date, paid, meter_id)
        VALUES (266, '2012-3-4', false, 183);
INSERT INTO Meter_reading(value, date, paid, meter_id)
        VALUES (268, '2012-3-12', false, 183);
INSERT INTO Meter_reading(value, date, paid, meter_id)
        VALUES (285, '2012-3-26', false, 183);
INSERT INTO Meter_reading(value, date, paid, meter_id)
        VALUES (314, '2012-4-12', false, 183);
INSERT INTO Meter_reading(value, date, paid, meter_id)
        VALUES (330, '2012-4-22', false, 183);
INSERT INTO Meter_reading(value, date, paid, meter_id)
        VALUES (356, '2012-4-26', false, 183);
INSERT INTO Meter_reading(value, date, paid, meter_id)
        VALUES (378, '2012-5-2', false, 183);
INSERT INTO person(person_id, name, surname, paternal_name, registration_date, email, password_hash, is_admin) 
    VALUES (92, 'test92', 'test92', '', '01/01/2012', 'test92', '098f6bcd4621d373cade4e832627b4f6', false);
INSERT INTO dweller VALUES (92);
INSERT INTO flat(flat_id, area, flat_number, balance, cladr_id, building_id)
    VALUES (92, 239, 92, 0, 1, 1);
INSERT INTO dweller_lives_in_flat(person_id, flat_id)
    VALUES (92, 92);
INSERT INTO meter(meter_id, installation_date, type, title, meter_unit_id, active, flat_id)
    VALUES (184, '01/01/2012', 'Water', 'Cold water in kitchen test92', 1, true, 92);
INSERT INTO meter(meter_id, installation_date, type, title, meter_unit_id, active, flat_id)
    VALUES (185, '01/01/2012', 'Electricity', 'Electricity in hall test92', 2, true, 92);
INSERT INTO Meter_reading(value, date, paid, meter_id)
        VALUES (248, '2012-1-3', false, 184);
INSERT INTO Meter_reading(value, date, paid, meter_id)
        VALUES (255, '2012-1-10', false, 184);
INSERT INTO Meter_reading(value, date, paid, meter_id)
        VALUES (268, '2012-1-11', false, 184);
INSERT INTO Meter_reading(value, date, paid, meter_id)
        VALUES (293, '2012-1-22', false, 184);
INSERT INTO Meter_reading(value, date, paid, meter_id)
        VALUES (303, '2012-1-23', false, 184);
INSERT INTO Meter_reading(value, date, paid, meter_id)
        VALUES (290, '2012-1-6', false, 185);
INSERT INTO Meter_reading(value, date, paid, meter_id)
        VALUES (293, '2012-1-16', false, 185);
INSERT INTO Meter_reading(value, date, paid, meter_id)
        VALUES (307, '2012-1-18', false, 185);
INSERT INTO Meter_reading(value, date, paid, meter_id)
        VALUES (323, '2012-2-1', false, 185);
INSERT INTO Meter_reading(value, date, paid, meter_id)
        VALUES (326, '2012-2-4', false, 185);
INSERT INTO Meter_reading(value, date, paid, meter_id)
        VALUES (345, '2012-2-13', false, 185);
INSERT INTO Meter_reading(value, date, paid, meter_id)
        VALUES (367, '2012-2-20', false, 185);
INSERT INTO Meter_reading(value, date, paid, meter_id)
        VALUES (375, '2012-3-2', false, 185);
INSERT INTO Meter_reading(value, date, paid, meter_id)
        VALUES (382, '2012-3-10', false, 185);
INSERT INTO Meter_reading(value, date, paid, meter_id)
        VALUES (388, '2012-3-22', false, 185);
INSERT INTO Meter_reading(value, date, paid, meter_id)
        VALUES (413, '2012-4-6', false, 185);
INSERT INTO Meter_reading(value, date, paid, meter_id)
        VALUES (426, '2012-4-19', false, 185);
INSERT INTO person(person_id, name, surname, paternal_name, registration_date, email, password_hash, is_admin) 
    VALUES (93, 'test93', 'test93', '', '01/01/2012', 'test93', '098f6bcd4621d373cade4e832627b4f6', false);
INSERT INTO dweller VALUES (93);
INSERT INTO flat(flat_id, area, flat_number, balance, cladr_id, building_id)
    VALUES (93, 129, 93, 0, 1, 1);
INSERT INTO dweller_lives_in_flat(person_id, flat_id)
    VALUES (93, 93);
INSERT INTO meter(meter_id, installation_date, type, title, meter_unit_id, active, flat_id)
    VALUES (186, '01/01/2012', 'Water', 'Cold water in kitchen test93', 1, true, 93);
INSERT INTO meter(meter_id, installation_date, type, title, meter_unit_id, active, flat_id)
    VALUES (187, '01/01/2012', 'Electricity', 'Electricity in hall test93', 2, true, 93);
INSERT INTO Meter_reading(value, date, paid, meter_id)
        VALUES (151, '2012-1-15', false, 186);
INSERT INTO Meter_reading(value, date, paid, meter_id)
        VALUES (153, '2012-1-21', false, 186);
INSERT INTO Meter_reading(value, date, paid, meter_id)
        VALUES (170, '2012-1-24', false, 186);
INSERT INTO Meter_reading(value, date, paid, meter_id)
        VALUES (173, '2012-1-26', false, 186);
INSERT INTO Meter_reading(value, date, paid, meter_id)
        VALUES (194, '2012-2-11', false, 186);
INSERT INTO Meter_reading(value, date, paid, meter_id)
        VALUES (199, '2012-2-14', false, 186);
INSERT INTO Meter_reading(value, date, paid, meter_id)
        VALUES (224, '2012-2-17', false, 186);
INSERT INTO Meter_reading(value, date, paid, meter_id)
        VALUES (225, '2012-2-19', false, 186);
INSERT INTO Meter_reading(value, date, paid, meter_id)
        VALUES (236, '2012-3-2', false, 186);
INSERT INTO Meter_reading(value, date, paid, meter_id)
        VALUES (293, '2012-1-16', false, 187);
INSERT INTO Meter_reading(value, date, paid, meter_id)
        VALUES (315, '2012-1-18', false, 187);
INSERT INTO Meter_reading(value, date, paid, meter_id)
        VALUES (382, '2012-1-25', false, 187);
INSERT INTO Meter_reading(value, date, paid, meter_id)
        VALUES (450, '2012-2-1', false, 187);
INSERT INTO Meter_reading(value, date, paid, meter_id)
        VALUES (483, '2012-2-10', false, 187);
INSERT INTO Meter_reading(value, date, paid, meter_id)
        VALUES (529, '2012-2-20', false, 187);
INSERT INTO Meter_reading(value, date, paid, meter_id)
        VALUES (547, '2012-2-23', false, 187);
INSERT INTO person(person_id, name, surname, paternal_name, registration_date, email, password_hash, is_admin) 
    VALUES (94, 'test94', 'test94', '', '01/01/2012', 'test94', '098f6bcd4621d373cade4e832627b4f6', false);
INSERT INTO dweller VALUES (94);
INSERT INTO flat(flat_id, area, flat_number, balance, cladr_id, building_id)
    VALUES (94, 253, 94, 0, 1, 1);
INSERT INTO dweller_lives_in_flat(person_id, flat_id)
    VALUES (94, 94);
INSERT INTO meter(meter_id, installation_date, type, title, meter_unit_id, active, flat_id)
    VALUES (188, '01/01/2012', 'Water', 'Cold water in kitchen test94', 1, true, 94);
INSERT INTO meter(meter_id, installation_date, type, title, meter_unit_id, active, flat_id)
    VALUES (189, '01/01/2012', 'Electricity', 'Electricity in hall test94', 2, true, 94);
INSERT INTO Meter_reading(value, date, paid, meter_id)
        VALUES (208, '2012-1-14', false, 188);
INSERT INTO Meter_reading(value, date, paid, meter_id)
        VALUES (217, '2012-1-22', false, 188);
INSERT INTO Meter_reading(value, date, paid, meter_id)
        VALUES (219, '2012-1-23', false, 188);
INSERT INTO Meter_reading(value, date, paid, meter_id)
        VALUES (239, '2012-1-25', false, 188);
INSERT INTO Meter_reading(value, date, paid, meter_id)
        VALUES (266, '2012-2-7', false, 188);
INSERT INTO Meter_reading(value, date, paid, meter_id)
        VALUES (275, '2012-2-14', false, 188);
INSERT INTO Meter_reading(value, date, paid, meter_id)
        VALUES (297, '2012-2-25', false, 188);
INSERT INTO Meter_reading(value, date, paid, meter_id)
        VALUES (306, '2012-2-26', false, 188);
INSERT INTO Meter_reading(value, date, paid, meter_id)
        VALUES (315, '2012-3-11', false, 188);
INSERT INTO Meter_reading(value, date, paid, meter_id)
        VALUES (324, '2012-1-12', false, 189);
INSERT INTO Meter_reading(value, date, paid, meter_id)
        VALUES (384, '2012-1-24', false, 189);
INSERT INTO Meter_reading(value, date, paid, meter_id)
        VALUES (448, '2012-2-5', false, 189);
INSERT INTO Meter_reading(value, date, paid, meter_id)
        VALUES (485, '2012-2-10', false, 189);
INSERT INTO Meter_reading(value, date, paid, meter_id)
        VALUES (499, '2012-2-22', false, 189);
INSERT INTO Meter_reading(value, date, paid, meter_id)
        VALUES (562, '2012-2-26', false, 189);
INSERT INTO Meter_reading(value, date, paid, meter_id)
        VALUES (582, '2012-3-4', false, 189);
INSERT INTO Meter_reading(value, date, paid, meter_id)
        VALUES (614, '2012-3-8', false, 189);
INSERT INTO Meter_reading(value, date, paid, meter_id)
        VALUES (621, '2012-3-18', false, 189);
INSERT INTO Meter_reading(value, date, paid, meter_id)
        VALUES (624, '2012-3-24', false, 189);
INSERT INTO person(person_id, name, surname, paternal_name, registration_date, email, password_hash, is_admin) 
    VALUES (95, 'test95', 'test95', '', '01/01/2012', 'test95', '098f6bcd4621d373cade4e832627b4f6', false);
INSERT INTO dweller VALUES (95);
INSERT INTO flat(flat_id, area, flat_number, balance, cladr_id, building_id)
    VALUES (95, 91, 95, 0, 1, 1);
INSERT INTO dweller_lives_in_flat(person_id, flat_id)
    VALUES (95, 95);
INSERT INTO meter(meter_id, installation_date, type, title, meter_unit_id, active, flat_id)
    VALUES (190, '01/01/2012', 'Water', 'Cold water in kitchen test95', 1, true, 95);
INSERT INTO meter(meter_id, installation_date, type, title, meter_unit_id, active, flat_id)
    VALUES (191, '01/01/2012', 'Electricity', 'Electricity in hall test95', 2, true, 95);
INSERT INTO Meter_reading(value, date, paid, meter_id)
        VALUES (47, '2012-1-16', false, 190);
INSERT INTO Meter_reading(value, date, paid, meter_id)
        VALUES (98, '2012-1-24', false, 190);
INSERT INTO Meter_reading(value, date, paid, meter_id)
        VALUES (129, '2012-1-27', false, 190);
INSERT INTO Meter_reading(value, date, paid, meter_id)
        VALUES (196, '2012-2-5', false, 190);
INSERT INTO Meter_reading(value, date, paid, meter_id)
        VALUES (214, '2012-2-6', false, 190);
INSERT INTO Meter_reading(value, date, paid, meter_id)
        VALUES (165, '2012-1-10', false, 191);
INSERT INTO Meter_reading(value, date, paid, meter_id)
        VALUES (168, '2012-1-22', false, 191);
INSERT INTO Meter_reading(value, date, paid, meter_id)
        VALUES (172, '2012-2-4', false, 191);
INSERT INTO Meter_reading(value, date, paid, meter_id)
        VALUES (174, '2012-2-5', false, 191);
INSERT INTO Meter_reading(value, date, paid, meter_id)
        VALUES (177, '2012-2-15', false, 191);
INSERT INTO Meter_reading(value, date, paid, meter_id)
        VALUES (179, '2012-2-21', false, 191);
INSERT INTO Meter_reading(value, date, paid, meter_id)
        VALUES (182, '2012-2-23', false, 191);
INSERT INTO Meter_reading(value, date, paid, meter_id)
        VALUES (186, '2012-3-10', false, 191);
INSERT INTO Meter_reading(value, date, paid, meter_id)
        VALUES (190, '2012-3-23', false, 191);
INSERT INTO person(person_id, name, surname, paternal_name, registration_date, email, password_hash, is_admin) 
    VALUES (96, 'test96', 'test96', '', '01/01/2012', 'test96', '098f6bcd4621d373cade4e832627b4f6', false);
INSERT INTO dweller VALUES (96);
INSERT INTO flat(flat_id, area, flat_number, balance, cladr_id, building_id)
    VALUES (96, 75, 96, 0, 1, 1);
INSERT INTO dweller_lives_in_flat(person_id, flat_id)
    VALUES (96, 96);
INSERT INTO meter(meter_id, installation_date, type, title, meter_unit_id, active, flat_id)
    VALUES (192, '01/01/2012', 'Water', 'Cold water in kitchen test96', 1, true, 96);
INSERT INTO meter(meter_id, installation_date, type, title, meter_unit_id, active, flat_id)
    VALUES (193, '01/01/2012', 'Electricity', 'Electricity in hall test96', 2, true, 96);
INSERT INTO Meter_reading(value, date, paid, meter_id)
        VALUES (158, '2012-1-5', false, 192);
INSERT INTO Meter_reading(value, date, paid, meter_id)
        VALUES (163, '2012-1-12', false, 192);
INSERT INTO Meter_reading(value, date, paid, meter_id)
        VALUES (177, '2012-1-22', false, 192);
INSERT INTO Meter_reading(value, date, paid, meter_id)
        VALUES (203, '2012-1-24', false, 192);
INSERT INTO Meter_reading(value, date, paid, meter_id)
        VALUES (208, '2012-2-4', false, 192);
INSERT INTO Meter_reading(value, date, paid, meter_id)
        VALUES (247, '2012-2-5', false, 192);
INSERT INTO Meter_reading(value, date, paid, meter_id)
        VALUES (277, '2012-2-13', false, 192);
INSERT INTO Meter_reading(value, date, paid, meter_id)
        VALUES (295, '2012-2-16', false, 192);
INSERT INTO Meter_reading(value, date, paid, meter_id)
        VALUES (311, '2012-2-23', false, 192);
INSERT INTO Meter_reading(value, date, paid, meter_id)
        VALUES (326, '2012-3-5', false, 192);
INSERT INTO Meter_reading(value, date, paid, meter_id)
        VALUES (279, '2012-1-8', false, 193);
INSERT INTO Meter_reading(value, date, paid, meter_id)
        VALUES (285, '2012-1-12', false, 193);
INSERT INTO Meter_reading(value, date, paid, meter_id)
        VALUES (302, '2012-1-18', false, 193);
INSERT INTO Meter_reading(value, date, paid, meter_id)
        VALUES (324, '2012-1-23', false, 193);
INSERT INTO Meter_reading(value, date, paid, meter_id)
        VALUES (338, '2012-1-24', false, 193);
INSERT INTO Meter_reading(value, date, paid, meter_id)
        VALUES (340, '2012-2-9', false, 193);
INSERT INTO Meter_reading(value, date, paid, meter_id)
        VALUES (351, '2012-2-19', false, 193);
INSERT INTO person(person_id, name, surname, paternal_name, registration_date, email, password_hash, is_admin) 
    VALUES (97, 'test97', 'test97', '', '01/01/2012', 'test97', '098f6bcd4621d373cade4e832627b4f6', false);
INSERT INTO dweller VALUES (97);
INSERT INTO flat(flat_id, area, flat_number, balance, cladr_id, building_id)
    VALUES (97, 170, 97, 0, 1, 1);
INSERT INTO dweller_lives_in_flat(person_id, flat_id)
    VALUES (97, 97);
INSERT INTO meter(meter_id, installation_date, type, title, meter_unit_id, active, flat_id)
    VALUES (194, '01/01/2012', 'Water', 'Cold water in kitchen test97', 1, true, 97);
INSERT INTO meter(meter_id, installation_date, type, title, meter_unit_id, active, flat_id)
    VALUES (195, '01/01/2012', 'Electricity', 'Electricity in hall test97', 2, true, 97);
INSERT INTO Meter_reading(value, date, paid, meter_id)
        VALUES (314, '2012-1-12', false, 194);
INSERT INTO Meter_reading(value, date, paid, meter_id)
        VALUES (316, '2012-1-18', false, 194);
INSERT INTO Meter_reading(value, date, paid, meter_id)
        VALUES (337, '2012-1-19', false, 194);
INSERT INTO Meter_reading(value, date, paid, meter_id)
        VALUES (360, '2012-1-23', false, 194);
INSERT INTO Meter_reading(value, date, paid, meter_id)
        VALUES (403, '2012-2-2', false, 194);
INSERT INTO Meter_reading(value, date, paid, meter_id)
        VALUES (449, '2012-2-16', false, 194);
INSERT INTO Meter_reading(value, date, paid, meter_id)
        VALUES (463, '2012-2-25', false, 194);
INSERT INTO Meter_reading(value, date, paid, meter_id)
        VALUES (466, '2012-2-27', false, 194);
INSERT INTO Meter_reading(value, date, paid, meter_id)
        VALUES (513, '2012-3-14', false, 194);
INSERT INTO Meter_reading(value, date, paid, meter_id)
        VALUES (548, '2012-3-22', false, 194);
INSERT INTO Meter_reading(value, date, paid, meter_id)
        VALUES (573, '2012-3-27', false, 194);
INSERT INTO Meter_reading(value, date, paid, meter_id)
        VALUES (606, '2012-4-1', false, 194);
INSERT INTO Meter_reading(value, date, paid, meter_id)
        VALUES (625, '2012-4-10', false, 194);
INSERT INTO Meter_reading(value, date, paid, meter_id)
        VALUES (630, '2012-4-13', false, 194);
INSERT INTO Meter_reading(value, date, paid, meter_id)
        VALUES (300, '2012-1-7', false, 195);
INSERT INTO Meter_reading(value, date, paid, meter_id)
        VALUES (331, '2012-1-13', false, 195);
INSERT INTO Meter_reading(value, date, paid, meter_id)
        VALUES (347, '2012-1-23', false, 195);
INSERT INTO Meter_reading(value, date, paid, meter_id)
        VALUES (362, '2012-2-1', false, 195);
INSERT INTO Meter_reading(value, date, paid, meter_id)
        VALUES (399, '2012-2-7', false, 195);
INSERT INTO Meter_reading(value, date, paid, meter_id)
        VALUES (400, '2012-2-8', false, 195);
INSERT INTO Meter_reading(value, date, paid, meter_id)
        VALUES (425, '2012-2-22', false, 195);
INSERT INTO Meter_reading(value, date, paid, meter_id)
        VALUES (432, '2012-2-26', false, 195);
INSERT INTO Meter_reading(value, date, paid, meter_id)
        VALUES (460, '2012-3-3', false, 195);
INSERT INTO Meter_reading(value, date, paid, meter_id)
        VALUES (481, '2012-3-17', false, 195);
INSERT INTO person(person_id, name, surname, paternal_name, registration_date, email, password_hash, is_admin) 
    VALUES (98, 'test98', 'test98', '', '01/01/2012', 'test98', '098f6bcd4621d373cade4e832627b4f6', false);
INSERT INTO dweller VALUES (98);
INSERT INTO flat(flat_id, area, flat_number, balance, cladr_id, building_id)
    VALUES (98, 86, 98, 0, 1, 1);
INSERT INTO dweller_lives_in_flat(person_id, flat_id)
    VALUES (98, 98);
INSERT INTO meter(meter_id, installation_date, type, title, meter_unit_id, active, flat_id)
    VALUES (196, '01/01/2012', 'Water', 'Cold water in kitchen test98', 1, true, 98);
INSERT INTO meter(meter_id, installation_date, type, title, meter_unit_id, active, flat_id)
    VALUES (197, '01/01/2012', 'Electricity', 'Electricity in hall test98', 2, true, 98);
INSERT INTO Meter_reading(value, date, paid, meter_id)
        VALUES (55, '2012-1-4', false, 196);
INSERT INTO Meter_reading(value, date, paid, meter_id)
        VALUES (89, '2012-1-12', false, 196);
INSERT INTO Meter_reading(value, date, paid, meter_id)
        VALUES (120, '2012-1-24', false, 196);
INSERT INTO Meter_reading(value, date, paid, meter_id)
        VALUES (151, '2012-1-25', false, 196);
INSERT INTO Meter_reading(value, date, paid, meter_id)
        VALUES (177, '2012-2-9', false, 196);
INSERT INTO Meter_reading(value, date, paid, meter_id)
        VALUES (199, '2012-2-13', false, 196);
INSERT INTO Meter_reading(value, date, paid, meter_id)
        VALUES (225, '2012-2-26', false, 196);
INSERT INTO Meter_reading(value, date, paid, meter_id)
        VALUES (226, '2012-3-13', false, 196);
INSERT INTO Meter_reading(value, date, paid, meter_id)
        VALUES (246, '2012-3-15', false, 196);
INSERT INTO Meter_reading(value, date, paid, meter_id)
        VALUES (256, '2012-4-2', false, 196);
INSERT INTO Meter_reading(value, date, paid, meter_id)
        VALUES (275, '2012-4-16', false, 196);
INSERT INTO Meter_reading(value, date, paid, meter_id)
        VALUES (49, '2012-1-3', false, 197);
INSERT INTO Meter_reading(value, date, paid, meter_id)
        VALUES (56, '2012-1-5', false, 197);
INSERT INTO Meter_reading(value, date, paid, meter_id)
        VALUES (67, '2012-1-8', false, 197);
INSERT INTO Meter_reading(value, date, paid, meter_id)
        VALUES (94, '2012-1-22', false, 197);
INSERT INTO Meter_reading(value, date, paid, meter_id)
        VALUES (102, '2012-1-24', false, 197);
INSERT INTO Meter_reading(value, date, paid, meter_id)
        VALUES (110, '2012-1-25', false, 197);
INSERT INTO person(person_id, name, surname, paternal_name, registration_date, email, password_hash, is_admin) 
    VALUES (99, 'test99', 'test99', '', '01/01/2012', 'test99', '098f6bcd4621d373cade4e832627b4f6', false);
INSERT INTO dweller VALUES (99);
INSERT INTO flat(flat_id, area, flat_number, balance, cladr_id, building_id)
    VALUES (99, 294, 99, 0, 1, 1);
INSERT INTO dweller_lives_in_flat(person_id, flat_id)
    VALUES (99, 99);
INSERT INTO meter(meter_id, installation_date, type, title, meter_unit_id, active, flat_id)
    VALUES (198, '01/01/2012', 'Water', 'Cold water in kitchen test99', 1, true, 99);
INSERT INTO meter(meter_id, installation_date, type, title, meter_unit_id, active, flat_id)
    VALUES (199, '01/01/2012', 'Electricity', 'Electricity in hall test99', 2, true, 99);
INSERT INTO Meter_reading(value, date, paid, meter_id)
        VALUES (287, '2012-1-8', false, 198);
INSERT INTO Meter_reading(value, date, paid, meter_id)
        VALUES (298, '2012-1-13', false, 198);
INSERT INTO Meter_reading(value, date, paid, meter_id)
        VALUES (304, '2012-1-27', false, 198);
INSERT INTO Meter_reading(value, date, paid, meter_id)
        VALUES (305, '2012-2-11', false, 198);
INSERT INTO Meter_reading(value, date, paid, meter_id)
        VALUES (327, '2012-2-20', false, 198);
INSERT INTO Meter_reading(value, date, paid, meter_id)
        VALUES (348, '2012-2-23', false, 198);
INSERT INTO Meter_reading(value, date, paid, meter_id)
        VALUES (373, '2012-3-4', false, 198);
INSERT INTO Meter_reading(value, date, paid, meter_id)
        VALUES (391, '2012-3-12', false, 198);
INSERT INTO Meter_reading(value, date, paid, meter_id)
        VALUES (25, '2012-1-7', false, 199);
INSERT INTO Meter_reading(value, date, paid, meter_id)
        VALUES (41, '2012-1-11', false, 199);
INSERT INTO Meter_reading(value, date, paid, meter_id)
        VALUES (60, '2012-1-18', false, 199);
INSERT INTO Meter_reading(value, date, paid, meter_id)
        VALUES (80, '2012-2-3', false, 199);
INSERT INTO Meter_reading(value, date, paid, meter_id)
        VALUES (90, '2012-2-17', false, 199);
INSERT INTO Meter_reading(value, date, paid, meter_id)
        VALUES (96, '2012-2-26', false, 199);
INSERT INTO Meter_reading(value, date, paid, meter_id)
        VALUES (122, '2012-3-9', false, 199);
INSERT INTO Meter_reading(value, date, paid, meter_id)
        VALUES (133, '2012-3-22', false, 199);
INSERT INTO Meter_reading(value, date, paid, meter_id)
        VALUES (162, '2012-4-9', false, 199);
INSERT INTO Meter_reading(value, date, paid, meter_id)
        VALUES (179, '2012-4-21', false, 199);
INSERT INTO Meter_reading(value, date, paid, meter_id)
        VALUES (191, '2012-5-8', false, 199);
INSERT INTO Meter_reading(value, date, paid, meter_id)
        VALUES (203, '2012-5-12', false, 199);
INSERT INTO person(person_id, name, surname, paternal_name, registration_date, email, password_hash, is_admin) 
    VALUES (100, 'test100', 'test100', '', '01/01/2012', 'test100', '098f6bcd4621d373cade4e832627b4f6', false);
INSERT INTO dweller VALUES (100);
INSERT INTO flat(flat_id, area, flat_number, balance, cladr_id, building_id)
    VALUES (100, 319, 100, 0, 1, 1);
INSERT INTO dweller_lives_in_flat(person_id, flat_id)
    VALUES (100, 100);
INSERT INTO meter(meter_id, installation_date, type, title, meter_unit_id, active, flat_id)
    VALUES (200, '01/01/2012', 'Water', 'Cold water in kitchen test100', 1, true, 100);
INSERT INTO meter(meter_id, installation_date, type, title, meter_unit_id, active, flat_id)
    VALUES (201, '01/01/2012', 'Electricity', 'Electricity in hall test100', 2, true, 100);
INSERT INTO Meter_reading(value, date, paid, meter_id)
        VALUES (66, '2012-1-12', false, 200);
INSERT INTO Meter_reading(value, date, paid, meter_id)
        VALUES (70, '2012-1-15', false, 200);
INSERT INTO Meter_reading(value, date, paid, meter_id)
        VALUES (74, '2012-1-23', false, 200);
INSERT INTO Meter_reading(value, date, paid, meter_id)
        VALUES (78, '2012-2-5', false, 200);
INSERT INTO Meter_reading(value, date, paid, meter_id)
        VALUES (82, '2012-2-11', false, 200);
INSERT INTO Meter_reading(value, date, paid, meter_id)
        VALUES (83, '2012-2-19', false, 200);
INSERT INTO Meter_reading(value, date, paid, meter_id)
        VALUES (86, '2012-2-21', false, 200);
INSERT INTO Meter_reading(value, date, paid, meter_id)
        VALUES (90, '2012-3-8', false, 200);
INSERT INTO Meter_reading(value, date, paid, meter_id)
        VALUES (94, '2012-3-20', false, 200);
INSERT INTO Meter_reading(value, date, paid, meter_id)
        VALUES (266, '2012-1-15', false, 201);
INSERT INTO Meter_reading(value, date, paid, meter_id)
        VALUES (272, '2012-1-17', false, 201);
INSERT INTO Meter_reading(value, date, paid, meter_id)
        VALUES (280, '2012-1-20', false, 201);
INSERT INTO Meter_reading(value, date, paid, meter_id)
        VALUES (282, '2012-2-5', false, 201);
INSERT INTO Meter_reading(value, date, paid, meter_id)
        VALUES (300, '2012-2-11', false, 201);
INSERT INTO Meter_reading(value, date, paid, meter_id)
        VALUES (307, '2012-2-15', false, 201);
INSERT INTO Meter_reading(value, date, paid, meter_id)
        VALUES (329, '2012-3-2', false, 201);
INSERT INTO Meter_reading(value, date, paid, meter_id)
        VALUES (330, '2012-3-16', false, 201);
INSERT INTO Meter_reading(value, date, paid, meter_id)
        VALUES (341, '2012-3-18', false, 201);
INSERT INTO Meter_reading(value, date, paid, meter_id)
        VALUES (348, '2012-3-22', false, 201);
INSERT INTO Meter_reading(value, date, paid, meter_id)
        VALUES (358, '2012-4-2', false, 201);
INSERT INTO Meter_reading(value, date, paid, meter_id)
        VALUES (376, '2012-4-11', false, 201);
INSERT INTO person(person_id, name, surname, paternal_name, registration_date, email, password_hash, is_admin) 
    VALUES (101, 'test101', 'test101', '', '01/01/2012', 'test101', '098f6bcd4621d373cade4e832627b4f6', false);
INSERT INTO dweller VALUES (101);
INSERT INTO flat(flat_id, area, flat_number, balance, cladr_id, building_id)
    VALUES (101, 150, 101, 0, 1, 1);
INSERT INTO dweller_lives_in_flat(person_id, flat_id)
    VALUES (101, 101);
INSERT INTO meter(meter_id, installation_date, type, title, meter_unit_id, active, flat_id)
    VALUES (202, '01/01/2012', 'Water', 'Cold water in kitchen test101', 1, true, 101);
INSERT INTO meter(meter_id, installation_date, type, title, meter_unit_id, active, flat_id)
    VALUES (203, '01/01/2012', 'Electricity', 'Electricity in hall test101', 2, true, 101);
INSERT INTO Meter_reading(value, date, paid, meter_id)
        VALUES (95, '2012-1-9', false, 202);
INSERT INTO Meter_reading(value, date, paid, meter_id)
        VALUES (99, '2012-1-10', false, 202);
INSERT INTO Meter_reading(value, date, paid, meter_id)
        VALUES (101, '2012-1-14', false, 202);
INSERT INTO Meter_reading(value, date, paid, meter_id)
        VALUES (104, '2012-1-19', false, 202);
INSERT INTO Meter_reading(value, date, paid, meter_id)
        VALUES (105, '2012-1-25', false, 202);
INSERT INTO Meter_reading(value, date, paid, meter_id)
        VALUES (107, '2012-2-1', false, 202);
INSERT INTO Meter_reading(value, date, paid, meter_id)
        VALUES (111, '2012-2-6', false, 202);
INSERT INTO Meter_reading(value, date, paid, meter_id)
        VALUES (112, '2012-2-16', false, 202);
INSERT INTO Meter_reading(value, date, paid, meter_id)
        VALUES (113, '2012-2-21', false, 202);
INSERT INTO Meter_reading(value, date, paid, meter_id)
        VALUES (119, '2012-3-6', false, 202);
INSERT INTO Meter_reading(value, date, paid, meter_id)
        VALUES (240, '2012-1-8', false, 203);
INSERT INTO Meter_reading(value, date, paid, meter_id)
        VALUES (241, '2012-1-21', false, 203);
INSERT INTO Meter_reading(value, date, paid, meter_id)
        VALUES (245, '2012-1-27', false, 203);
INSERT INTO Meter_reading(value, date, paid, meter_id)
        VALUES (249, '2012-2-8', false, 203);
INSERT INTO Meter_reading(value, date, paid, meter_id)
        VALUES (250, '2012-2-9', false, 203);
INSERT INTO Meter_reading(value, date, paid, meter_id)
        VALUES (254, '2012-2-22', false, 203);
INSERT INTO Meter_reading(value, date, paid, meter_id)
        VALUES (258, '2012-2-25', false, 203);
INSERT INTO Meter_reading(value, date, paid, meter_id)
        VALUES (260, '2012-3-1', false, 203);
INSERT INTO person(person_id, name, surname, paternal_name, registration_date, email, password_hash, is_admin) 
    VALUES (102, 'test102', 'test102', '', '01/01/2012', 'test102', '098f6bcd4621d373cade4e832627b4f6', false);
INSERT INTO dweller VALUES (102);
INSERT INTO flat(flat_id, area, flat_number, balance, cladr_id, building_id)
    VALUES (102, 80, 102, 0, 1, 1);
INSERT INTO dweller_lives_in_flat(person_id, flat_id)
    VALUES (102, 102);
INSERT INTO meter(meter_id, installation_date, type, title, meter_unit_id, active, flat_id)
    VALUES (204, '01/01/2012', 'Water', 'Cold water in kitchen test102', 1, true, 102);
INSERT INTO meter(meter_id, installation_date, type, title, meter_unit_id, active, flat_id)
    VALUES (205, '01/01/2012', 'Electricity', 'Electricity in hall test102', 2, true, 102);
INSERT INTO Meter_reading(value, date, paid, meter_id)
        VALUES (247, '2012-1-5', false, 204);
INSERT INTO Meter_reading(value, date, paid, meter_id)
        VALUES (262, '2012-1-17', false, 204);
INSERT INTO Meter_reading(value, date, paid, meter_id)
        VALUES (285, '2012-2-4', false, 204);
INSERT INTO Meter_reading(value, date, paid, meter_id)
        VALUES (303, '2012-2-18', false, 204);
INSERT INTO Meter_reading(value, date, paid, meter_id)
        VALUES (329, '2012-2-21', false, 204);
INSERT INTO Meter_reading(value, date, paid, meter_id)
        VALUES (334, '2012-3-7', false, 204);
INSERT INTO Meter_reading(value, date, paid, meter_id)
        VALUES (347, '2012-3-10', false, 204);
INSERT INTO Meter_reading(value, date, paid, meter_id)
        VALUES (374, '2012-3-14', false, 204);
INSERT INTO Meter_reading(value, date, paid, meter_id)
        VALUES (378, '2012-3-27', false, 204);
INSERT INTO Meter_reading(value, date, paid, meter_id)
        VALUES (77, '2012-1-13', false, 205);
INSERT INTO Meter_reading(value, date, paid, meter_id)
        VALUES (95, '2012-1-21', false, 205);
INSERT INTO Meter_reading(value, date, paid, meter_id)
        VALUES (111, '2012-1-26', false, 205);
INSERT INTO Meter_reading(value, date, paid, meter_id)
        VALUES (123, '2012-2-3', false, 205);
INSERT INTO Meter_reading(value, date, paid, meter_id)
        VALUES (140, '2012-2-5', false, 205);
INSERT INTO Meter_reading(value, date, paid, meter_id)
        VALUES (147, '2012-2-19', false, 205);
INSERT INTO Meter_reading(value, date, paid, meter_id)
        VALUES (163, '2012-2-21', false, 205);
INSERT INTO Meter_reading(value, date, paid, meter_id)
        VALUES (175, '2012-2-24', false, 205);
INSERT INTO Meter_reading(value, date, paid, meter_id)
        VALUES (178, '2012-3-10', false, 205);
INSERT INTO Meter_reading(value, date, paid, meter_id)
        VALUES (202, '2012-3-14', false, 205);
INSERT INTO Meter_reading(value, date, paid, meter_id)
        VALUES (219, '2012-3-18', false, 205);
INSERT INTO Meter_reading(value, date, paid, meter_id)
        VALUES (232, '2012-3-26', false, 205);
INSERT INTO person(person_id, name, surname, paternal_name, registration_date, email, password_hash, is_admin) 
    VALUES (103, 'test103', 'test103', '', '01/01/2012', 'test103', '098f6bcd4621d373cade4e832627b4f6', false);
INSERT INTO dweller VALUES (103);
INSERT INTO flat(flat_id, area, flat_number, balance, cladr_id, building_id)
    VALUES (103, 202, 103, 0, 1, 1);
INSERT INTO dweller_lives_in_flat(person_id, flat_id)
    VALUES (103, 103);
INSERT INTO meter(meter_id, installation_date, type, title, meter_unit_id, active, flat_id)
    VALUES (206, '01/01/2012', 'Water', 'Cold water in kitchen test103', 1, true, 103);
INSERT INTO meter(meter_id, installation_date, type, title, meter_unit_id, active, flat_id)
    VALUES (207, '01/01/2012', 'Electricity', 'Electricity in hall test103', 2, true, 103);
INSERT INTO Meter_reading(value, date, paid, meter_id)
        VALUES (45, '2012-1-6', false, 206);
INSERT INTO Meter_reading(value, date, paid, meter_id)
        VALUES (73, '2012-1-18', false, 206);
INSERT INTO Meter_reading(value, date, paid, meter_id)
        VALUES (87, '2012-1-27', false, 206);
INSERT INTO Meter_reading(value, date, paid, meter_id)
        VALUES (113, '2012-2-11', false, 206);
INSERT INTO Meter_reading(value, date, paid, meter_id)
        VALUES (134, '2012-2-19', false, 206);
INSERT INTO Meter_reading(value, date, paid, meter_id)
        VALUES (135, '2012-3-4', false, 206);
INSERT INTO Meter_reading(value, date, paid, meter_id)
        VALUES (149, '2012-3-5', false, 206);
INSERT INTO Meter_reading(value, date, paid, meter_id)
        VALUES (172, '2012-3-7', false, 206);
INSERT INTO Meter_reading(value, date, paid, meter_id)
        VALUES (176, '2012-3-12', false, 206);
INSERT INTO Meter_reading(value, date, paid, meter_id)
        VALUES (205, '2012-3-18', false, 206);
INSERT INTO Meter_reading(value, date, paid, meter_id)
        VALUES (209, '2012-3-25', false, 206);
INSERT INTO Meter_reading(value, date, paid, meter_id)
        VALUES (225, '2012-1-15', false, 207);
INSERT INTO Meter_reading(value, date, paid, meter_id)
        VALUES (226, '2012-1-22', false, 207);
INSERT INTO Meter_reading(value, date, paid, meter_id)
        VALUES (230, '2012-2-9', false, 207);
INSERT INTO Meter_reading(value, date, paid, meter_id)
        VALUES (234, '2012-2-18', false, 207);
INSERT INTO Meter_reading(value, date, paid, meter_id)
        VALUES (238, '2012-3-5', false, 207);
INSERT INTO Meter_reading(value, date, paid, meter_id)
        VALUES (239, '2012-3-11', false, 207);
INSERT INTO Meter_reading(value, date, paid, meter_id)
        VALUES (242, '2012-3-16', false, 207);
INSERT INTO Meter_reading(value, date, paid, meter_id)
        VALUES (243, '2012-3-26', false, 207);
INSERT INTO Meter_reading(value, date, paid, meter_id)
        VALUES (246, '2012-3-27', false, 207);
INSERT INTO person(person_id, name, surname, paternal_name, registration_date, email, password_hash, is_admin) 
    VALUES (104, 'test104', 'test104', '', '01/01/2012', 'test104', '098f6bcd4621d373cade4e832627b4f6', false);
INSERT INTO dweller VALUES (104);
INSERT INTO flat(flat_id, area, flat_number, balance, cladr_id, building_id)
    VALUES (104, 227, 104, 0, 1, 1);
INSERT INTO dweller_lives_in_flat(person_id, flat_id)
    VALUES (104, 104);
INSERT INTO meter(meter_id, installation_date, type, title, meter_unit_id, active, flat_id)
    VALUES (208, '01/01/2012', 'Water', 'Cold water in kitchen test104', 1, true, 104);
INSERT INTO meter(meter_id, installation_date, type, title, meter_unit_id, active, flat_id)
    VALUES (209, '01/01/2012', 'Electricity', 'Electricity in hall test104', 2, true, 104);
INSERT INTO Meter_reading(value, date, paid, meter_id)
        VALUES (83, '2012-1-3', false, 208);
INSERT INTO Meter_reading(value, date, paid, meter_id)
        VALUES (86, '2012-1-11', false, 208);
INSERT INTO Meter_reading(value, date, paid, meter_id)
        VALUES (90, '2012-1-20', false, 208);
INSERT INTO Meter_reading(value, date, paid, meter_id)
        VALUES (112, '2012-2-7', false, 208);
INSERT INTO Meter_reading(value, date, paid, meter_id)
        VALUES (121, '2012-2-16', false, 208);
INSERT INTO Meter_reading(value, date, paid, meter_id)
        VALUES (173, '2012-2-18', false, 208);
INSERT INTO Meter_reading(value, date, paid, meter_id)
        VALUES (231, '2012-2-24', false, 208);
INSERT INTO Meter_reading(value, date, paid, meter_id)
        VALUES (250, '2012-3-1', false, 208);
INSERT INTO Meter_reading(value, date, paid, meter_id)
        VALUES (289, '2012-3-13', false, 208);
INSERT INTO Meter_reading(value, date, paid, meter_id)
        VALUES (292, '2012-3-20', false, 208);
INSERT INTO Meter_reading(value, date, paid, meter_id)
        VALUES (179, '2012-1-6', false, 209);
INSERT INTO Meter_reading(value, date, paid, meter_id)
        VALUES (185, '2012-1-8', false, 209);
INSERT INTO Meter_reading(value, date, paid, meter_id)
        VALUES (188, '2012-1-13', false, 209);
INSERT INTO Meter_reading(value, date, paid, meter_id)
        VALUES (199, '2012-1-19', false, 209);
INSERT INTO Meter_reading(value, date, paid, meter_id)
        VALUES (205, '2012-2-2', false, 209);
INSERT INTO Meter_reading(value, date, paid, meter_id)
        VALUES (224, '2012-2-14', false, 209);
INSERT INTO Meter_reading(value, date, paid, meter_id)
        VALUES (232, '2012-2-27', false, 209);
INSERT INTO Meter_reading(value, date, paid, meter_id)
        VALUES (251, '2012-3-7', false, 209);
INSERT INTO Meter_reading(value, date, paid, meter_id)
        VALUES (262, '2012-3-20', false, 209);
INSERT INTO Meter_reading(value, date, paid, meter_id)
        VALUES (272, '2012-3-23', false, 209);
INSERT INTO Meter_reading(value, date, paid, meter_id)
        VALUES (280, '2012-4-4', false, 209);
INSERT INTO person(person_id, name, surname, paternal_name, registration_date, email, password_hash, is_admin) 
    VALUES (105, 'test105', 'test105', '', '01/01/2012', 'test105', '098f6bcd4621d373cade4e832627b4f6', false);
INSERT INTO dweller VALUES (105);
INSERT INTO flat(flat_id, area, flat_number, balance, cladr_id, building_id)
    VALUES (105, 193, 105, 0, 1, 1);
INSERT INTO dweller_lives_in_flat(person_id, flat_id)
    VALUES (105, 105);
INSERT INTO meter(meter_id, installation_date, type, title, meter_unit_id, active, flat_id)
    VALUES (210, '01/01/2012', 'Water', 'Cold water in kitchen test105', 1, true, 105);
INSERT INTO meter(meter_id, installation_date, type, title, meter_unit_id, active, flat_id)
    VALUES (211, '01/01/2012', 'Electricity', 'Electricity in hall test105', 2, true, 105);
INSERT INTO Meter_reading(value, date, paid, meter_id)
        VALUES (198, '2012-1-9', false, 210);
INSERT INTO Meter_reading(value, date, paid, meter_id)
        VALUES (238, '2012-1-22', false, 210);
INSERT INTO Meter_reading(value, date, paid, meter_id)
        VALUES (310, '2012-2-5', false, 210);
INSERT INTO Meter_reading(value, date, paid, meter_id)
        VALUES (377, '2012-2-8', false, 210);
INSERT INTO Meter_reading(value, date, paid, meter_id)
        VALUES (438, '2012-2-21', false, 210);
INSERT INTO Meter_reading(value, date, paid, meter_id)
        VALUES (485, '2012-3-6', false, 210);
INSERT INTO Meter_reading(value, date, paid, meter_id)
        VALUES (555, '2012-3-20', false, 210);
INSERT INTO Meter_reading(value, date, paid, meter_id)
        VALUES (597, '2012-3-25', false, 210);
INSERT INTO Meter_reading(value, date, paid, meter_id)
        VALUES (99, '2012-1-9', false, 211);
INSERT INTO Meter_reading(value, date, paid, meter_id)
        VALUES (103, '2012-1-22', false, 211);
INSERT INTO Meter_reading(value, date, paid, meter_id)
        VALUES (132, '2012-2-3', false, 211);
INSERT INTO Meter_reading(value, date, paid, meter_id)
        VALUES (161, '2012-2-15', false, 211);
INSERT INTO Meter_reading(value, date, paid, meter_id)
        VALUES (182, '2012-2-20', false, 211);
INSERT INTO Meter_reading(value, date, paid, meter_id)
        VALUES (194, '2012-3-3', false, 211);
INSERT INTO Meter_reading(value, date, paid, meter_id)
        VALUES (199, '2012-3-14', false, 211);
INSERT INTO Meter_reading(value, date, paid, meter_id)
        VALUES (221, '2012-4-1', false, 211);
INSERT INTO person(person_id, name, surname, paternal_name, registration_date, email, password_hash, is_admin) 
    VALUES (106, 'test106', 'test106', '', '01/01/2012', 'test106', '098f6bcd4621d373cade4e832627b4f6', false);
INSERT INTO dweller VALUES (106);
INSERT INTO flat(flat_id, area, flat_number, balance, cladr_id, building_id)
    VALUES (106, 132, 106, 0, 1, 1);
INSERT INTO dweller_lives_in_flat(person_id, flat_id)
    VALUES (106, 106);
INSERT INTO meter(meter_id, installation_date, type, title, meter_unit_id, active, flat_id)
    VALUES (212, '01/01/2012', 'Water', 'Cold water in kitchen test106', 1, true, 106);
INSERT INTO meter(meter_id, installation_date, type, title, meter_unit_id, active, flat_id)
    VALUES (213, '01/01/2012', 'Electricity', 'Electricity in hall test106', 2, true, 106);
INSERT INTO Meter_reading(value, date, paid, meter_id)
        VALUES (54, '2012-1-12', false, 212);
INSERT INTO Meter_reading(value, date, paid, meter_id)
        VALUES (63, '2012-1-19', false, 212);
INSERT INTO Meter_reading(value, date, paid, meter_id)
        VALUES (97, '2012-1-26', false, 212);
INSERT INTO Meter_reading(value, date, paid, meter_id)
        VALUES (121, '2012-2-4', false, 212);
INSERT INTO Meter_reading(value, date, paid, meter_id)
        VALUES (143, '2012-2-5', false, 212);
INSERT INTO Meter_reading(value, date, paid, meter_id)
        VALUES (263, '2012-1-3', false, 213);
INSERT INTO Meter_reading(value, date, paid, meter_id)
        VALUES (284, '2012-1-15', false, 213);
INSERT INTO Meter_reading(value, date, paid, meter_id)
        VALUES (293, '2012-1-27', false, 213);
INSERT INTO Meter_reading(value, date, paid, meter_id)
        VALUES (302, '2012-2-14', false, 213);
INSERT INTO Meter_reading(value, date, paid, meter_id)
        VALUES (307, '2012-3-1', false, 213);
INSERT INTO Meter_reading(value, date, paid, meter_id)
        VALUES (335, '2012-3-2', false, 213);
INSERT INTO Meter_reading(value, date, paid, meter_id)
        VALUES (347, '2012-3-6', false, 213);
INSERT INTO person(person_id, name, surname, paternal_name, registration_date, email, password_hash, is_admin) 
    VALUES (107, 'test107', 'test107', '', '01/01/2012', 'test107', '098f6bcd4621d373cade4e832627b4f6', false);
INSERT INTO dweller VALUES (107);
INSERT INTO flat(flat_id, area, flat_number, balance, cladr_id, building_id)
    VALUES (107, 154, 107, 0, 1, 1);
INSERT INTO dweller_lives_in_flat(person_id, flat_id)
    VALUES (107, 107);
INSERT INTO meter(meter_id, installation_date, type, title, meter_unit_id, active, flat_id)
    VALUES (214, '01/01/2012', 'Water', 'Cold water in kitchen test107', 1, true, 107);
INSERT INTO meter(meter_id, installation_date, type, title, meter_unit_id, active, flat_id)
    VALUES (215, '01/01/2012', 'Electricity', 'Electricity in hall test107', 2, true, 107);
INSERT INTO Meter_reading(value, date, paid, meter_id)
        VALUES (141, '2012-1-6', false, 214);
INSERT INTO Meter_reading(value, date, paid, meter_id)
        VALUES (157, '2012-1-8', false, 214);
INSERT INTO Meter_reading(value, date, paid, meter_id)
        VALUES (177, '2012-1-19', false, 214);
INSERT INTO Meter_reading(value, date, paid, meter_id)
        VALUES (211, '2012-1-23', false, 214);
INSERT INTO Meter_reading(value, date, paid, meter_id)
        VALUES (217, '2012-1-26', false, 214);
INSERT INTO Meter_reading(value, date, paid, meter_id)
        VALUES (221, '2012-2-12', false, 214);
INSERT INTO Meter_reading(value, date, paid, meter_id)
        VALUES (252, '2012-2-16', false, 214);
INSERT INTO Meter_reading(value, date, paid, meter_id)
        VALUES (263, '2012-2-20', false, 214);
INSERT INTO Meter_reading(value, date, paid, meter_id)
        VALUES (269, '2012-3-7', false, 214);
INSERT INTO Meter_reading(value, date, paid, meter_id)
        VALUES (296, '2012-3-14', false, 214);
INSERT INTO Meter_reading(value, date, paid, meter_id)
        VALUES (297, '2012-3-15', false, 214);
INSERT INTO Meter_reading(value, date, paid, meter_id)
        VALUES (304, '2012-3-21', false, 214);
INSERT INTO Meter_reading(value, date, paid, meter_id)
        VALUES (331, '2012-4-4', false, 214);
INSERT INTO Meter_reading(value, date, paid, meter_id)
        VALUES (348, '2012-4-8', false, 214);
INSERT INTO Meter_reading(value, date, paid, meter_id)
        VALUES (226, '2012-1-15', false, 215);
INSERT INTO Meter_reading(value, date, paid, meter_id)
        VALUES (235, '2012-1-21', false, 215);
INSERT INTO Meter_reading(value, date, paid, meter_id)
        VALUES (237, '2012-1-25', false, 215);
INSERT INTO Meter_reading(value, date, paid, meter_id)
        VALUES (256, '2012-2-4', false, 215);
INSERT INTO Meter_reading(value, date, paid, meter_id)
        VALUES (282, '2012-2-11', false, 215);
INSERT INTO Meter_reading(value, date, paid, meter_id)
        VALUES (285, '2012-2-24', false, 215);
INSERT INTO Meter_reading(value, date, paid, meter_id)
        VALUES (300, '2012-3-2', false, 215);
INSERT INTO Meter_reading(value, date, paid, meter_id)
        VALUES (304, '2012-3-13', false, 215);
INSERT INTO Meter_reading(value, date, paid, meter_id)
        VALUES (326, '2012-3-27', false, 215);
INSERT INTO Meter_reading(value, date, paid, meter_id)
        VALUES (337, '2012-4-7', false, 215);
INSERT INTO Meter_reading(value, date, paid, meter_id)
        VALUES (340, '2012-4-19', false, 215);
INSERT INTO Meter_reading(value, date, paid, meter_id)
        VALUES (346, '2012-5-4', false, 215);
INSERT INTO person(person_id, name, surname, paternal_name, registration_date, email, password_hash, is_admin) 
    VALUES (108, 'test108', 'test108', '', '01/01/2012', 'test108', '098f6bcd4621d373cade4e832627b4f6', false);
INSERT INTO dweller VALUES (108);
INSERT INTO flat(flat_id, area, flat_number, balance, cladr_id, building_id)
    VALUES (108, 214, 108, 0, 1, 1);
INSERT INTO dweller_lives_in_flat(person_id, flat_id)
    VALUES (108, 108);
INSERT INTO meter(meter_id, installation_date, type, title, meter_unit_id, active, flat_id)
    VALUES (216, '01/01/2012', 'Water', 'Cold water in kitchen test108', 1, true, 108);
INSERT INTO meter(meter_id, installation_date, type, title, meter_unit_id, active, flat_id)
    VALUES (217, '01/01/2012', 'Electricity', 'Electricity in hall test108', 2, true, 108);
INSERT INTO Meter_reading(value, date, paid, meter_id)
        VALUES (275, '2012-1-14', false, 216);
INSERT INTO Meter_reading(value, date, paid, meter_id)
        VALUES (290, '2012-1-21', false, 216);
INSERT INTO Meter_reading(value, date, paid, meter_id)
        VALUES (309, '2012-2-3', false, 216);
INSERT INTO Meter_reading(value, date, paid, meter_id)
        VALUES (313, '2012-2-13', false, 216);
INSERT INTO Meter_reading(value, date, paid, meter_id)
        VALUES (321, '2012-2-23', false, 216);
INSERT INTO Meter_reading(value, date, paid, meter_id)
        VALUES (347, '2012-2-27', false, 216);
INSERT INTO Meter_reading(value, date, paid, meter_id)
        VALUES (348, '2012-3-2', false, 216);
INSERT INTO Meter_reading(value, date, paid, meter_id)
        VALUES (359, '2012-3-8', false, 216);
INSERT INTO Meter_reading(value, date, paid, meter_id)
        VALUES (362, '2012-3-21', false, 216);
INSERT INTO Meter_reading(value, date, paid, meter_id)
        VALUES (363, '2012-3-23', false, 216);
INSERT INTO Meter_reading(value, date, paid, meter_id)
        VALUES (375, '2012-3-26', false, 216);
INSERT INTO Meter_reading(value, date, paid, meter_id)
        VALUES (380, '2012-4-7', false, 216);
INSERT INTO Meter_reading(value, date, paid, meter_id)
        VALUES (388, '2012-4-19', false, 216);
INSERT INTO Meter_reading(value, date, paid, meter_id)
        VALUES (411, '2012-4-21', false, 216);
INSERT INTO Meter_reading(value, date, paid, meter_id)
        VALUES (229, '2012-1-11', false, 217);
INSERT INTO Meter_reading(value, date, paid, meter_id)
        VALUES (244, '2012-1-14', false, 217);
INSERT INTO Meter_reading(value, date, paid, meter_id)
        VALUES (269, '2012-1-15', false, 217);
INSERT INTO Meter_reading(value, date, paid, meter_id)
        VALUES (311, '2012-1-19', false, 217);
INSERT INTO Meter_reading(value, date, paid, meter_id)
        VALUES (342, '2012-2-2', false, 217);
INSERT INTO Meter_reading(value, date, paid, meter_id)
        VALUES (386, '2012-2-11', false, 217);
INSERT INTO person(person_id, name, surname, paternal_name, registration_date, email, password_hash, is_admin) 
    VALUES (109, 'test109', 'test109', '', '01/01/2012', 'test109', '098f6bcd4621d373cade4e832627b4f6', false);
INSERT INTO dweller VALUES (109);
INSERT INTO flat(flat_id, area, flat_number, balance, cladr_id, building_id)
    VALUES (109, 212, 109, 0, 1, 1);
INSERT INTO dweller_lives_in_flat(person_id, flat_id)
    VALUES (109, 109);
INSERT INTO meter(meter_id, installation_date, type, title, meter_unit_id, active, flat_id)
    VALUES (218, '01/01/2012', 'Water', 'Cold water in kitchen test109', 1, true, 109);
INSERT INTO meter(meter_id, installation_date, type, title, meter_unit_id, active, flat_id)
    VALUES (219, '01/01/2012', 'Electricity', 'Electricity in hall test109', 2, true, 109);
INSERT INTO Meter_reading(value, date, paid, meter_id)
        VALUES (331, '2012-1-4', false, 218);
INSERT INTO Meter_reading(value, date, paid, meter_id)
        VALUES (394, '2012-1-12', false, 218);
INSERT INTO Meter_reading(value, date, paid, meter_id)
        VALUES (441, '2012-1-22', false, 218);
INSERT INTO Meter_reading(value, date, paid, meter_id)
        VALUES (523, '2012-1-23', false, 218);
INSERT INTO Meter_reading(value, date, paid, meter_id)
        VALUES (535, '2012-1-27', false, 218);
INSERT INTO Meter_reading(value, date, paid, meter_id)
        VALUES (562, '2012-2-1', false, 218);
INSERT INTO Meter_reading(value, date, paid, meter_id)
        VALUES (593, '2012-2-9', false, 218);
INSERT INTO Meter_reading(value, date, paid, meter_id)
        VALUES (265, '2012-1-16', false, 219);
INSERT INTO Meter_reading(value, date, paid, meter_id)
        VALUES (269, '2012-1-23', false, 219);
INSERT INTO Meter_reading(value, date, paid, meter_id)
        VALUES (286, '2012-2-4', false, 219);
INSERT INTO Meter_reading(value, date, paid, meter_id)
        VALUES (297, '2012-2-14', false, 219);
INSERT INTO Meter_reading(value, date, paid, meter_id)
        VALUES (323, '2012-2-16', false, 219);
INSERT INTO Meter_reading(value, date, paid, meter_id)
        VALUES (329, '2012-2-24', false, 219);
INSERT INTO Meter_reading(value, date, paid, meter_id)
        VALUES (339, '2012-2-25', false, 219);
INSERT INTO Meter_reading(value, date, paid, meter_id)
        VALUES (343, '2012-3-12', false, 219);
INSERT INTO Meter_reading(value, date, paid, meter_id)
        VALUES (360, '2012-3-20', false, 219);
INSERT INTO Meter_reading(value, date, paid, meter_id)
        VALUES (387, '2012-3-23', false, 219);
INSERT INTO Meter_reading(value, date, paid, meter_id)
        VALUES (405, '2012-4-9', false, 219);
INSERT INTO Meter_reading(value, date, paid, meter_id)
        VALUES (423, '2012-4-23', false, 219);
INSERT INTO person(person_id, name, surname, paternal_name, registration_date, email, password_hash, is_admin) 
    VALUES (110, 'test110', 'test110', '', '01/01/2012', 'test110', '098f6bcd4621d373cade4e832627b4f6', false);
INSERT INTO dweller VALUES (110);
INSERT INTO flat(flat_id, area, flat_number, balance, cladr_id, building_id)
    VALUES (110, 89, 110, 0, 1, 1);
INSERT INTO dweller_lives_in_flat(person_id, flat_id)
    VALUES (110, 110);
INSERT INTO meter(meter_id, installation_date, type, title, meter_unit_id, active, flat_id)
    VALUES (220, '01/01/2012', 'Water', 'Cold water in kitchen test110', 1, true, 110);
INSERT INTO meter(meter_id, installation_date, type, title, meter_unit_id, active, flat_id)
    VALUES (221, '01/01/2012', 'Electricity', 'Electricity in hall test110', 2, true, 110);
INSERT INTO Meter_reading(value, date, paid, meter_id)
        VALUES (269, '2012-1-13', false, 220);
INSERT INTO Meter_reading(value, date, paid, meter_id)
        VALUES (272, '2012-1-14', false, 220);
INSERT INTO Meter_reading(value, date, paid, meter_id)
        VALUES (285, '2012-1-21', false, 220);
INSERT INTO Meter_reading(value, date, paid, meter_id)
        VALUES (292, '2012-2-8', false, 220);
INSERT INTO Meter_reading(value, date, paid, meter_id)
        VALUES (321, '2012-2-14', false, 220);
INSERT INTO Meter_reading(value, date, paid, meter_id)
        VALUES (350, '2012-2-23', false, 220);
INSERT INTO Meter_reading(value, date, paid, meter_id)
        VALUES (353, '2012-3-10', false, 220);
INSERT INTO Meter_reading(value, date, paid, meter_id)
        VALUES (106, '2012-1-5', false, 221);
INSERT INTO Meter_reading(value, date, paid, meter_id)
        VALUES (135, '2012-1-8', false, 221);
INSERT INTO Meter_reading(value, date, paid, meter_id)
        VALUES (142, '2012-1-11', false, 221);
INSERT INTO Meter_reading(value, date, paid, meter_id)
        VALUES (157, '2012-1-16', false, 221);
INSERT INTO Meter_reading(value, date, paid, meter_id)
        VALUES (185, '2012-1-25', false, 221);
INSERT INTO Meter_reading(value, date, paid, meter_id)
        VALUES (203, '2012-2-6', false, 221);
INSERT INTO Meter_reading(value, date, paid, meter_id)
        VALUES (228, '2012-2-19', false, 221);
INSERT INTO Meter_reading(value, date, paid, meter_id)
        VALUES (236, '2012-3-2', false, 221);
INSERT INTO Meter_reading(value, date, paid, meter_id)
        VALUES (249, '2012-3-16', false, 221);
INSERT INTO Meter_reading(value, date, paid, meter_id)
        VALUES (268, '2012-4-2', false, 221);
INSERT INTO person(person_id, name, surname, paternal_name, registration_date, email, password_hash, is_admin) 
    VALUES (111, 'test111', 'test111', '', '01/01/2012', 'test111', '098f6bcd4621d373cade4e832627b4f6', false);
INSERT INTO dweller VALUES (111);
INSERT INTO flat(flat_id, area, flat_number, balance, cladr_id, building_id)
    VALUES (111, 254, 111, 0, 1, 1);
INSERT INTO dweller_lives_in_flat(person_id, flat_id)
    VALUES (111, 111);
INSERT INTO meter(meter_id, installation_date, type, title, meter_unit_id, active, flat_id)
    VALUES (222, '01/01/2012', 'Water', 'Cold water in kitchen test111', 1, true, 111);
INSERT INTO meter(meter_id, installation_date, type, title, meter_unit_id, active, flat_id)
    VALUES (223, '01/01/2012', 'Electricity', 'Electricity in hall test111', 2, true, 111);
INSERT INTO Meter_reading(value, date, paid, meter_id)
        VALUES (94, '2012-1-10', false, 222);
INSERT INTO Meter_reading(value, date, paid, meter_id)
        VALUES (122, '2012-1-19', false, 222);
INSERT INTO Meter_reading(value, date, paid, meter_id)
        VALUES (123, '2012-1-25', false, 222);
INSERT INTO Meter_reading(value, date, paid, meter_id)
        VALUES (164, '2012-2-8', false, 222);
INSERT INTO Meter_reading(value, date, paid, meter_id)
        VALUES (203, '2012-2-11', false, 222);
INSERT INTO Meter_reading(value, date, paid, meter_id)
        VALUES (239, '2012-2-14', false, 222);
INSERT INTO Meter_reading(value, date, paid, meter_id)
        VALUES (275, '2012-2-27', false, 222);
INSERT INTO Meter_reading(value, date, paid, meter_id)
        VALUES (257, '2012-1-5', false, 223);
INSERT INTO Meter_reading(value, date, paid, meter_id)
        VALUES (273, '2012-1-10', false, 223);
INSERT INTO Meter_reading(value, date, paid, meter_id)
        VALUES (275, '2012-1-22', false, 223);
INSERT INTO Meter_reading(value, date, paid, meter_id)
        VALUES (281, '2012-2-5', false, 223);
INSERT INTO Meter_reading(value, date, paid, meter_id)
        VALUES (289, '2012-2-12', false, 223);
INSERT INTO Meter_reading(value, date, paid, meter_id)
        VALUES (308, '2012-2-19', false, 223);
INSERT INTO Meter_reading(value, date, paid, meter_id)
        VALUES (323, '2012-2-24', false, 223);
INSERT INTO Meter_reading(value, date, paid, meter_id)
        VALUES (324, '2012-3-11', false, 223);
INSERT INTO Meter_reading(value, date, paid, meter_id)
        VALUES (333, '2012-3-13', false, 223);
INSERT INTO person(person_id, name, surname, paternal_name, registration_date, email, password_hash, is_admin) 
    VALUES (112, 'test112', 'test112', '', '01/01/2012', 'test112', '098f6bcd4621d373cade4e832627b4f6', false);
INSERT INTO dweller VALUES (112);
INSERT INTO flat(flat_id, area, flat_number, balance, cladr_id, building_id)
    VALUES (112, 256, 112, 0, 1, 1);
INSERT INTO dweller_lives_in_flat(person_id, flat_id)
    VALUES (112, 112);
INSERT INTO meter(meter_id, installation_date, type, title, meter_unit_id, active, flat_id)
    VALUES (224, '01/01/2012', 'Water', 'Cold water in kitchen test112', 1, true, 112);
INSERT INTO meter(meter_id, installation_date, type, title, meter_unit_id, active, flat_id)
    VALUES (225, '01/01/2012', 'Electricity', 'Electricity in hall test112', 2, true, 112);
INSERT INTO Meter_reading(value, date, paid, meter_id)
        VALUES (89, '2012-1-11', false, 224);
INSERT INTO Meter_reading(value, date, paid, meter_id)
        VALUES (100, '2012-1-19', false, 224);
INSERT INTO Meter_reading(value, date, paid, meter_id)
        VALUES (104, '2012-2-2', false, 224);
INSERT INTO Meter_reading(value, date, paid, meter_id)
        VALUES (122, '2012-2-14', false, 224);
INSERT INTO Meter_reading(value, date, paid, meter_id)
        VALUES (141, '2012-3-1', false, 224);
INSERT INTO Meter_reading(value, date, paid, meter_id)
        VALUES (158, '2012-3-2', false, 224);
INSERT INTO Meter_reading(value, date, paid, meter_id)
        VALUES (197, '2012-3-14', false, 224);
INSERT INTO Meter_reading(value, date, paid, meter_id)
        VALUES (239, '2012-4-1', false, 224);
INSERT INTO Meter_reading(value, date, paid, meter_id)
        VALUES (186, '2012-1-8', false, 225);
INSERT INTO Meter_reading(value, date, paid, meter_id)
        VALUES (190, '2012-1-10', false, 225);
INSERT INTO Meter_reading(value, date, paid, meter_id)
        VALUES (199, '2012-1-11', false, 225);
INSERT INTO Meter_reading(value, date, paid, meter_id)
        VALUES (203, '2012-1-17', false, 225);
INSERT INTO Meter_reading(value, date, paid, meter_id)
        VALUES (228, '2012-1-20', false, 225);
INSERT INTO Meter_reading(value, date, paid, meter_id)
        VALUES (234, '2012-1-25', false, 225);
INSERT INTO Meter_reading(value, date, paid, meter_id)
        VALUES (263, '2012-2-4', false, 225);
INSERT INTO Meter_reading(value, date, paid, meter_id)
        VALUES (277, '2012-2-15', false, 225);
INSERT INTO Meter_reading(value, date, paid, meter_id)
        VALUES (300, '2012-2-24', false, 225);
INSERT INTO Meter_reading(value, date, paid, meter_id)
        VALUES (325, '2012-3-9', false, 225);
INSERT INTO person(person_id, name, surname, paternal_name, registration_date, email, password_hash, is_admin) 
    VALUES (113, 'test113', 'test113', '', '01/01/2012', 'test113', '098f6bcd4621d373cade4e832627b4f6', false);
INSERT INTO dweller VALUES (113);
INSERT INTO flat(flat_id, area, flat_number, balance, cladr_id, building_id)
    VALUES (113, 83, 113, 0, 1, 1);
INSERT INTO dweller_lives_in_flat(person_id, flat_id)
    VALUES (113, 113);
INSERT INTO meter(meter_id, installation_date, type, title, meter_unit_id, active, flat_id)
    VALUES (226, '01/01/2012', 'Water', 'Cold water in kitchen test113', 1, true, 113);
INSERT INTO meter(meter_id, installation_date, type, title, meter_unit_id, active, flat_id)
    VALUES (227, '01/01/2012', 'Electricity', 'Electricity in hall test113', 2, true, 113);
INSERT INTO Meter_reading(value, date, paid, meter_id)
        VALUES (140, '2012-1-8', false, 226);
INSERT INTO Meter_reading(value, date, paid, meter_id)
        VALUES (163, '2012-1-20', false, 226);
INSERT INTO Meter_reading(value, date, paid, meter_id)
        VALUES (176, '2012-2-2', false, 226);
INSERT INTO Meter_reading(value, date, paid, meter_id)
        VALUES (194, '2012-2-11', false, 226);
INSERT INTO Meter_reading(value, date, paid, meter_id)
        VALUES (203, '2012-2-19', false, 226);
INSERT INTO Meter_reading(value, date, paid, meter_id)
        VALUES (217, '2012-2-26', false, 226);
INSERT INTO Meter_reading(value, date, paid, meter_id)
        VALUES (226, '2012-3-3', false, 226);
INSERT INTO Meter_reading(value, date, paid, meter_id)
        VALUES (243, '2012-3-8', false, 226);
INSERT INTO Meter_reading(value, date, paid, meter_id)
        VALUES (253, '2012-3-22', false, 226);
INSERT INTO Meter_reading(value, date, paid, meter_id)
        VALUES (266, '2012-4-2', false, 226);
INSERT INTO Meter_reading(value, date, paid, meter_id)
        VALUES (290, '2012-4-4', false, 226);
INSERT INTO Meter_reading(value, date, paid, meter_id)
        VALUES (294, '2012-4-5', false, 226);
INSERT INTO Meter_reading(value, date, paid, meter_id)
        VALUES (313, '2012-4-7', false, 226);
INSERT INTO Meter_reading(value, date, paid, meter_id)
        VALUES (194, '2012-1-10', false, 227);
INSERT INTO Meter_reading(value, date, paid, meter_id)
        VALUES (198, '2012-1-16', false, 227);
INSERT INTO Meter_reading(value, date, paid, meter_id)
        VALUES (200, '2012-1-20', false, 227);
INSERT INTO Meter_reading(value, date, paid, meter_id)
        VALUES (220, '2012-2-6', false, 227);
INSERT INTO Meter_reading(value, date, paid, meter_id)
        VALUES (245, '2012-2-14', false, 227);
INSERT INTO person(person_id, name, surname, paternal_name, registration_date, email, password_hash, is_admin) 
    VALUES (114, 'test114', 'test114', '', '01/01/2012', 'test114', '098f6bcd4621d373cade4e832627b4f6', false);
INSERT INTO dweller VALUES (114);
INSERT INTO flat(flat_id, area, flat_number, balance, cladr_id, building_id)
    VALUES (114, 156, 114, 0, 1, 1);
INSERT INTO dweller_lives_in_flat(person_id, flat_id)
    VALUES (114, 114);
INSERT INTO meter(meter_id, installation_date, type, title, meter_unit_id, active, flat_id)
    VALUES (228, '01/01/2012', 'Water', 'Cold water in kitchen test114', 1, true, 114);
INSERT INTO meter(meter_id, installation_date, type, title, meter_unit_id, active, flat_id)
    VALUES (229, '01/01/2012', 'Electricity', 'Electricity in hall test114', 2, true, 114);
INSERT INTO Meter_reading(value, date, paid, meter_id)
        VALUES (150, '2012-1-5', false, 228);
INSERT INTO Meter_reading(value, date, paid, meter_id)
        VALUES (162, '2012-1-19', false, 228);
INSERT INTO Meter_reading(value, date, paid, meter_id)
        VALUES (191, '2012-1-27', false, 228);
INSERT INTO Meter_reading(value, date, paid, meter_id)
        VALUES (208, '2012-2-1', false, 228);
INSERT INTO Meter_reading(value, date, paid, meter_id)
        VALUES (225, '2012-2-9', false, 228);
INSERT INTO Meter_reading(value, date, paid, meter_id)
        VALUES (249, '2012-2-18', false, 228);
INSERT INTO Meter_reading(value, date, paid, meter_id)
        VALUES (253, '2012-2-21', false, 228);
INSERT INTO Meter_reading(value, date, paid, meter_id)
        VALUES (268, '2012-2-27', false, 228);
INSERT INTO Meter_reading(value, date, paid, meter_id)
        VALUES (272, '2012-3-8', false, 228);
INSERT INTO Meter_reading(value, date, paid, meter_id)
        VALUES (300, '2012-3-19', false, 228);
INSERT INTO Meter_reading(value, date, paid, meter_id)
        VALUES (309, '2012-3-20', false, 228);
INSERT INTO Meter_reading(value, date, paid, meter_id)
        VALUES (310, '2012-3-21', false, 228);
INSERT INTO Meter_reading(value, date, paid, meter_id)
        VALUES (343, '2012-1-12', false, 229);
INSERT INTO Meter_reading(value, date, paid, meter_id)
        VALUES (387, '2012-1-17', false, 229);
INSERT INTO Meter_reading(value, date, paid, meter_id)
        VALUES (390, '2012-1-24', false, 229);
INSERT INTO Meter_reading(value, date, paid, meter_id)
        VALUES (401, '2012-2-3', false, 229);
INSERT INTO Meter_reading(value, date, paid, meter_id)
        VALUES (408, '2012-2-8', false, 229);
INSERT INTO Meter_reading(value, date, paid, meter_id)
        VALUES (428, '2012-2-13', false, 229);
INSERT INTO person(person_id, name, surname, paternal_name, registration_date, email, password_hash, is_admin) 
    VALUES (115, 'test115', 'test115', '', '01/01/2012', 'test115', '098f6bcd4621d373cade4e832627b4f6', false);
INSERT INTO dweller VALUES (115);
INSERT INTO flat(flat_id, area, flat_number, balance, cladr_id, building_id)
    VALUES (115, 198, 115, 0, 1, 1);
INSERT INTO dweller_lives_in_flat(person_id, flat_id)
    VALUES (115, 115);
INSERT INTO meter(meter_id, installation_date, type, title, meter_unit_id, active, flat_id)
    VALUES (230, '01/01/2012', 'Water', 'Cold water in kitchen test115', 1, true, 115);
INSERT INTO meter(meter_id, installation_date, type, title, meter_unit_id, active, flat_id)
    VALUES (231, '01/01/2012', 'Electricity', 'Electricity in hall test115', 2, true, 115);
INSERT INTO Meter_reading(value, date, paid, meter_id)
        VALUES (160, '2012-1-9', false, 230);
INSERT INTO Meter_reading(value, date, paid, meter_id)
        VALUES (166, '2012-1-21', false, 230);
INSERT INTO Meter_reading(value, date, paid, meter_id)
        VALUES (178, '2012-2-6', false, 230);
INSERT INTO Meter_reading(value, date, paid, meter_id)
        VALUES (199, '2012-2-20', false, 230);
INSERT INTO Meter_reading(value, date, paid, meter_id)
        VALUES (211, '2012-2-24', false, 230);
INSERT INTO Meter_reading(value, date, paid, meter_id)
        VALUES (237, '2012-3-6', false, 230);
INSERT INTO Meter_reading(value, date, paid, meter_id)
        VALUES (265, '2012-3-14', false, 230);
INSERT INTO Meter_reading(value, date, paid, meter_id)
        VALUES (275, '2012-3-19', false, 230);
INSERT INTO Meter_reading(value, date, paid, meter_id)
        VALUES (300, '2012-3-26', false, 230);
INSERT INTO Meter_reading(value, date, paid, meter_id)
        VALUES (307, '2012-4-12', false, 230);
INSERT INTO Meter_reading(value, date, paid, meter_id)
        VALUES (310, '2012-4-21', false, 230);
INSERT INTO Meter_reading(value, date, paid, meter_id)
        VALUES (70, '2012-1-14', false, 231);
INSERT INTO Meter_reading(value, date, paid, meter_id)
        VALUES (127, '2012-1-20', false, 231);
INSERT INTO Meter_reading(value, date, paid, meter_id)
        VALUES (176, '2012-2-4', false, 231);
INSERT INTO Meter_reading(value, date, paid, meter_id)
        VALUES (228, '2012-2-9', false, 231);
INSERT INTO Meter_reading(value, date, paid, meter_id)
        VALUES (282, '2012-2-19', false, 231);
INSERT INTO Meter_reading(value, date, paid, meter_id)
        VALUES (320, '2012-2-26', false, 231);
INSERT INTO Meter_reading(value, date, paid, meter_id)
        VALUES (350, '2012-3-7', false, 231);
INSERT INTO person(person_id, name, surname, paternal_name, registration_date, email, password_hash, is_admin) 
    VALUES (116, 'test116', 'test116', '', '01/01/2012', 'test116', '098f6bcd4621d373cade4e832627b4f6', false);
INSERT INTO dweller VALUES (116);
INSERT INTO flat(flat_id, area, flat_number, balance, cladr_id, building_id)
    VALUES (116, 60, 116, 0, 1, 1);
INSERT INTO dweller_lives_in_flat(person_id, flat_id)
    VALUES (116, 116);
INSERT INTO meter(meter_id, installation_date, type, title, meter_unit_id, active, flat_id)
    VALUES (232, '01/01/2012', 'Water', 'Cold water in kitchen test116', 1, true, 116);
INSERT INTO meter(meter_id, installation_date, type, title, meter_unit_id, active, flat_id)
    VALUES (233, '01/01/2012', 'Electricity', 'Electricity in hall test116', 2, true, 116);
INSERT INTO Meter_reading(value, date, paid, meter_id)
        VALUES (185, '2012-1-7', false, 232);
INSERT INTO Meter_reading(value, date, paid, meter_id)
        VALUES (234, '2012-1-13', false, 232);
INSERT INTO Meter_reading(value, date, paid, meter_id)
        VALUES (248, '2012-1-15', false, 232);
INSERT INTO Meter_reading(value, date, paid, meter_id)
        VALUES (303, '2012-1-21', false, 232);
INSERT INTO Meter_reading(value, date, paid, meter_id)
        VALUES (333, '2012-2-1', false, 232);
INSERT INTO Meter_reading(value, date, paid, meter_id)
        VALUES (369, '2012-2-12', false, 232);
INSERT INTO Meter_reading(value, date, paid, meter_id)
        VALUES (392, '2012-2-26', false, 232);
INSERT INTO Meter_reading(value, date, paid, meter_id)
        VALUES (481, '2012-3-13', false, 232);
INSERT INTO Meter_reading(value, date, paid, meter_id)
        VALUES (131, '2012-1-13', false, 233);
INSERT INTO Meter_reading(value, date, paid, meter_id)
        VALUES (146, '2012-1-14', false, 233);
INSERT INTO Meter_reading(value, date, paid, meter_id)
        VALUES (151, '2012-2-1', false, 233);
INSERT INTO Meter_reading(value, date, paid, meter_id)
        VALUES (167, '2012-2-2', false, 233);
INSERT INTO Meter_reading(value, date, paid, meter_id)
        VALUES (168, '2012-2-15', false, 233);
INSERT INTO Meter_reading(value, date, paid, meter_id)
        VALUES (187, '2012-2-23', false, 233);
INSERT INTO Meter_reading(value, date, paid, meter_id)
        VALUES (211, '2012-3-9', false, 233);
INSERT INTO Meter_reading(value, date, paid, meter_id)
        VALUES (231, '2012-3-19', false, 233);
INSERT INTO Meter_reading(value, date, paid, meter_id)
        VALUES (255, '2012-4-6', false, 233);
INSERT INTO Meter_reading(value, date, paid, meter_id)
        VALUES (263, '2012-4-8', false, 233);
INSERT INTO Meter_reading(value, date, paid, meter_id)
        VALUES (265, '2012-4-15', false, 233);
INSERT INTO person(person_id, name, surname, paternal_name, registration_date, email, password_hash, is_admin) 
    VALUES (117, 'test117', 'test117', '', '01/01/2012', 'test117', '098f6bcd4621d373cade4e832627b4f6', false);
INSERT INTO dweller VALUES (117);
INSERT INTO flat(flat_id, area, flat_number, balance, cladr_id, building_id)
    VALUES (117, 143, 117, 0, 1, 1);
INSERT INTO dweller_lives_in_flat(person_id, flat_id)
    VALUES (117, 117);
INSERT INTO meter(meter_id, installation_date, type, title, meter_unit_id, active, flat_id)
    VALUES (234, '01/01/2012', 'Water', 'Cold water in kitchen test117', 1, true, 117);
INSERT INTO meter(meter_id, installation_date, type, title, meter_unit_id, active, flat_id)
    VALUES (235, '01/01/2012', 'Electricity', 'Electricity in hall test117', 2, true, 117);
INSERT INTO Meter_reading(value, date, paid, meter_id)
        VALUES (147, '2012-1-4', false, 234);
INSERT INTO Meter_reading(value, date, paid, meter_id)
        VALUES (174, '2012-1-11', false, 234);
INSERT INTO Meter_reading(value, date, paid, meter_id)
        VALUES (178, '2012-1-21', false, 234);
INSERT INTO Meter_reading(value, date, paid, meter_id)
        VALUES (184, '2012-2-5', false, 234);
INSERT INTO Meter_reading(value, date, paid, meter_id)
        VALUES (214, '2012-2-7', false, 234);
INSERT INTO Meter_reading(value, date, paid, meter_id)
        VALUES (227, '2012-2-12', false, 234);
INSERT INTO Meter_reading(value, date, paid, meter_id)
        VALUES (36, '2012-1-13', false, 235);
INSERT INTO Meter_reading(value, date, paid, meter_id)
        VALUES (60, '2012-1-20', false, 235);
INSERT INTO Meter_reading(value, date, paid, meter_id)
        VALUES (61, '2012-2-7', false, 235);
INSERT INTO Meter_reading(value, date, paid, meter_id)
        VALUES (77, '2012-2-14', false, 235);
INSERT INTO Meter_reading(value, date, paid, meter_id)
        VALUES (91, '2012-2-20', false, 235);
INSERT INTO Meter_reading(value, date, paid, meter_id)
        VALUES (100, '2012-3-2', false, 235);
INSERT INTO Meter_reading(value, date, paid, meter_id)
        VALUES (115, '2012-3-5', false, 235);
INSERT INTO Meter_reading(value, date, paid, meter_id)
        VALUES (140, '2012-3-13', false, 235);
INSERT INTO Meter_reading(value, date, paid, meter_id)
        VALUES (156, '2012-3-24', false, 235);
INSERT INTO Meter_reading(value, date, paid, meter_id)
        VALUES (159, '2012-4-7', false, 235);
INSERT INTO Meter_reading(value, date, paid, meter_id)
        VALUES (173, '2012-4-20', false, 235);
INSERT INTO Meter_reading(value, date, paid, meter_id)
        VALUES (185, '2012-4-24', false, 235);
INSERT INTO person(person_id, name, surname, paternal_name, registration_date, email, password_hash, is_admin) 
    VALUES (118, 'test118', 'test118', '', '01/01/2012', 'test118', '098f6bcd4621d373cade4e832627b4f6', false);
INSERT INTO dweller VALUES (118);
INSERT INTO flat(flat_id, area, flat_number, balance, cladr_id, building_id)
    VALUES (118, 225, 118, 0, 1, 1);
INSERT INTO dweller_lives_in_flat(person_id, flat_id)
    VALUES (118, 118);
INSERT INTO meter(meter_id, installation_date, type, title, meter_unit_id, active, flat_id)
    VALUES (236, '01/01/2012', 'Water', 'Cold water in kitchen test118', 1, true, 118);
INSERT INTO meter(meter_id, installation_date, type, title, meter_unit_id, active, flat_id)
    VALUES (237, '01/01/2012', 'Electricity', 'Electricity in hall test118', 2, true, 118);
INSERT INTO Meter_reading(value, date, paid, meter_id)
        VALUES (234, '2012-1-3', false, 236);
INSERT INTO Meter_reading(value, date, paid, meter_id)
        VALUES (262, '2012-1-5', false, 236);
INSERT INTO Meter_reading(value, date, paid, meter_id)
        VALUES (265, '2012-1-15', false, 236);
INSERT INTO Meter_reading(value, date, paid, meter_id)
        VALUES (273, '2012-1-24', false, 236);
INSERT INTO Meter_reading(value, date, paid, meter_id)
        VALUES (281, '2012-1-25', false, 236);
INSERT INTO Meter_reading(value, date, paid, meter_id)
        VALUES (298, '2012-2-3', false, 236);
INSERT INTO Meter_reading(value, date, paid, meter_id)
        VALUES (307, '2012-2-10', false, 236);
INSERT INTO Meter_reading(value, date, paid, meter_id)
        VALUES (331, '2012-2-24', false, 236);
INSERT INTO Meter_reading(value, date, paid, meter_id)
        VALUES (350, '2012-3-7', false, 236);
INSERT INTO Meter_reading(value, date, paid, meter_id)
        VALUES (372, '2012-3-8', false, 236);
INSERT INTO Meter_reading(value, date, paid, meter_id)
        VALUES (380, '2012-3-22', false, 236);
INSERT INTO Meter_reading(value, date, paid, meter_id)
        VALUES (392, '2012-4-4', false, 236);
INSERT INTO Meter_reading(value, date, paid, meter_id)
        VALUES (409, '2012-4-6', false, 236);
INSERT INTO Meter_reading(value, date, paid, meter_id)
        VALUES (423, '2012-4-19', false, 236);
INSERT INTO Meter_reading(value, date, paid, meter_id)
        VALUES (39, '2012-1-4', false, 237);
INSERT INTO Meter_reading(value, date, paid, meter_id)
        VALUES (56, '2012-1-11', false, 237);
INSERT INTO Meter_reading(value, date, paid, meter_id)
        VALUES (61, '2012-1-22', false, 237);
INSERT INTO Meter_reading(value, date, paid, meter_id)
        VALUES (78, '2012-1-23', false, 237);
INSERT INTO Meter_reading(value, date, paid, meter_id)
        VALUES (99, '2012-2-6', false, 237);
INSERT INTO Meter_reading(value, date, paid, meter_id)
        VALUES (112, '2012-2-15', false, 237);
INSERT INTO Meter_reading(value, date, paid, meter_id)
        VALUES (135, '2012-2-27', false, 237);
INSERT INTO Meter_reading(value, date, paid, meter_id)
        VALUES (162, '2012-3-3', false, 237);
INSERT INTO Meter_reading(value, date, paid, meter_id)
        VALUES (180, '2012-3-9', false, 237);
INSERT INTO Meter_reading(value, date, paid, meter_id)
        VALUES (200, '2012-3-22', false, 237);
INSERT INTO Meter_reading(value, date, paid, meter_id)
        VALUES (208, '2012-3-26', false, 237);
INSERT INTO person(person_id, name, surname, paternal_name, registration_date, email, password_hash, is_admin) 
    VALUES (119, 'test119', 'test119', '', '01/01/2012', 'test119', '098f6bcd4621d373cade4e832627b4f6', false);
INSERT INTO dweller VALUES (119);
INSERT INTO flat(flat_id, area, flat_number, balance, cladr_id, building_id)
    VALUES (119, 174, 119, 0, 1, 1);
INSERT INTO dweller_lives_in_flat(person_id, flat_id)
    VALUES (119, 119);
INSERT INTO meter(meter_id, installation_date, type, title, meter_unit_id, active, flat_id)
    VALUES (238, '01/01/2012', 'Water', 'Cold water in kitchen test119', 1, true, 119);
INSERT INTO meter(meter_id, installation_date, type, title, meter_unit_id, active, flat_id)
    VALUES (239, '01/01/2012', 'Electricity', 'Electricity in hall test119', 2, true, 119);
INSERT INTO Meter_reading(value, date, paid, meter_id)
        VALUES (319, '2012-1-5', false, 238);
INSERT INTO Meter_reading(value, date, paid, meter_id)
        VALUES (336, '2012-1-8', false, 238);
INSERT INTO Meter_reading(value, date, paid, meter_id)
        VALUES (339, '2012-1-17', false, 238);
INSERT INTO Meter_reading(value, date, paid, meter_id)
        VALUES (351, '2012-1-27', false, 238);
INSERT INTO Meter_reading(value, date, paid, meter_id)
        VALUES (373, '2012-2-4', false, 238);
INSERT INTO Meter_reading(value, date, paid, meter_id)
        VALUES (391, '2012-2-15', false, 238);
INSERT INTO Meter_reading(value, date, paid, meter_id)
        VALUES (409, '2012-2-17', false, 238);
INSERT INTO Meter_reading(value, date, paid, meter_id)
        VALUES (411, '2012-2-18', false, 238);
INSERT INTO Meter_reading(value, date, paid, meter_id)
        VALUES (419, '2012-3-5', false, 238);
INSERT INTO Meter_reading(value, date, paid, meter_id)
        VALUES (436, '2012-3-6', false, 238);
INSERT INTO Meter_reading(value, date, paid, meter_id)
        VALUES (215, '2012-1-12', false, 239);
INSERT INTO Meter_reading(value, date, paid, meter_id)
        VALUES (233, '2012-1-25', false, 239);
INSERT INTO Meter_reading(value, date, paid, meter_id)
        VALUES (247, '2012-2-5', false, 239);
INSERT INTO Meter_reading(value, date, paid, meter_id)
        VALUES (253, '2012-2-19', false, 239);
INSERT INTO Meter_reading(value, date, paid, meter_id)
        VALUES (262, '2012-2-25', false, 239);
INSERT INTO Meter_reading(value, date, paid, meter_id)
        VALUES (284, '2012-3-8', false, 239);
INSERT INTO Meter_reading(value, date, paid, meter_id)
        VALUES (298, '2012-3-17', false, 239);
INSERT INTO person(person_id, name, surname, paternal_name, registration_date, email, password_hash, is_admin) 
    VALUES (120, 'test120', 'test120', '', '01/01/2012', 'test120', '098f6bcd4621d373cade4e832627b4f6', false);
INSERT INTO dweller VALUES (120);
INSERT INTO flat(flat_id, area, flat_number, balance, cladr_id, building_id)
    VALUES (120, 60, 120, 0, 1, 1);
INSERT INTO dweller_lives_in_flat(person_id, flat_id)
    VALUES (120, 120);
INSERT INTO meter(meter_id, installation_date, type, title, meter_unit_id, active, flat_id)
    VALUES (240, '01/01/2012', 'Water', 'Cold water in kitchen test120', 1, true, 120);
INSERT INTO meter(meter_id, installation_date, type, title, meter_unit_id, active, flat_id)
    VALUES (241, '01/01/2012', 'Electricity', 'Electricity in hall test120', 2, true, 120);
INSERT INTO Meter_reading(value, date, paid, meter_id)
        VALUES (83, '2012-1-4', false, 240);
INSERT INTO Meter_reading(value, date, paid, meter_id)
        VALUES (101, '2012-1-7', false, 240);
INSERT INTO Meter_reading(value, date, paid, meter_id)
        VALUES (125, '2012-1-11', false, 240);
INSERT INTO Meter_reading(value, date, paid, meter_id)
        VALUES (135, '2012-1-18', false, 240);
INSERT INTO Meter_reading(value, date, paid, meter_id)
        VALUES (164, '2012-1-21', false, 240);
INSERT INTO Meter_reading(value, date, paid, meter_id)
        VALUES (183, '2012-1-26', false, 240);
INSERT INTO Meter_reading(value, date, paid, meter_id)
        VALUES (210, '2012-2-7', false, 240);
INSERT INTO Meter_reading(value, date, paid, meter_id)
        VALUES (37, '2012-1-4', false, 241);
INSERT INTO Meter_reading(value, date, paid, meter_id)
        VALUES (49, '2012-1-11', false, 241);
INSERT INTO Meter_reading(value, date, paid, meter_id)
        VALUES (77, '2012-1-21', false, 241);
INSERT INTO Meter_reading(value, date, paid, meter_id)
        VALUES (100, '2012-2-3', false, 241);
INSERT INTO Meter_reading(value, date, paid, meter_id)
        VALUES (125, '2012-2-5', false, 241);
INSERT INTO Meter_reading(value, date, paid, meter_id)
        VALUES (154, '2012-2-17', false, 241);
INSERT INTO Meter_reading(value, date, paid, meter_id)
        VALUES (180, '2012-2-24', false, 241);
INSERT INTO Meter_reading(value, date, paid, meter_id)
        VALUES (202, '2012-3-11', false, 241);
INSERT INTO Meter_reading(value, date, paid, meter_id)
        VALUES (223, '2012-3-19', false, 241);
INSERT INTO person(person_id, name, surname, paternal_name, registration_date, email, password_hash, is_admin) 
    VALUES (121, 'test121', 'test121', '', '01/01/2012', 'test121', '098f6bcd4621d373cade4e832627b4f6', false);
INSERT INTO dweller VALUES (121);
INSERT INTO flat(flat_id, area, flat_number, balance, cladr_id, building_id)
    VALUES (121, 217, 121, 0, 1, 1);
INSERT INTO dweller_lives_in_flat(person_id, flat_id)
    VALUES (121, 121);
INSERT INTO meter(meter_id, installation_date, type, title, meter_unit_id, active, flat_id)
    VALUES (242, '01/01/2012', 'Water', 'Cold water in kitchen test121', 1, true, 121);
INSERT INTO meter(meter_id, installation_date, type, title, meter_unit_id, active, flat_id)
    VALUES (243, '01/01/2012', 'Electricity', 'Electricity in hall test121', 2, true, 121);
INSERT INTO Meter_reading(value, date, paid, meter_id)
        VALUES (44, '2012-1-8', false, 242);
INSERT INTO Meter_reading(value, date, paid, meter_id)
        VALUES (50, '2012-1-20', false, 242);
INSERT INTO Meter_reading(value, date, paid, meter_id)
        VALUES (73, '2012-1-21', false, 242);
INSERT INTO Meter_reading(value, date, paid, meter_id)
        VALUES (86, '2012-1-27', false, 242);
INSERT INTO Meter_reading(value, date, paid, meter_id)
        VALUES (107, '2012-2-6', false, 242);
INSERT INTO Meter_reading(value, date, paid, meter_id)
        VALUES (115, '2012-2-7', false, 242);
INSERT INTO Meter_reading(value, date, paid, meter_id)
        VALUES (140, '2012-2-11', false, 242);
INSERT INTO Meter_reading(value, date, paid, meter_id)
        VALUES (154, '2012-2-24', false, 242);
INSERT INTO Meter_reading(value, date, paid, meter_id)
        VALUES (103, '2012-1-7', false, 243);
INSERT INTO Meter_reading(value, date, paid, meter_id)
        VALUES (104, '2012-1-20', false, 243);
INSERT INTO Meter_reading(value, date, paid, meter_id)
        VALUES (117, '2012-1-21', false, 243);
INSERT INTO Meter_reading(value, date, paid, meter_id)
        VALUES (127, '2012-2-8', false, 243);
INSERT INTO Meter_reading(value, date, paid, meter_id)
        VALUES (145, '2012-2-21', false, 243);
INSERT INTO Meter_reading(value, date, paid, meter_id)
        VALUES (155, '2012-2-22', false, 243);
INSERT INTO Meter_reading(value, date, paid, meter_id)
        VALUES (158, '2012-2-26', false, 243);
INSERT INTO Meter_reading(value, date, paid, meter_id)
        VALUES (181, '2012-3-11', false, 243);
INSERT INTO Meter_reading(value, date, paid, meter_id)
        VALUES (183, '2012-3-16', false, 243);
INSERT INTO Meter_reading(value, date, paid, meter_id)
        VALUES (209, '2012-3-26', false, 243);
INSERT INTO person(person_id, name, surname, paternal_name, registration_date, email, password_hash, is_admin) 
    VALUES (122, 'test122', 'test122', '', '01/01/2012', 'test122', '098f6bcd4621d373cade4e832627b4f6', false);
INSERT INTO dweller VALUES (122);
INSERT INTO flat(flat_id, area, flat_number, balance, cladr_id, building_id)
    VALUES (122, 253, 122, 0, 1, 1);
INSERT INTO dweller_lives_in_flat(person_id, flat_id)
    VALUES (122, 122);
INSERT INTO meter(meter_id, installation_date, type, title, meter_unit_id, active, flat_id)
    VALUES (244, '01/01/2012', 'Water', 'Cold water in kitchen test122', 1, true, 122);
INSERT INTO meter(meter_id, installation_date, type, title, meter_unit_id, active, flat_id)
    VALUES (245, '01/01/2012', 'Electricity', 'Electricity in hall test122', 2, true, 122);
INSERT INTO Meter_reading(value, date, paid, meter_id)
        VALUES (127, '2012-1-3', false, 244);
INSERT INTO Meter_reading(value, date, paid, meter_id)
        VALUES (146, '2012-1-8', false, 244);
INSERT INTO Meter_reading(value, date, paid, meter_id)
        VALUES (171, '2012-1-18', false, 244);
INSERT INTO Meter_reading(value, date, paid, meter_id)
        VALUES (189, '2012-1-19', false, 244);
INSERT INTO Meter_reading(value, date, paid, meter_id)
        VALUES (212, '2012-2-4', false, 244);
INSERT INTO Meter_reading(value, date, paid, meter_id)
        VALUES (261, '2012-1-16', false, 245);
INSERT INTO Meter_reading(value, date, paid, meter_id)
        VALUES (282, '2012-1-26', false, 245);
INSERT INTO Meter_reading(value, date, paid, meter_id)
        VALUES (311, '2012-2-9', false, 245);
INSERT INTO Meter_reading(value, date, paid, meter_id)
        VALUES (340, '2012-2-17', false, 245);
INSERT INTO Meter_reading(value, date, paid, meter_id)
        VALUES (354, '2012-2-22', false, 245);
INSERT INTO Meter_reading(value, date, paid, meter_id)
        VALUES (361, '2012-2-27', false, 245);
INSERT INTO person(person_id, name, surname, paternal_name, registration_date, email, password_hash, is_admin) 
    VALUES (123, 'test123', 'test123', '', '01/01/2012', 'test123', '098f6bcd4621d373cade4e832627b4f6', false);
INSERT INTO dweller VALUES (123);
INSERT INTO flat(flat_id, area, flat_number, balance, cladr_id, building_id)
    VALUES (123, 77, 123, 0, 1, 1);
INSERT INTO dweller_lives_in_flat(person_id, flat_id)
    VALUES (123, 123);
INSERT INTO meter(meter_id, installation_date, type, title, meter_unit_id, active, flat_id)
    VALUES (246, '01/01/2012', 'Water', 'Cold water in kitchen test123', 1, true, 123);
INSERT INTO meter(meter_id, installation_date, type, title, meter_unit_id, active, flat_id)
    VALUES (247, '01/01/2012', 'Electricity', 'Electricity in hall test123', 2, true, 123);
INSERT INTO Meter_reading(value, date, paid, meter_id)
        VALUES (183, '2012-1-6', false, 246);
INSERT INTO Meter_reading(value, date, paid, meter_id)
        VALUES (199, '2012-1-18', false, 246);
INSERT INTO Meter_reading(value, date, paid, meter_id)
        VALUES (210, '2012-1-26', false, 246);
INSERT INTO Meter_reading(value, date, paid, meter_id)
        VALUES (211, '2012-2-7', false, 246);
INSERT INTO Meter_reading(value, date, paid, meter_id)
        VALUES (239, '2012-2-19', false, 246);
INSERT INTO Meter_reading(value, date, paid, meter_id)
        VALUES (264, '2012-3-1', false, 246);
INSERT INTO Meter_reading(value, date, paid, meter_id)
        VALUES (281, '2012-3-15', false, 246);
INSERT INTO Meter_reading(value, date, paid, meter_id)
        VALUES (302, '2012-3-18', false, 246);
INSERT INTO Meter_reading(value, date, paid, meter_id)
        VALUES (322, '2012-3-23', false, 246);
INSERT INTO Meter_reading(value, date, paid, meter_id)
        VALUES (334, '2012-4-5', false, 246);
INSERT INTO Meter_reading(value, date, paid, meter_id)
        VALUES (357, '2012-4-6', false, 246);
INSERT INTO Meter_reading(value, date, paid, meter_id)
        VALUES (369, '2012-4-19', false, 246);
INSERT INTO Meter_reading(value, date, paid, meter_id)
        VALUES (55, '2012-1-5', false, 247);
INSERT INTO Meter_reading(value, date, paid, meter_id)
        VALUES (69, '2012-1-17', false, 247);
INSERT INTO Meter_reading(value, date, paid, meter_id)
        VALUES (77, '2012-2-1', false, 247);
INSERT INTO Meter_reading(value, date, paid, meter_id)
        VALUES (89, '2012-2-10', false, 247);
INSERT INTO Meter_reading(value, date, paid, meter_id)
        VALUES (105, '2012-2-24', false, 247);
INSERT INTO Meter_reading(value, date, paid, meter_id)
        VALUES (121, '2012-3-3', false, 247);
INSERT INTO Meter_reading(value, date, paid, meter_id)
        VALUES (123, '2012-3-5', false, 247);
INSERT INTO Meter_reading(value, date, paid, meter_id)
        VALUES (146, '2012-3-13', false, 247);
INSERT INTO Meter_reading(value, date, paid, meter_id)
        VALUES (161, '2012-3-18', false, 247);
INSERT INTO Meter_reading(value, date, paid, meter_id)
        VALUES (189, '2012-3-19', false, 247);
INSERT INTO Meter_reading(value, date, paid, meter_id)
        VALUES (222, '2012-3-24', false, 247);
INSERT INTO Meter_reading(value, date, paid, meter_id)
        VALUES (224, '2012-4-9', false, 247);
INSERT INTO Meter_reading(value, date, paid, meter_id)
        VALUES (228, '2012-4-17', false, 247);
INSERT INTO Meter_reading(value, date, paid, meter_id)
        VALUES (259, '2012-4-20', false, 247);
INSERT INTO person(person_id, name, surname, paternal_name, registration_date, email, password_hash, is_admin) 
    VALUES (124, 'test124', 'test124', '', '01/01/2012', 'test124', '098f6bcd4621d373cade4e832627b4f6', false);
INSERT INTO dweller VALUES (124);
INSERT INTO flat(flat_id, area, flat_number, balance, cladr_id, building_id)
    VALUES (124, 276, 124, 0, 1, 1);
INSERT INTO dweller_lives_in_flat(person_id, flat_id)
    VALUES (124, 124);
INSERT INTO meter(meter_id, installation_date, type, title, meter_unit_id, active, flat_id)
    VALUES (248, '01/01/2012', 'Water', 'Cold water in kitchen test124', 1, true, 124);
INSERT INTO meter(meter_id, installation_date, type, title, meter_unit_id, active, flat_id)
    VALUES (249, '01/01/2012', 'Electricity', 'Electricity in hall test124', 2, true, 124);
INSERT INTO Meter_reading(value, date, paid, meter_id)
        VALUES (28, '2012-1-3', false, 248);
INSERT INTO Meter_reading(value, date, paid, meter_id)
        VALUES (41, '2012-1-17', false, 248);
INSERT INTO Meter_reading(value, date, paid, meter_id)
        VALUES (45, '2012-1-18', false, 248);
INSERT INTO Meter_reading(value, date, paid, meter_id)
        VALUES (52, '2012-1-22', false, 248);
INSERT INTO Meter_reading(value, date, paid, meter_id)
        VALUES (68, '2012-2-5', false, 248);
INSERT INTO Meter_reading(value, date, paid, meter_id)
        VALUES (80, '2012-2-11', false, 248);
INSERT INTO Meter_reading(value, date, paid, meter_id)
        VALUES (82, '2012-2-24', false, 248);
INSERT INTO Meter_reading(value, date, paid, meter_id)
        VALUES (83, '2012-2-25', false, 248);
INSERT INTO Meter_reading(value, date, paid, meter_id)
        VALUES (87, '2012-3-8', false, 248);
INSERT INTO Meter_reading(value, date, paid, meter_id)
        VALUES (91, '2012-3-15', false, 248);
INSERT INTO Meter_reading(value, date, paid, meter_id)
        VALUES (92, '2012-3-24', false, 248);
INSERT INTO Meter_reading(value, date, paid, meter_id)
        VALUES (95, '2012-4-8', false, 248);
INSERT INTO Meter_reading(value, date, paid, meter_id)
        VALUES (107, '2012-4-9', false, 248);
INSERT INTO Meter_reading(value, date, paid, meter_id)
        VALUES (263, '2012-1-15', false, 249);
INSERT INTO Meter_reading(value, date, paid, meter_id)
        VALUES (264, '2012-2-2', false, 249);
INSERT INTO Meter_reading(value, date, paid, meter_id)
        VALUES (267, '2012-2-15', false, 249);
INSERT INTO Meter_reading(value, date, paid, meter_id)
        VALUES (270, '2012-2-17', false, 249);
INSERT INTO Meter_reading(value, date, paid, meter_id)
        VALUES (272, '2012-2-18', false, 249);
INSERT INTO Meter_reading(value, date, paid, meter_id)
        VALUES (276, '2012-3-2', false, 249);
INSERT INTO Meter_reading(value, date, paid, meter_id)
        VALUES (283, '2012-3-6', false, 249);
INSERT INTO Meter_reading(value, date, paid, meter_id)
        VALUES (285, '2012-3-19', false, 249);
INSERT INTO Meter_reading(value, date, paid, meter_id)
        VALUES (291, '2012-4-5', false, 249);
INSERT INTO Meter_reading(value, date, paid, meter_id)
        VALUES (295, '2012-4-10', false, 249);
INSERT INTO Meter_reading(value, date, paid, meter_id)
        VALUES (296, '2012-4-22', false, 249);
INSERT INTO Meter_reading(value, date, paid, meter_id)
        VALUES (297, '2012-5-2', false, 249);
INSERT INTO Meter_reading(value, date, paid, meter_id)
        VALUES (303, '2012-5-4', false, 249);
INSERT INTO Meter_reading(value, date, paid, meter_id)
        VALUES (305, '2012-5-10', false, 249);
INSERT INTO person(person_id, name, surname, paternal_name, registration_date, email, password_hash, is_admin) 
    VALUES (125, 'test125', 'test125', '', '01/01/2012', 'test125', '098f6bcd4621d373cade4e832627b4f6', false);
INSERT INTO dweller VALUES (125);
INSERT INTO flat(flat_id, area, flat_number, balance, cladr_id, building_id)
    VALUES (125, 218, 125, 0, 1, 1);
INSERT INTO dweller_lives_in_flat(person_id, flat_id)
    VALUES (125, 125);
INSERT INTO meter(meter_id, installation_date, type, title, meter_unit_id, active, flat_id)
    VALUES (250, '01/01/2012', 'Water', 'Cold water in kitchen test125', 1, true, 125);
INSERT INTO meter(meter_id, installation_date, type, title, meter_unit_id, active, flat_id)
    VALUES (251, '01/01/2012', 'Electricity', 'Electricity in hall test125', 2, true, 125);
INSERT INTO Meter_reading(value, date, paid, meter_id)
        VALUES (116, '2012-1-5', false, 250);
INSERT INTO Meter_reading(value, date, paid, meter_id)
        VALUES (131, '2012-1-10', false, 250);
INSERT INTO Meter_reading(value, date, paid, meter_id)
        VALUES (144, '2012-1-22', false, 250);
INSERT INTO Meter_reading(value, date, paid, meter_id)
        VALUES (146, '2012-2-4', false, 250);
INSERT INTO Meter_reading(value, date, paid, meter_id)
        VALUES (162, '2012-2-8', false, 250);
INSERT INTO Meter_reading(value, date, paid, meter_id)
        VALUES (169, '2012-2-15', false, 250);
INSERT INTO Meter_reading(value, date, paid, meter_id)
        VALUES (171, '2012-3-1', false, 250);
INSERT INTO Meter_reading(value, date, paid, meter_id)
        VALUES (176, '2012-3-15', false, 250);
INSERT INTO Meter_reading(value, date, paid, meter_id)
        VALUES (188, '2012-4-2', false, 250);
INSERT INTO Meter_reading(value, date, paid, meter_id)
        VALUES (193, '2012-4-8', false, 250);
INSERT INTO Meter_reading(value, date, paid, meter_id)
        VALUES (54, '2012-1-4', false, 251);
INSERT INTO Meter_reading(value, date, paid, meter_id)
        VALUES (56, '2012-1-6', false, 251);
INSERT INTO Meter_reading(value, date, paid, meter_id)
        VALUES (65, '2012-1-7', false, 251);
INSERT INTO Meter_reading(value, date, paid, meter_id)
        VALUES (76, '2012-1-20', false, 251);
INSERT INTO Meter_reading(value, date, paid, meter_id)
        VALUES (109, '2012-2-5', false, 251);
INSERT INTO Meter_reading(value, date, paid, meter_id)
        VALUES (135, '2012-2-10', false, 251);
INSERT INTO Meter_reading(value, date, paid, meter_id)
        VALUES (163, '2012-2-15', false, 251);
INSERT INTO Meter_reading(value, date, paid, meter_id)
        VALUES (191, '2012-2-20', false, 251);
INSERT INTO Meter_reading(value, date, paid, meter_id)
        VALUES (205, '2012-2-23', false, 251);
INSERT INTO Meter_reading(value, date, paid, meter_id)
        VALUES (218, '2012-3-2', false, 251);
INSERT INTO person(person_id, name, surname, paternal_name, registration_date, email, password_hash, is_admin) 
    VALUES (126, 'test126', 'test126', '', '01/01/2012', 'test126', '098f6bcd4621d373cade4e832627b4f6', false);
INSERT INTO dweller VALUES (126);
INSERT INTO flat(flat_id, area, flat_number, balance, cladr_id, building_id)
    VALUES (126, 78, 126, 0, 1, 1);
INSERT INTO dweller_lives_in_flat(person_id, flat_id)
    VALUES (126, 126);
INSERT INTO meter(meter_id, installation_date, type, title, meter_unit_id, active, flat_id)
    VALUES (252, '01/01/2012', 'Water', 'Cold water in kitchen test126', 1, true, 126);
INSERT INTO meter(meter_id, installation_date, type, title, meter_unit_id, active, flat_id)
    VALUES (253, '01/01/2012', 'Electricity', 'Electricity in hall test126', 2, true, 126);
INSERT INTO Meter_reading(value, date, paid, meter_id)
        VALUES (166, '2012-1-12', false, 252);
INSERT INTO Meter_reading(value, date, paid, meter_id)
        VALUES (174, '2012-1-19', false, 252);
INSERT INTO Meter_reading(value, date, paid, meter_id)
        VALUES (198, '2012-1-22', false, 252);
INSERT INTO Meter_reading(value, date, paid, meter_id)
        VALUES (217, '2012-2-8', false, 252);
INSERT INTO Meter_reading(value, date, paid, meter_id)
        VALUES (244, '2012-2-9', false, 252);
INSERT INTO Meter_reading(value, date, paid, meter_id)
        VALUES (264, '2012-2-19', false, 252);
INSERT INTO Meter_reading(value, date, paid, meter_id)
        VALUES (274, '2012-3-1', false, 252);
INSERT INTO Meter_reading(value, date, paid, meter_id)
        VALUES (194, '2012-1-6', false, 253);
INSERT INTO Meter_reading(value, date, paid, meter_id)
        VALUES (204, '2012-1-10', false, 253);
INSERT INTO Meter_reading(value, date, paid, meter_id)
        VALUES (216, '2012-1-22', false, 253);
INSERT INTO Meter_reading(value, date, paid, meter_id)
        VALUES (222, '2012-2-6', false, 253);
INSERT INTO Meter_reading(value, date, paid, meter_id)
        VALUES (223, '2012-2-13', false, 253);
INSERT INTO Meter_reading(value, date, paid, meter_id)
        VALUES (227, '2012-2-24', false, 253);
INSERT INTO Meter_reading(value, date, paid, meter_id)
        VALUES (230, '2012-3-4', false, 253);
INSERT INTO Meter_reading(value, date, paid, meter_id)
        VALUES (235, '2012-3-18', false, 253);
INSERT INTO Meter_reading(value, date, paid, meter_id)
        VALUES (243, '2012-3-24', false, 253);
INSERT INTO Meter_reading(value, date, paid, meter_id)
        VALUES (252, '2012-4-5', false, 253);
INSERT INTO Meter_reading(value, date, paid, meter_id)
        VALUES (254, '2012-4-9', false, 253);
INSERT INTO Meter_reading(value, date, paid, meter_id)
        VALUES (264, '2012-4-18', false, 253);
INSERT INTO person(person_id, name, surname, paternal_name, registration_date, email, password_hash, is_admin) 
    VALUES (127, 'test127', 'test127', '', '01/01/2012', 'test127', '098f6bcd4621d373cade4e832627b4f6', false);
INSERT INTO dweller VALUES (127);
INSERT INTO flat(flat_id, area, flat_number, balance, cladr_id, building_id)
    VALUES (127, 216, 127, 0, 1, 1);
INSERT INTO dweller_lives_in_flat(person_id, flat_id)
    VALUES (127, 127);
INSERT INTO meter(meter_id, installation_date, type, title, meter_unit_id, active, flat_id)
    VALUES (254, '01/01/2012', 'Water', 'Cold water in kitchen test127', 1, true, 127);
INSERT INTO meter(meter_id, installation_date, type, title, meter_unit_id, active, flat_id)
    VALUES (255, '01/01/2012', 'Electricity', 'Electricity in hall test127', 2, true, 127);
INSERT INTO Meter_reading(value, date, paid, meter_id)
        VALUES (263, '2012-1-5', false, 254);
INSERT INTO Meter_reading(value, date, paid, meter_id)
        VALUES (294, '2012-1-6', false, 254);
INSERT INTO Meter_reading(value, date, paid, meter_id)
        VALUES (311, '2012-1-11', false, 254);
INSERT INTO Meter_reading(value, date, paid, meter_id)
        VALUES (317, '2012-1-13', false, 254);
INSERT INTO Meter_reading(value, date, paid, meter_id)
        VALUES (340, '2012-1-22', false, 254);
INSERT INTO Meter_reading(value, date, paid, meter_id)
        VALUES (378, '2012-1-26', false, 254);
INSERT INTO Meter_reading(value, date, paid, meter_id)
        VALUES (295, '2012-1-4', false, 255);
INSERT INTO Meter_reading(value, date, paid, meter_id)
        VALUES (302, '2012-1-12', false, 255);
INSERT INTO Meter_reading(value, date, paid, meter_id)
        VALUES (305, '2012-1-22', false, 255);
INSERT INTO Meter_reading(value, date, paid, meter_id)
        VALUES (325, '2012-1-23', false, 255);
INSERT INTO Meter_reading(value, date, paid, meter_id)
        VALUES (344, '2012-2-9', false, 255);
INSERT INTO Meter_reading(value, date, paid, meter_id)
        VALUES (352, '2012-2-22', false, 255);
INSERT INTO Meter_reading(value, date, paid, meter_id)
        VALUES (359, '2012-2-27', false, 255);
INSERT INTO Meter_reading(value, date, paid, meter_id)
        VALUES (368, '2012-3-12', false, 255);
INSERT INTO Meter_reading(value, date, paid, meter_id)
        VALUES (395, '2012-3-15', false, 255);
INSERT INTO Meter_reading(value, date, paid, meter_id)
        VALUES (402, '2012-3-16', false, 255);
INSERT INTO Meter_reading(value, date, paid, meter_id)
        VALUES (423, '2012-3-20', false, 255);
INSERT INTO person(person_id, name, surname, paternal_name, registration_date, email, password_hash, is_admin) 
    VALUES (128, 'test128', 'test128', '', '01/01/2012', 'test128', '098f6bcd4621d373cade4e832627b4f6', false);
INSERT INTO dweller VALUES (128);
INSERT INTO flat(flat_id, area, flat_number, balance, cladr_id, building_id)
    VALUES (128, 86, 128, 0, 1, 1);
INSERT INTO dweller_lives_in_flat(person_id, flat_id)
    VALUES (128, 128);
INSERT INTO meter(meter_id, installation_date, type, title, meter_unit_id, active, flat_id)
    VALUES (256, '01/01/2012', 'Water', 'Cold water in kitchen test128', 1, true, 128);
INSERT INTO meter(meter_id, installation_date, type, title, meter_unit_id, active, flat_id)
    VALUES (257, '01/01/2012', 'Electricity', 'Electricity in hall test128', 2, true, 128);
INSERT INTO Meter_reading(value, date, paid, meter_id)
        VALUES (122, '2012-1-10', false, 256);
INSERT INTO Meter_reading(value, date, paid, meter_id)
        VALUES (172, '2012-1-15', false, 256);
INSERT INTO Meter_reading(value, date, paid, meter_id)
        VALUES (194, '2012-1-17', false, 256);
INSERT INTO Meter_reading(value, date, paid, meter_id)
        VALUES (212, '2012-2-3', false, 256);
INSERT INTO Meter_reading(value, date, paid, meter_id)
        VALUES (236, '2012-2-4', false, 256);
INSERT INTO Meter_reading(value, date, paid, meter_id)
        VALUES (297, '2012-2-6', false, 256);
INSERT INTO Meter_reading(value, date, paid, meter_id)
        VALUES (334, '2012-2-10', false, 256);
INSERT INTO Meter_reading(value, date, paid, meter_id)
        VALUES (339, '2012-2-21', false, 256);
INSERT INTO Meter_reading(value, date, paid, meter_id)
        VALUES (385, '2012-2-24', false, 256);
INSERT INTO Meter_reading(value, date, paid, meter_id)
        VALUES (427, '2012-3-3', false, 256);
INSERT INTO Meter_reading(value, date, paid, meter_id)
        VALUES (177, '2012-1-9', false, 257);
INSERT INTO Meter_reading(value, date, paid, meter_id)
        VALUES (193, '2012-1-14', false, 257);
INSERT INTO Meter_reading(value, date, paid, meter_id)
        VALUES (211, '2012-1-19', false, 257);
INSERT INTO Meter_reading(value, date, paid, meter_id)
        VALUES (223, '2012-2-3', false, 257);
INSERT INTO Meter_reading(value, date, paid, meter_id)
        VALUES (232, '2012-2-11', false, 257);
INSERT INTO Meter_reading(value, date, paid, meter_id)
        VALUES (256, '2012-2-23', false, 257);
INSERT INTO Meter_reading(value, date, paid, meter_id)
        VALUES (266, '2012-3-5', false, 257);
INSERT INTO person(person_id, name, surname, paternal_name, registration_date, email, password_hash, is_admin) 
    VALUES (129, 'test129', 'test129', '', '01/01/2012', 'test129', '098f6bcd4621d373cade4e832627b4f6', false);
INSERT INTO dweller VALUES (129);
INSERT INTO flat(flat_id, area, flat_number, balance, cladr_id, building_id)
    VALUES (129, 149, 129, 0, 1, 1);
INSERT INTO dweller_lives_in_flat(person_id, flat_id)
    VALUES (129, 129);
INSERT INTO meter(meter_id, installation_date, type, title, meter_unit_id, active, flat_id)
    VALUES (258, '01/01/2012', 'Water', 'Cold water in kitchen test129', 1, true, 129);
INSERT INTO meter(meter_id, installation_date, type, title, meter_unit_id, active, flat_id)
    VALUES (259, '01/01/2012', 'Electricity', 'Electricity in hall test129', 2, true, 129);
INSERT INTO Meter_reading(value, date, paid, meter_id)
        VALUES (37, '2012-1-4', false, 258);
INSERT INTO Meter_reading(value, date, paid, meter_id)
        VALUES (41, '2012-1-5', false, 258);
INSERT INTO Meter_reading(value, date, paid, meter_id)
        VALUES (62, '2012-1-16', false, 258);
INSERT INTO Meter_reading(value, date, paid, meter_id)
        VALUES (81, '2012-2-2', false, 258);
INSERT INTO Meter_reading(value, date, paid, meter_id)
        VALUES (96, '2012-2-10', false, 258);
INSERT INTO Meter_reading(value, date, paid, meter_id)
        VALUES (125, '2012-2-23', false, 258);
INSERT INTO Meter_reading(value, date, paid, meter_id)
        VALUES (144, '2012-3-10', false, 258);
INSERT INTO Meter_reading(value, date, paid, meter_id)
        VALUES (167, '2012-3-15', false, 258);
INSERT INTO Meter_reading(value, date, paid, meter_id)
        VALUES (181, '2012-3-24', false, 258);
INSERT INTO Meter_reading(value, date, paid, meter_id)
        VALUES (97, '2012-1-15', false, 259);
INSERT INTO Meter_reading(value, date, paid, meter_id)
        VALUES (168, '2012-1-21', false, 259);
INSERT INTO Meter_reading(value, date, paid, meter_id)
        VALUES (252, '2012-1-23', false, 259);
INSERT INTO Meter_reading(value, date, paid, meter_id)
        VALUES (257, '2012-2-9', false, 259);
INSERT INTO Meter_reading(value, date, paid, meter_id)
        VALUES (300, '2012-2-19', false, 259);
INSERT INTO Meter_reading(value, date, paid, meter_id)
        VALUES (373, '2012-3-3', false, 259);
INSERT INTO person(person_id, name, surname, paternal_name, registration_date, email, password_hash, is_admin) 
    VALUES (130, 'test130', 'test130', '', '01/01/2012', 'test130', '098f6bcd4621d373cade4e832627b4f6', false);
INSERT INTO dweller VALUES (130);
INSERT INTO flat(flat_id, area, flat_number, balance, cladr_id, building_id)
    VALUES (130, 147, 130, 0, 1, 1);
INSERT INTO dweller_lives_in_flat(person_id, flat_id)
    VALUES (130, 130);
INSERT INTO meter(meter_id, installation_date, type, title, meter_unit_id, active, flat_id)
    VALUES (260, '01/01/2012', 'Water', 'Cold water in kitchen test130', 1, true, 130);
INSERT INTO meter(meter_id, installation_date, type, title, meter_unit_id, active, flat_id)
    VALUES (261, '01/01/2012', 'Electricity', 'Electricity in hall test130', 2, true, 130);
INSERT INTO Meter_reading(value, date, paid, meter_id)
        VALUES (225, '2012-1-12', false, 260);
INSERT INTO Meter_reading(value, date, paid, meter_id)
        VALUES (244, '2012-1-23', false, 260);
INSERT INTO Meter_reading(value, date, paid, meter_id)
        VALUES (269, '2012-1-27', false, 260);
INSERT INTO Meter_reading(value, date, paid, meter_id)
        VALUES (279, '2012-2-10', false, 260);
INSERT INTO Meter_reading(value, date, paid, meter_id)
        VALUES (289, '2012-2-21', false, 260);
INSERT INTO Meter_reading(value, date, paid, meter_id)
        VALUES (291, '2012-3-2', false, 260);
INSERT INTO Meter_reading(value, date, paid, meter_id)
        VALUES (297, '2012-3-14', false, 260);
INSERT INTO Meter_reading(value, date, paid, meter_id)
        VALUES (322, '2012-3-19', false, 260);
INSERT INTO Meter_reading(value, date, paid, meter_id)
        VALUES (337, '2012-3-23', false, 260);
INSERT INTO Meter_reading(value, date, paid, meter_id)
        VALUES (349, '2012-3-24', false, 260);
INSERT INTO Meter_reading(value, date, paid, meter_id)
        VALUES (353, '2012-4-3', false, 260);
INSERT INTO Meter_reading(value, date, paid, meter_id)
        VALUES (355, '2012-4-12', false, 260);
INSERT INTO Meter_reading(value, date, paid, meter_id)
        VALUES (360, '2012-4-26', false, 260);
INSERT INTO Meter_reading(value, date, paid, meter_id)
        VALUES (86, '2012-1-3', false, 261);
INSERT INTO Meter_reading(value, date, paid, meter_id)
        VALUES (107, '2012-1-17', false, 261);
INSERT INTO Meter_reading(value, date, paid, meter_id)
        VALUES (116, '2012-1-19', false, 261);
INSERT INTO Meter_reading(value, date, paid, meter_id)
        VALUES (137, '2012-2-1', false, 261);
INSERT INTO Meter_reading(value, date, paid, meter_id)
        VALUES (138, '2012-2-3', false, 261);
INSERT INTO Meter_reading(value, date, paid, meter_id)
        VALUES (143, '2012-2-6', false, 261);
INSERT INTO Meter_reading(value, date, paid, meter_id)
        VALUES (149, '2012-2-7', false, 261);
INSERT INTO Meter_reading(value, date, paid, meter_id)
        VALUES (150, '2012-2-16', false, 261);
INSERT INTO Meter_reading(value, date, paid, meter_id)
        VALUES (176, '2012-2-17', false, 261);
INSERT INTO person(person_id, name, surname, paternal_name, registration_date, email, password_hash, is_admin) 
    VALUES (131, 'test131', 'test131', '', '01/01/2012', 'test131', '098f6bcd4621d373cade4e832627b4f6', false);
INSERT INTO dweller VALUES (131);
INSERT INTO flat(flat_id, area, flat_number, balance, cladr_id, building_id)
    VALUES (131, 274, 131, 0, 1, 1);
INSERT INTO dweller_lives_in_flat(person_id, flat_id)
    VALUES (131, 131);
INSERT INTO meter(meter_id, installation_date, type, title, meter_unit_id, active, flat_id)
    VALUES (262, '01/01/2012', 'Water', 'Cold water in kitchen test131', 1, true, 131);
INSERT INTO meter(meter_id, installation_date, type, title, meter_unit_id, active, flat_id)
    VALUES (263, '01/01/2012', 'Electricity', 'Electricity in hall test131', 2, true, 131);
INSERT INTO Meter_reading(value, date, paid, meter_id)
        VALUES (53, '2012-1-16', false, 262);
INSERT INTO Meter_reading(value, date, paid, meter_id)
        VALUES (82, '2012-2-3', false, 262);
INSERT INTO Meter_reading(value, date, paid, meter_id)
        VALUES (100, '2012-2-5', false, 262);
INSERT INTO Meter_reading(value, date, paid, meter_id)
        VALUES (107, '2012-2-17', false, 262);
INSERT INTO Meter_reading(value, date, paid, meter_id)
        VALUES (116, '2012-2-23', false, 262);
INSERT INTO Meter_reading(value, date, paid, meter_id)
        VALUES (123, '2012-2-27', false, 262);
INSERT INTO Meter_reading(value, date, paid, meter_id)
        VALUES (131, '2012-3-14', false, 262);
INSERT INTO Meter_reading(value, date, paid, meter_id)
        VALUES (145, '2012-3-24', false, 262);
INSERT INTO Meter_reading(value, date, paid, meter_id)
        VALUES (156, '2012-4-2', false, 262);
INSERT INTO Meter_reading(value, date, paid, meter_id)
        VALUES (48, '2012-1-14', false, 263);
INSERT INTO Meter_reading(value, date, paid, meter_id)
        VALUES (129, '2012-1-18', false, 263);
INSERT INTO Meter_reading(value, date, paid, meter_id)
        VALUES (136, '2012-1-23', false, 263);
INSERT INTO Meter_reading(value, date, paid, meter_id)
        VALUES (218, '2012-2-5', false, 263);
INSERT INTO Meter_reading(value, date, paid, meter_id)
        VALUES (227, '2012-2-19', false, 263);
INSERT INTO Meter_reading(value, date, paid, meter_id)
        VALUES (232, '2012-3-4', false, 263);
INSERT INTO person(person_id, name, surname, paternal_name, registration_date, email, password_hash, is_admin) 
    VALUES (132, 'test132', 'test132', '', '01/01/2012', 'test132', '098f6bcd4621d373cade4e832627b4f6', false);
INSERT INTO dweller VALUES (132);
INSERT INTO flat(flat_id, area, flat_number, balance, cladr_id, building_id)
    VALUES (132, 71, 132, 0, 1, 1);
INSERT INTO dweller_lives_in_flat(person_id, flat_id)
    VALUES (132, 132);
INSERT INTO meter(meter_id, installation_date, type, title, meter_unit_id, active, flat_id)
    VALUES (264, '01/01/2012', 'Water', 'Cold water in kitchen test132', 1, true, 132);
INSERT INTO meter(meter_id, installation_date, type, title, meter_unit_id, active, flat_id)
    VALUES (265, '01/01/2012', 'Electricity', 'Electricity in hall test132', 2, true, 132);
INSERT INTO Meter_reading(value, date, paid, meter_id)
        VALUES (202, '2012-1-7', false, 264);
INSERT INTO Meter_reading(value, date, paid, meter_id)
        VALUES (226, '2012-1-10', false, 264);
INSERT INTO Meter_reading(value, date, paid, meter_id)
        VALUES (241, '2012-1-15', false, 264);
INSERT INTO Meter_reading(value, date, paid, meter_id)
        VALUES (247, '2012-1-24', false, 264);
INSERT INTO Meter_reading(value, date, paid, meter_id)
        VALUES (257, '2012-1-26', false, 264);
INSERT INTO Meter_reading(value, date, paid, meter_id)
        VALUES (258, '2012-2-10', false, 264);
INSERT INTO Meter_reading(value, date, paid, meter_id)
        VALUES (262, '2012-2-18', false, 264);
INSERT INTO Meter_reading(value, date, paid, meter_id)
        VALUES (266, '2012-2-21', false, 264);
INSERT INTO Meter_reading(value, date, paid, meter_id)
        VALUES (294, '2012-2-25', false, 264);
INSERT INTO Meter_reading(value, date, paid, meter_id)
        VALUES (320, '2012-3-5', false, 264);
INSERT INTO Meter_reading(value, date, paid, meter_id)
        VALUES (341, '2012-3-6', false, 264);
INSERT INTO Meter_reading(value, date, paid, meter_id)
        VALUES (134, '2012-1-9', false, 265);
INSERT INTO Meter_reading(value, date, paid, meter_id)
        VALUES (146, '2012-1-10', false, 265);
INSERT INTO Meter_reading(value, date, paid, meter_id)
        VALUES (154, '2012-1-19', false, 265);
INSERT INTO Meter_reading(value, date, paid, meter_id)
        VALUES (214, '2012-2-6', false, 265);
INSERT INTO Meter_reading(value, date, paid, meter_id)
        VALUES (220, '2012-2-16', false, 265);
INSERT INTO Meter_reading(value, date, paid, meter_id)
        VALUES (282, '2012-2-25', false, 265);
INSERT INTO person(person_id, name, surname, paternal_name, registration_date, email, password_hash, is_admin) 
    VALUES (133, 'test133', 'test133', '', '01/01/2012', 'test133', '098f6bcd4621d373cade4e832627b4f6', false);
INSERT INTO dweller VALUES (133);
INSERT INTO flat(flat_id, area, flat_number, balance, cladr_id, building_id)
    VALUES (133, 230, 133, 0, 1, 1);
INSERT INTO dweller_lives_in_flat(person_id, flat_id)
    VALUES (133, 133);
INSERT INTO meter(meter_id, installation_date, type, title, meter_unit_id, active, flat_id)
    VALUES (266, '01/01/2012', 'Water', 'Cold water in kitchen test133', 1, true, 133);
INSERT INTO meter(meter_id, installation_date, type, title, meter_unit_id, active, flat_id)
    VALUES (267, '01/01/2012', 'Electricity', 'Electricity in hall test133', 2, true, 133);
INSERT INTO Meter_reading(value, date, paid, meter_id)
        VALUES (182, '2012-1-4', false, 266);
INSERT INTO Meter_reading(value, date, paid, meter_id)
        VALUES (209, '2012-1-7', false, 266);
INSERT INTO Meter_reading(value, date, paid, meter_id)
        VALUES (214, '2012-1-14', false, 266);
INSERT INTO Meter_reading(value, date, paid, meter_id)
        VALUES (231, '2012-1-21', false, 266);
INSERT INTO Meter_reading(value, date, paid, meter_id)
        VALUES (260, '2012-2-7', false, 266);
INSERT INTO Meter_reading(value, date, paid, meter_id)
        VALUES (265, '2012-2-14', false, 266);
INSERT INTO Meter_reading(value, date, paid, meter_id)
        VALUES (204, '2012-1-5', false, 267);
INSERT INTO Meter_reading(value, date, paid, meter_id)
        VALUES (271, '2012-1-11', false, 267);
INSERT INTO Meter_reading(value, date, paid, meter_id)
        VALUES (310, '2012-1-21', false, 267);
INSERT INTO Meter_reading(value, date, paid, meter_id)
        VALUES (336, '2012-2-4', false, 267);
INSERT INTO Meter_reading(value, date, paid, meter_id)
        VALUES (339, '2012-2-14', false, 267);
INSERT INTO Meter_reading(value, date, paid, meter_id)
        VALUES (375, '2012-2-23', false, 267);
INSERT INTO Meter_reading(value, date, paid, meter_id)
        VALUES (435, '2012-3-7', false, 267);
INSERT INTO Meter_reading(value, date, paid, meter_id)
        VALUES (465, '2012-3-9', false, 267);
INSERT INTO Meter_reading(value, date, paid, meter_id)
        VALUES (481, '2012-3-17', false, 267);
INSERT INTO Meter_reading(value, date, paid, meter_id)
        VALUES (503, '2012-3-18', false, 267);
INSERT INTO Meter_reading(value, date, paid, meter_id)
        VALUES (562, '2012-3-22', false, 267);
INSERT INTO Meter_reading(value, date, paid, meter_id)
        VALUES (602, '2012-4-9', false, 267);
INSERT INTO person(person_id, name, surname, paternal_name, registration_date, email, password_hash, is_admin) 
    VALUES (134, 'test134', 'test134', '', '01/01/2012', 'test134', '098f6bcd4621d373cade4e832627b4f6', false);
INSERT INTO dweller VALUES (134);
INSERT INTO flat(flat_id, area, flat_number, balance, cladr_id, building_id)
    VALUES (134, 314, 134, 0, 1, 1);
INSERT INTO dweller_lives_in_flat(person_id, flat_id)
    VALUES (134, 134);
INSERT INTO meter(meter_id, installation_date, type, title, meter_unit_id, active, flat_id)
    VALUES (268, '01/01/2012', 'Water', 'Cold water in kitchen test134', 1, true, 134);
INSERT INTO meter(meter_id, installation_date, type, title, meter_unit_id, active, flat_id)
    VALUES (269, '01/01/2012', 'Electricity', 'Electricity in hall test134', 2, true, 134);
INSERT INTO Meter_reading(value, date, paid, meter_id)
        VALUES (284, '2012-1-5', false, 268);
INSERT INTO Meter_reading(value, date, paid, meter_id)
        VALUES (298, '2012-1-12', false, 268);
INSERT INTO Meter_reading(value, date, paid, meter_id)
        VALUES (316, '2012-1-22', false, 268);
INSERT INTO Meter_reading(value, date, paid, meter_id)
        VALUES (337, '2012-2-3', false, 268);
INSERT INTO Meter_reading(value, date, paid, meter_id)
        VALUES (359, '2012-2-5', false, 268);
INSERT INTO Meter_reading(value, date, paid, meter_id)
        VALUES (367, '2012-2-14', false, 268);
INSERT INTO Meter_reading(value, date, paid, meter_id)
        VALUES (377, '2012-2-21', false, 268);
INSERT INTO Meter_reading(value, date, paid, meter_id)
        VALUES (399, '2012-2-24', false, 268);
INSERT INTO Meter_reading(value, date, paid, meter_id)
        VALUES (405, '2012-3-11', false, 268);
INSERT INTO Meter_reading(value, date, paid, meter_id)
        VALUES (424, '2012-3-14', false, 268);
INSERT INTO Meter_reading(value, date, paid, meter_id)
        VALUES (306, '2012-1-4', false, 269);
INSERT INTO Meter_reading(value, date, paid, meter_id)
        VALUES (313, '2012-1-15', false, 269);
INSERT INTO Meter_reading(value, date, paid, meter_id)
        VALUES (325, '2012-1-23', false, 269);
INSERT INTO Meter_reading(value, date, paid, meter_id)
        VALUES (341, '2012-2-6', false, 269);
INSERT INTO Meter_reading(value, date, paid, meter_id)
        VALUES (351, '2012-2-17', false, 269);
INSERT INTO Meter_reading(value, date, paid, meter_id)
        VALUES (362, '2012-2-23', false, 269);
INSERT INTO Meter_reading(value, date, paid, meter_id)
        VALUES (376, '2012-3-5', false, 269);
INSERT INTO Meter_reading(value, date, paid, meter_id)
        VALUES (385, '2012-3-10', false, 269);
INSERT INTO person(person_id, name, surname, paternal_name, registration_date, email, password_hash, is_admin) 
    VALUES (135, 'test135', 'test135', '', '01/01/2012', 'test135', '098f6bcd4621d373cade4e832627b4f6', false);
INSERT INTO dweller VALUES (135);
INSERT INTO flat(flat_id, area, flat_number, balance, cladr_id, building_id)
    VALUES (135, 222, 135, 0, 1, 1);
INSERT INTO dweller_lives_in_flat(person_id, flat_id)
    VALUES (135, 135);
INSERT INTO meter(meter_id, installation_date, type, title, meter_unit_id, active, flat_id)
    VALUES (270, '01/01/2012', 'Water', 'Cold water in kitchen test135', 1, true, 135);
INSERT INTO meter(meter_id, installation_date, type, title, meter_unit_id, active, flat_id)
    VALUES (271, '01/01/2012', 'Electricity', 'Electricity in hall test135', 2, true, 135);
INSERT INTO Meter_reading(value, date, paid, meter_id)
        VALUES (50, '2012-1-8', false, 270);
INSERT INTO Meter_reading(value, date, paid, meter_id)
        VALUES (71, '2012-1-15', false, 270);
INSERT INTO Meter_reading(value, date, paid, meter_id)
        VALUES (78, '2012-1-27', false, 270);
INSERT INTO Meter_reading(value, date, paid, meter_id)
        VALUES (100, '2012-2-4', false, 270);
INSERT INTO Meter_reading(value, date, paid, meter_id)
        VALUES (127, '2012-2-9', false, 270);
INSERT INTO Meter_reading(value, date, paid, meter_id)
        VALUES (141, '2012-2-10', false, 270);
INSERT INTO Meter_reading(value, date, paid, meter_id)
        VALUES (146, '2012-2-24', false, 270);
INSERT INTO Meter_reading(value, date, paid, meter_id)
        VALUES (152, '2012-2-27', false, 270);
INSERT INTO Meter_reading(value, date, paid, meter_id)
        VALUES (203, '2012-1-11', false, 271);
INSERT INTO Meter_reading(value, date, paid, meter_id)
        VALUES (232, '2012-1-24', false, 271);
INSERT INTO Meter_reading(value, date, paid, meter_id)
        VALUES (259, '2012-2-5', false, 271);
INSERT INTO Meter_reading(value, date, paid, meter_id)
        VALUES (280, '2012-2-17', false, 271);
INSERT INTO Meter_reading(value, date, paid, meter_id)
        VALUES (292, '2012-2-23', false, 271);
INSERT INTO Meter_reading(value, date, paid, meter_id)
        VALUES (296, '2012-2-25', false, 271);
INSERT INTO Meter_reading(value, date, paid, meter_id)
        VALUES (313, '2012-3-1', false, 271);
INSERT INTO Meter_reading(value, date, paid, meter_id)
        VALUES (340, '2012-3-14', false, 271);
INSERT INTO Meter_reading(value, date, paid, meter_id)
        VALUES (352, '2012-3-24', false, 271);
INSERT INTO Meter_reading(value, date, paid, meter_id)
        VALUES (376, '2012-4-5', false, 271);
INSERT INTO Meter_reading(value, date, paid, meter_id)
        VALUES (394, '2012-4-9', false, 271);
INSERT INTO Meter_reading(value, date, paid, meter_id)
        VALUES (415, '2012-4-10', false, 271);
INSERT INTO Meter_reading(value, date, paid, meter_id)
        VALUES (425, '2012-4-23', false, 271);
INSERT INTO person(person_id, name, surname, paternal_name, registration_date, email, password_hash, is_admin) 
    VALUES (136, 'test136', 'test136', '', '01/01/2012', 'test136', '098f6bcd4621d373cade4e832627b4f6', false);
INSERT INTO dweller VALUES (136);
INSERT INTO flat(flat_id, area, flat_number, balance, cladr_id, building_id)
    VALUES (136, 74, 136, 0, 1, 1);
INSERT INTO dweller_lives_in_flat(person_id, flat_id)
    VALUES (136, 136);
INSERT INTO meter(meter_id, installation_date, type, title, meter_unit_id, active, flat_id)
    VALUES (272, '01/01/2012', 'Water', 'Cold water in kitchen test136', 1, true, 136);
INSERT INTO meter(meter_id, installation_date, type, title, meter_unit_id, active, flat_id)
    VALUES (273, '01/01/2012', 'Electricity', 'Electricity in hall test136', 2, true, 136);
INSERT INTO Meter_reading(value, date, paid, meter_id)
        VALUES (80, '2012-1-16', false, 272);
INSERT INTO Meter_reading(value, date, paid, meter_id)
        VALUES (95, '2012-1-27', false, 272);
INSERT INTO Meter_reading(value, date, paid, meter_id)
        VALUES (96, '2012-2-13', false, 272);
INSERT INTO Meter_reading(value, date, paid, meter_id)
        VALUES (110, '2012-2-22', false, 272);
INSERT INTO Meter_reading(value, date, paid, meter_id)
        VALUES (114, '2012-2-24', false, 272);
INSERT INTO Meter_reading(value, date, paid, meter_id)
        VALUES (122, '2012-3-9', false, 272);
INSERT INTO Meter_reading(value, date, paid, meter_id)
        VALUES (136, '2012-3-16', false, 272);
INSERT INTO Meter_reading(value, date, paid, meter_id)
        VALUES (149, '2012-3-22', false, 272);
INSERT INTO Meter_reading(value, date, paid, meter_id)
        VALUES (164, '2012-4-9', false, 272);
INSERT INTO Meter_reading(value, date, paid, meter_id)
        VALUES (178, '2012-4-19', false, 272);
INSERT INTO Meter_reading(value, date, paid, meter_id)
        VALUES (182, '2012-4-23', false, 272);
INSERT INTO Meter_reading(value, date, paid, meter_id)
        VALUES (275, '2012-1-8', false, 273);
INSERT INTO Meter_reading(value, date, paid, meter_id)
        VALUES (286, '2012-1-10', false, 273);
INSERT INTO Meter_reading(value, date, paid, meter_id)
        VALUES (298, '2012-1-16', false, 273);
INSERT INTO Meter_reading(value, date, paid, meter_id)
        VALUES (302, '2012-1-23', false, 273);
INSERT INTO Meter_reading(value, date, paid, meter_id)
        VALUES (323, '2012-1-25', false, 273);
INSERT INTO Meter_reading(value, date, paid, meter_id)
        VALUES (343, '2012-2-11', false, 273);
INSERT INTO Meter_reading(value, date, paid, meter_id)
        VALUES (345, '2012-2-12', false, 273);
INSERT INTO Meter_reading(value, date, paid, meter_id)
        VALUES (346, '2012-2-24', false, 273);
INSERT INTO Meter_reading(value, date, paid, meter_id)
        VALUES (366, '2012-3-7', false, 273);
INSERT INTO Meter_reading(value, date, paid, meter_id)
        VALUES (387, '2012-3-11', false, 273);
INSERT INTO person(person_id, name, surname, paternal_name, registration_date, email, password_hash, is_admin) 
    VALUES (137, 'test137', 'test137', '', '01/01/2012', 'test137', '098f6bcd4621d373cade4e832627b4f6', false);
INSERT INTO dweller VALUES (137);
INSERT INTO flat(flat_id, area, flat_number, balance, cladr_id, building_id)
    VALUES (137, 153, 137, 0, 1, 1);
INSERT INTO dweller_lives_in_flat(person_id, flat_id)
    VALUES (137, 137);
INSERT INTO meter(meter_id, installation_date, type, title, meter_unit_id, active, flat_id)
    VALUES (274, '01/01/2012', 'Water', 'Cold water in kitchen test137', 1, true, 137);
INSERT INTO meter(meter_id, installation_date, type, title, meter_unit_id, active, flat_id)
    VALUES (275, '01/01/2012', 'Electricity', 'Electricity in hall test137', 2, true, 137);
INSERT INTO Meter_reading(value, date, paid, meter_id)
        VALUES (273, '2012-1-3', false, 274);
INSERT INTO Meter_reading(value, date, paid, meter_id)
        VALUES (281, '2012-1-7', false, 274);
INSERT INTO Meter_reading(value, date, paid, meter_id)
        VALUES (304, '2012-1-11', false, 274);
INSERT INTO Meter_reading(value, date, paid, meter_id)
        VALUES (329, '2012-1-24', false, 274);
INSERT INTO Meter_reading(value, date, paid, meter_id)
        VALUES (349, '2012-1-25', false, 274);
INSERT INTO Meter_reading(value, date, paid, meter_id)
        VALUES (372, '2012-2-6', false, 274);
INSERT INTO Meter_reading(value, date, paid, meter_id)
        VALUES (394, '2012-2-12', false, 274);
INSERT INTO Meter_reading(value, date, paid, meter_id)
        VALUES (412, '2012-2-18', false, 274);
INSERT INTO Meter_reading(value, date, paid, meter_id)
        VALUES (144, '2012-1-3', false, 275);
INSERT INTO Meter_reading(value, date, paid, meter_id)
        VALUES (175, '2012-1-13', false, 275);
INSERT INTO Meter_reading(value, date, paid, meter_id)
        VALUES (197, '2012-1-19', false, 275);
INSERT INTO Meter_reading(value, date, paid, meter_id)
        VALUES (224, '2012-2-6', false, 275);
INSERT INTO Meter_reading(value, date, paid, meter_id)
        VALUES (263, '2012-2-11', false, 275);
INSERT INTO Meter_reading(value, date, paid, meter_id)
        VALUES (264, '2012-2-21', false, 275);
INSERT INTO Meter_reading(value, date, paid, meter_id)
        VALUES (280, '2012-3-2', false, 275);
INSERT INTO person(person_id, name, surname, paternal_name, registration_date, email, password_hash, is_admin) 
    VALUES (138, 'test138', 'test138', '', '01/01/2012', 'test138', '098f6bcd4621d373cade4e832627b4f6', false);
INSERT INTO dweller VALUES (138);
INSERT INTO flat(flat_id, area, flat_number, balance, cladr_id, building_id)
    VALUES (138, 89, 138, 0, 1, 1);
INSERT INTO dweller_lives_in_flat(person_id, flat_id)
    VALUES (138, 138);
INSERT INTO meter(meter_id, installation_date, type, title, meter_unit_id, active, flat_id)
    VALUES (276, '01/01/2012', 'Water', 'Cold water in kitchen test138', 1, true, 138);
INSERT INTO meter(meter_id, installation_date, type, title, meter_unit_id, active, flat_id)
    VALUES (277, '01/01/2012', 'Electricity', 'Electricity in hall test138', 2, true, 138);
INSERT INTO Meter_reading(value, date, paid, meter_id)
        VALUES (283, '2012-1-13', false, 276);
INSERT INTO Meter_reading(value, date, paid, meter_id)
        VALUES (299, '2012-1-18', false, 276);
INSERT INTO Meter_reading(value, date, paid, meter_id)
        VALUES (315, '2012-1-21', false, 276);
INSERT INTO Meter_reading(value, date, paid, meter_id)
        VALUES (318, '2012-1-23', false, 276);
INSERT INTO Meter_reading(value, date, paid, meter_id)
        VALUES (322, '2012-2-4', false, 276);
INSERT INTO Meter_reading(value, date, paid, meter_id)
        VALUES (339, '2012-2-15', false, 276);
INSERT INTO Meter_reading(value, date, paid, meter_id)
        VALUES (118, '2012-1-4', false, 277);
INSERT INTO Meter_reading(value, date, paid, meter_id)
        VALUES (125, '2012-1-7', false, 277);
INSERT INTO Meter_reading(value, date, paid, meter_id)
        VALUES (136, '2012-1-8', false, 277);
INSERT INTO Meter_reading(value, date, paid, meter_id)
        VALUES (163, '2012-1-19', false, 277);
INSERT INTO Meter_reading(value, date, paid, meter_id)
        VALUES (173, '2012-2-2', false, 277);
INSERT INTO Meter_reading(value, date, paid, meter_id)
        VALUES (197, '2012-2-10', false, 277);
INSERT INTO Meter_reading(value, date, paid, meter_id)
        VALUES (198, '2012-2-11', false, 277);
INSERT INTO Meter_reading(value, date, paid, meter_id)
        VALUES (200, '2012-2-22', false, 277);
INSERT INTO person(person_id, name, surname, paternal_name, registration_date, email, password_hash, is_admin) 
    VALUES (139, 'test139', 'test139', '', '01/01/2012', 'test139', '098f6bcd4621d373cade4e832627b4f6', false);
INSERT INTO dweller VALUES (139);
INSERT INTO flat(flat_id, area, flat_number, balance, cladr_id, building_id)
    VALUES (139, 158, 139, 0, 1, 1);
INSERT INTO dweller_lives_in_flat(person_id, flat_id)
    VALUES (139, 139);
INSERT INTO meter(meter_id, installation_date, type, title, meter_unit_id, active, flat_id)
    VALUES (278, '01/01/2012', 'Water', 'Cold water in kitchen test139', 1, true, 139);
INSERT INTO meter(meter_id, installation_date, type, title, meter_unit_id, active, flat_id)
    VALUES (279, '01/01/2012', 'Electricity', 'Electricity in hall test139', 2, true, 139);
INSERT INTO Meter_reading(value, date, paid, meter_id)
        VALUES (254, '2012-1-10', false, 278);
INSERT INTO Meter_reading(value, date, paid, meter_id)
        VALUES (282, '2012-1-12', false, 278);
INSERT INTO Meter_reading(value, date, paid, meter_id)
        VALUES (311, '2012-1-20', false, 278);
INSERT INTO Meter_reading(value, date, paid, meter_id)
        VALUES (332, '2012-1-24', false, 278);
INSERT INTO Meter_reading(value, date, paid, meter_id)
        VALUES (349, '2012-2-6', false, 278);
INSERT INTO Meter_reading(value, date, paid, meter_id)
        VALUES (364, '2012-2-16', false, 278);
INSERT INTO Meter_reading(value, date, paid, meter_id)
        VALUES (370, '2012-2-26', false, 278);
INSERT INTO Meter_reading(value, date, paid, meter_id)
        VALUES (372, '2012-3-8', false, 278);
INSERT INTO Meter_reading(value, date, paid, meter_id)
        VALUES (374, '2012-3-14', false, 278);
INSERT INTO Meter_reading(value, date, paid, meter_id)
        VALUES (376, '2012-3-27', false, 278);
INSERT INTO Meter_reading(value, date, paid, meter_id)
        VALUES (404, '2012-4-7', false, 278);
INSERT INTO Meter_reading(value, date, paid, meter_id)
        VALUES (428, '2012-4-14', false, 278);
INSERT INTO Meter_reading(value, date, paid, meter_id)
        VALUES (430, '2012-4-18', false, 278);
INSERT INTO Meter_reading(value, date, paid, meter_id)
        VALUES (75, '2012-1-7', false, 279);
INSERT INTO Meter_reading(value, date, paid, meter_id)
        VALUES (98, '2012-1-14', false, 279);
INSERT INTO Meter_reading(value, date, paid, meter_id)
        VALUES (118, '2012-1-23', false, 279);
INSERT INTO Meter_reading(value, date, paid, meter_id)
        VALUES (120, '2012-2-2', false, 279);
INSERT INTO Meter_reading(value, date, paid, meter_id)
        VALUES (140, '2012-2-14', false, 279);
INSERT INTO Meter_reading(value, date, paid, meter_id)
        VALUES (169, '2012-2-23', false, 279);
INSERT INTO Meter_reading(value, date, paid, meter_id)
        VALUES (182, '2012-2-24', false, 279);
INSERT INTO Meter_reading(value, date, paid, meter_id)
        VALUES (204, '2012-3-10', false, 279);
INSERT INTO Meter_reading(value, date, paid, meter_id)
        VALUES (206, '2012-3-17', false, 279);
INSERT INTO Meter_reading(value, date, paid, meter_id)
        VALUES (213, '2012-3-24', false, 279);
INSERT INTO Meter_reading(value, date, paid, meter_id)
        VALUES (224, '2012-4-11', false, 279);
INSERT INTO Meter_reading(value, date, paid, meter_id)
        VALUES (233, '2012-4-14', false, 279);
INSERT INTO Meter_reading(value, date, paid, meter_id)
        VALUES (248, '2012-4-21', false, 279);
INSERT INTO person(person_id, name, surname, paternal_name, registration_date, email, password_hash, is_admin) 
    VALUES (140, 'test140', 'test140', '', '01/01/2012', 'test140', '098f6bcd4621d373cade4e832627b4f6', false);
INSERT INTO dweller VALUES (140);
INSERT INTO flat(flat_id, area, flat_number, balance, cladr_id, building_id)
    VALUES (140, 132, 140, 0, 1, 1);
INSERT INTO dweller_lives_in_flat(person_id, flat_id)
    VALUES (140, 140);
INSERT INTO meter(meter_id, installation_date, type, title, meter_unit_id, active, flat_id)
    VALUES (280, '01/01/2012', 'Water', 'Cold water in kitchen test140', 1, true, 140);
INSERT INTO meter(meter_id, installation_date, type, title, meter_unit_id, active, flat_id)
    VALUES (281, '01/01/2012', 'Electricity', 'Electricity in hall test140', 2, true, 140);
INSERT INTO Meter_reading(value, date, paid, meter_id)
        VALUES (91, '2012-1-7', false, 280);
INSERT INTO Meter_reading(value, date, paid, meter_id)
        VALUES (117, '2012-1-21', false, 280);
INSERT INTO Meter_reading(value, date, paid, meter_id)
        VALUES (119, '2012-1-22', false, 280);
INSERT INTO Meter_reading(value, date, paid, meter_id)
        VALUES (136, '2012-2-3', false, 280);
INSERT INTO Meter_reading(value, date, paid, meter_id)
        VALUES (141, '2012-2-13', false, 280);
INSERT INTO Meter_reading(value, date, paid, meter_id)
        VALUES (152, '2012-2-22', false, 280);
INSERT INTO Meter_reading(value, date, paid, meter_id)
        VALUES (165, '2012-3-5', false, 280);
INSERT INTO Meter_reading(value, date, paid, meter_id)
        VALUES (180, '2012-3-9', false, 280);
INSERT INTO Meter_reading(value, date, paid, meter_id)
        VALUES (202, '2012-3-10', false, 280);
INSERT INTO Meter_reading(value, date, paid, meter_id)
        VALUES (225, '2012-3-20', false, 280);
INSERT INTO Meter_reading(value, date, paid, meter_id)
        VALUES (114, '2012-1-16', false, 281);
INSERT INTO Meter_reading(value, date, paid, meter_id)
        VALUES (128, '2012-1-19', false, 281);
INSERT INTO Meter_reading(value, date, paid, meter_id)
        VALUES (153, '2012-1-23', false, 281);
INSERT INTO Meter_reading(value, date, paid, meter_id)
        VALUES (154, '2012-1-27', false, 281);
INSERT INTO Meter_reading(value, date, paid, meter_id)
        VALUES (156, '2012-2-12', false, 281);
INSERT INTO Meter_reading(value, date, paid, meter_id)
        VALUES (173, '2012-2-25', false, 281);
INSERT INTO Meter_reading(value, date, paid, meter_id)
        VALUES (174, '2012-3-9', false, 281);
INSERT INTO Meter_reading(value, date, paid, meter_id)
        VALUES (198, '2012-3-17', false, 281);
INSERT INTO Meter_reading(value, date, paid, meter_id)
        VALUES (216, '2012-4-1', false, 281);
INSERT INTO Meter_reading(value, date, paid, meter_id)
        VALUES (219, '2012-4-2', false, 281);
INSERT INTO Meter_reading(value, date, paid, meter_id)
        VALUES (228, '2012-4-8', false, 281);
INSERT INTO person(person_id, name, surname, paternal_name, registration_date, email, password_hash, is_admin) 
    VALUES (141, 'test141', 'test141', '', '01/01/2012', 'test141', '098f6bcd4621d373cade4e832627b4f6', false);
INSERT INTO dweller VALUES (141);
INSERT INTO flat(flat_id, area, flat_number, balance, cladr_id, building_id)
    VALUES (141, 296, 141, 0, 1, 1);
INSERT INTO dweller_lives_in_flat(person_id, flat_id)
    VALUES (141, 141);
INSERT INTO meter(meter_id, installation_date, type, title, meter_unit_id, active, flat_id)
    VALUES (282, '01/01/2012', 'Water', 'Cold water in kitchen test141', 1, true, 141);
INSERT INTO meter(meter_id, installation_date, type, title, meter_unit_id, active, flat_id)
    VALUES (283, '01/01/2012', 'Electricity', 'Electricity in hall test141', 2, true, 141);
INSERT INTO Meter_reading(value, date, paid, meter_id)
        VALUES (220, '2012-1-7', false, 282);
INSERT INTO Meter_reading(value, date, paid, meter_id)
        VALUES (222, '2012-1-13', false, 282);
INSERT INTO Meter_reading(value, date, paid, meter_id)
        VALUES (231, '2012-1-16', false, 282);
INSERT INTO Meter_reading(value, date, paid, meter_id)
        VALUES (232, '2012-1-19', false, 282);
INSERT INTO Meter_reading(value, date, paid, meter_id)
        VALUES (241, '2012-2-3', false, 282);
INSERT INTO Meter_reading(value, date, paid, meter_id)
        VALUES (32, '2012-1-8', false, 283);
INSERT INTO Meter_reading(value, date, paid, meter_id)
        VALUES (37, '2012-1-16', false, 283);
INSERT INTO Meter_reading(value, date, paid, meter_id)
        VALUES (44, '2012-1-24', false, 283);
INSERT INTO Meter_reading(value, date, paid, meter_id)
        VALUES (48, '2012-2-9', false, 283);
INSERT INTO Meter_reading(value, date, paid, meter_id)
        VALUES (52, '2012-2-21', false, 283);
INSERT INTO Meter_reading(value, date, paid, meter_id)
        VALUES (53, '2012-2-26', false, 283);
INSERT INTO Meter_reading(value, date, paid, meter_id)
        VALUES (63, '2012-3-7', false, 283);
INSERT INTO Meter_reading(value, date, paid, meter_id)
        VALUES (70, '2012-3-9', false, 283);
INSERT INTO Meter_reading(value, date, paid, meter_id)
        VALUES (73, '2012-3-20', false, 283);
INSERT INTO person(person_id, name, surname, paternal_name, registration_date, email, password_hash, is_admin) 
    VALUES (142, 'test142', 'test142', '', '01/01/2012', 'test142', '098f6bcd4621d373cade4e832627b4f6', false);
INSERT INTO dweller VALUES (142);
INSERT INTO flat(flat_id, area, flat_number, balance, cladr_id, building_id)
    VALUES (142, 286, 142, 0, 1, 1);
INSERT INTO dweller_lives_in_flat(person_id, flat_id)
    VALUES (142, 142);
INSERT INTO meter(meter_id, installation_date, type, title, meter_unit_id, active, flat_id)
    VALUES (284, '01/01/2012', 'Water', 'Cold water in kitchen test142', 1, true, 142);
INSERT INTO meter(meter_id, installation_date, type, title, meter_unit_id, active, flat_id)
    VALUES (285, '01/01/2012', 'Electricity', 'Electricity in hall test142', 2, true, 142);
INSERT INTO Meter_reading(value, date, paid, meter_id)
        VALUES (255, '2012-1-13', false, 284);
INSERT INTO Meter_reading(value, date, paid, meter_id)
        VALUES (264, '2012-1-19', false, 284);
INSERT INTO Meter_reading(value, date, paid, meter_id)
        VALUES (280, '2012-1-24', false, 284);
INSERT INTO Meter_reading(value, date, paid, meter_id)
        VALUES (285, '2012-2-9', false, 284);
INSERT INTO Meter_reading(value, date, paid, meter_id)
        VALUES (305, '2012-2-15', false, 284);
INSERT INTO Meter_reading(value, date, paid, meter_id)
        VALUES (310, '2012-2-23', false, 284);
INSERT INTO Meter_reading(value, date, paid, meter_id)
        VALUES (335, '2012-3-2', false, 284);
INSERT INTO Meter_reading(value, date, paid, meter_id)
        VALUES (361, '2012-3-11', false, 284);
INSERT INTO Meter_reading(value, date, paid, meter_id)
        VALUES (380, '2012-3-22', false, 284);
INSERT INTO Meter_reading(value, date, paid, meter_id)
        VALUES (396, '2012-4-6', false, 284);
INSERT INTO Meter_reading(value, date, paid, meter_id)
        VALUES (422, '2012-4-19', false, 284);
INSERT INTO Meter_reading(value, date, paid, meter_id)
        VALUES (439, '2012-4-22', false, 284);
INSERT INTO Meter_reading(value, date, paid, meter_id)
        VALUES (465, '2012-4-27', false, 284);
INSERT INTO Meter_reading(value, date, paid, meter_id)
        VALUES (201, '2012-1-13', false, 285);
INSERT INTO Meter_reading(value, date, paid, meter_id)
        VALUES (207, '2012-1-21', false, 285);
INSERT INTO Meter_reading(value, date, paid, meter_id)
        VALUES (220, '2012-2-4', false, 285);
INSERT INTO Meter_reading(value, date, paid, meter_id)
        VALUES (227, '2012-2-10', false, 285);
INSERT INTO Meter_reading(value, date, paid, meter_id)
        VALUES (256, '2012-2-12', false, 285);
INSERT INTO person(person_id, name, surname, paternal_name, registration_date, email, password_hash, is_admin) 
    VALUES (143, 'test143', 'test143', '', '01/01/2012', 'test143', '098f6bcd4621d373cade4e832627b4f6', false);
INSERT INTO dweller VALUES (143);
INSERT INTO flat(flat_id, area, flat_number, balance, cladr_id, building_id)
    VALUES (143, 78, 143, 0, 1, 1);
INSERT INTO dweller_lives_in_flat(person_id, flat_id)
    VALUES (143, 143);
INSERT INTO meter(meter_id, installation_date, type, title, meter_unit_id, active, flat_id)
    VALUES (286, '01/01/2012', 'Water', 'Cold water in kitchen test143', 1, true, 143);
INSERT INTO meter(meter_id, installation_date, type, title, meter_unit_id, active, flat_id)
    VALUES (287, '01/01/2012', 'Electricity', 'Electricity in hall test143', 2, true, 143);
INSERT INTO Meter_reading(value, date, paid, meter_id)
        VALUES (197, '2012-1-10', false, 286);
INSERT INTO Meter_reading(value, date, paid, meter_id)
        VALUES (222, '2012-1-16', false, 286);
INSERT INTO Meter_reading(value, date, paid, meter_id)
        VALUES (240, '2012-1-25', false, 286);
INSERT INTO Meter_reading(value, date, paid, meter_id)
        VALUES (267, '2012-2-12', false, 286);
INSERT INTO Meter_reading(value, date, paid, meter_id)
        VALUES (284, '2012-2-20', false, 286);
INSERT INTO Meter_reading(value, date, paid, meter_id)
        VALUES (298, '2012-3-7', false, 286);
INSERT INTO Meter_reading(value, date, paid, meter_id)
        VALUES (184, '2012-1-9', false, 287);
INSERT INTO Meter_reading(value, date, paid, meter_id)
        VALUES (242, '2012-1-16', false, 287);
INSERT INTO Meter_reading(value, date, paid, meter_id)
        VALUES (306, '2012-1-21', false, 287);
INSERT INTO Meter_reading(value, date, paid, meter_id)
        VALUES (313, '2012-2-1', false, 287);
INSERT INTO Meter_reading(value, date, paid, meter_id)
        VALUES (381, '2012-2-4', false, 287);
INSERT INTO Meter_reading(value, date, paid, meter_id)
        VALUES (433, '2012-2-17', false, 287);
INSERT INTO Meter_reading(value, date, paid, meter_id)
        VALUES (511, '2012-2-19', false, 287);
INSERT INTO person(person_id, name, surname, paternal_name, registration_date, email, password_hash, is_admin) 
    VALUES (144, 'test144', 'test144', '', '01/01/2012', 'test144', '098f6bcd4621d373cade4e832627b4f6', false);
INSERT INTO dweller VALUES (144);
INSERT INTO flat(flat_id, area, flat_number, balance, cladr_id, building_id)
    VALUES (144, 269, 144, 0, 1, 1);
INSERT INTO dweller_lives_in_flat(person_id, flat_id)
    VALUES (144, 144);
INSERT INTO meter(meter_id, installation_date, type, title, meter_unit_id, active, flat_id)
    VALUES (288, '01/01/2012', 'Water', 'Cold water in kitchen test144', 1, true, 144);
INSERT INTO meter(meter_id, installation_date, type, title, meter_unit_id, active, flat_id)
    VALUES (289, '01/01/2012', 'Electricity', 'Electricity in hall test144', 2, true, 144);
INSERT INTO Meter_reading(value, date, paid, meter_id)
        VALUES (309, '2012-1-9', false, 288);
INSERT INTO Meter_reading(value, date, paid, meter_id)
        VALUES (314, '2012-1-13', false, 288);
INSERT INTO Meter_reading(value, date, paid, meter_id)
        VALUES (324, '2012-1-23', false, 288);
INSERT INTO Meter_reading(value, date, paid, meter_id)
        VALUES (328, '2012-1-24', false, 288);
INSERT INTO Meter_reading(value, date, paid, meter_id)
        VALUES (346, '2012-1-26', false, 288);
INSERT INTO Meter_reading(value, date, paid, meter_id)
        VALUES (350, '2012-2-6', false, 288);
INSERT INTO Meter_reading(value, date, paid, meter_id)
        VALUES (275, '2012-1-12', false, 289);
INSERT INTO Meter_reading(value, date, paid, meter_id)
        VALUES (332, '2012-1-25', false, 289);
INSERT INTO Meter_reading(value, date, paid, meter_id)
        VALUES (334, '2012-2-2', false, 289);
INSERT INTO Meter_reading(value, date, paid, meter_id)
        VALUES (346, '2012-2-5', false, 289);
INSERT INTO Meter_reading(value, date, paid, meter_id)
        VALUES (395, '2012-2-18', false, 289);
INSERT INTO Meter_reading(value, date, paid, meter_id)
        VALUES (400, '2012-2-22', false, 289);
INSERT INTO Meter_reading(value, date, paid, meter_id)
        VALUES (405, '2012-2-25', false, 289);
INSERT INTO Meter_reading(value, date, paid, meter_id)
        VALUES (418, '2012-3-5', false, 289);
INSERT INTO Meter_reading(value, date, paid, meter_id)
        VALUES (423, '2012-3-17', false, 289);
INSERT INTO Meter_reading(value, date, paid, meter_id)
        VALUES (441, '2012-3-27', false, 289);
INSERT INTO Meter_reading(value, date, paid, meter_id)
        VALUES (482, '2012-4-12', false, 289);
INSERT INTO Meter_reading(value, date, paid, meter_id)
        VALUES (512, '2012-4-22', false, 289);
INSERT INTO person(person_id, name, surname, paternal_name, registration_date, email, password_hash, is_admin) 
    VALUES (145, 'test145', 'test145', '', '01/01/2012', 'test145', '098f6bcd4621d373cade4e832627b4f6', false);
INSERT INTO dweller VALUES (145);
INSERT INTO flat(flat_id, area, flat_number, balance, cladr_id, building_id)
    VALUES (145, 228, 145, 0, 1, 1);
INSERT INTO dweller_lives_in_flat(person_id, flat_id)
    VALUES (145, 145);
INSERT INTO meter(meter_id, installation_date, type, title, meter_unit_id, active, flat_id)
    VALUES (290, '01/01/2012', 'Water', 'Cold water in kitchen test145', 1, true, 145);
INSERT INTO meter(meter_id, installation_date, type, title, meter_unit_id, active, flat_id)
    VALUES (291, '01/01/2012', 'Electricity', 'Electricity in hall test145', 2, true, 145);
INSERT INTO Meter_reading(value, date, paid, meter_id)
        VALUES (132, '2012-1-13', false, 290);
INSERT INTO Meter_reading(value, date, paid, meter_id)
        VALUES (145, '2012-1-24', false, 290);
INSERT INTO Meter_reading(value, date, paid, meter_id)
        VALUES (153, '2012-2-6', false, 290);
INSERT INTO Meter_reading(value, date, paid, meter_id)
        VALUES (159, '2012-2-19', false, 290);
INSERT INTO Meter_reading(value, date, paid, meter_id)
        VALUES (170, '2012-3-2', false, 290);
INSERT INTO Meter_reading(value, date, paid, meter_id)
        VALUES (215, '2012-3-8', false, 290);
INSERT INTO Meter_reading(value, date, paid, meter_id)
        VALUES (247, '2012-3-13', false, 290);
INSERT INTO Meter_reading(value, date, paid, meter_id)
        VALUES (257, '2012-3-20', false, 290);
INSERT INTO Meter_reading(value, date, paid, meter_id)
        VALUES (287, '2012-4-6', false, 290);
INSERT INTO Meter_reading(value, date, paid, meter_id)
        VALUES (322, '2012-4-12', false, 290);
INSERT INTO Meter_reading(value, date, paid, meter_id)
        VALUES (370, '2012-4-25', false, 290);
INSERT INTO Meter_reading(value, date, paid, meter_id)
        VALUES (422, '2012-5-4', false, 290);
INSERT INTO Meter_reading(value, date, paid, meter_id)
        VALUES (440, '2012-5-5', false, 290);
INSERT INTO Meter_reading(value, date, paid, meter_id)
        VALUES (242, '2012-1-6', false, 291);
INSERT INTO Meter_reading(value, date, paid, meter_id)
        VALUES (267, '2012-1-11', false, 291);
INSERT INTO Meter_reading(value, date, paid, meter_id)
        VALUES (290, '2012-1-16', false, 291);
INSERT INTO Meter_reading(value, date, paid, meter_id)
        VALUES (300, '2012-1-21', false, 291);
INSERT INTO Meter_reading(value, date, paid, meter_id)
        VALUES (317, '2012-2-4', false, 291);
INSERT INTO person(person_id, name, surname, paternal_name, registration_date, email, password_hash, is_admin) 
    VALUES (146, 'test146', 'test146', '', '01/01/2012', 'test146', '098f6bcd4621d373cade4e832627b4f6', false);
INSERT INTO dweller VALUES (146);
INSERT INTO flat(flat_id, area, flat_number, balance, cladr_id, building_id)
    VALUES (146, 304, 146, 0, 1, 1);
INSERT INTO dweller_lives_in_flat(person_id, flat_id)
    VALUES (146, 146);
INSERT INTO meter(meter_id, installation_date, type, title, meter_unit_id, active, flat_id)
    VALUES (292, '01/01/2012', 'Water', 'Cold water in kitchen test146', 1, true, 146);
INSERT INTO meter(meter_id, installation_date, type, title, meter_unit_id, active, flat_id)
    VALUES (293, '01/01/2012', 'Electricity', 'Electricity in hall test146', 2, true, 146);
INSERT INTO Meter_reading(value, date, paid, meter_id)
        VALUES (100, '2012-1-7', false, 292);
INSERT INTO Meter_reading(value, date, paid, meter_id)
        VALUES (106, '2012-1-17', false, 292);
INSERT INTO Meter_reading(value, date, paid, meter_id)
        VALUES (131, '2012-2-4', false, 292);
INSERT INTO Meter_reading(value, date, paid, meter_id)
        VALUES (143, '2012-2-8', false, 292);
INSERT INTO Meter_reading(value, date, paid, meter_id)
        VALUES (164, '2012-2-17', false, 292);
INSERT INTO Meter_reading(value, date, paid, meter_id)
        VALUES (190, '2012-2-19', false, 292);
INSERT INTO Meter_reading(value, date, paid, meter_id)
        VALUES (205, '2012-2-22', false, 292);
INSERT INTO Meter_reading(value, date, paid, meter_id)
        VALUES (223, '2012-3-5', false, 292);
INSERT INTO Meter_reading(value, date, paid, meter_id)
        VALUES (226, '2012-3-16', false, 292);
INSERT INTO Meter_reading(value, date, paid, meter_id)
        VALUES (250, '2012-3-18', false, 292);
INSERT INTO Meter_reading(value, date, paid, meter_id)
        VALUES (207, '2012-1-5', false, 293);
INSERT INTO Meter_reading(value, date, paid, meter_id)
        VALUES (224, '2012-1-11', false, 293);
INSERT INTO Meter_reading(value, date, paid, meter_id)
        VALUES (242, '2012-1-22', false, 293);
INSERT INTO Meter_reading(value, date, paid, meter_id)
        VALUES (250, '2012-1-26', false, 293);
INSERT INTO Meter_reading(value, date, paid, meter_id)
        VALUES (293, '2012-2-4', false, 293);
INSERT INTO person(person_id, name, surname, paternal_name, registration_date, email, password_hash, is_admin) 
    VALUES (147, 'test147', 'test147', '', '01/01/2012', 'test147', '098f6bcd4621d373cade4e832627b4f6', false);
INSERT INTO dweller VALUES (147);
INSERT INTO flat(flat_id, area, flat_number, balance, cladr_id, building_id)
    VALUES (147, 188, 147, 0, 1, 1);
INSERT INTO dweller_lives_in_flat(person_id, flat_id)
    VALUES (147, 147);
INSERT INTO meter(meter_id, installation_date, type, title, meter_unit_id, active, flat_id)
    VALUES (294, '01/01/2012', 'Water', 'Cold water in kitchen test147', 1, true, 147);
INSERT INTO meter(meter_id, installation_date, type, title, meter_unit_id, active, flat_id)
    VALUES (295, '01/01/2012', 'Electricity', 'Electricity in hall test147', 2, true, 147);
INSERT INTO Meter_reading(value, date, paid, meter_id)
        VALUES (256, '2012-1-10', false, 294);
INSERT INTO Meter_reading(value, date, paid, meter_id)
        VALUES (261, '2012-1-13', false, 294);
INSERT INTO Meter_reading(value, date, paid, meter_id)
        VALUES (265, '2012-1-21', false, 294);
INSERT INTO Meter_reading(value, date, paid, meter_id)
        VALUES (272, '2012-1-25', false, 294);
INSERT INTO Meter_reading(value, date, paid, meter_id)
        VALUES (275, '2012-2-4', false, 294);
INSERT INTO Meter_reading(value, date, paid, meter_id)
        VALUES (304, '2012-2-17', false, 294);
INSERT INTO Meter_reading(value, date, paid, meter_id)
        VALUES (315, '2012-3-3', false, 294);
INSERT INTO Meter_reading(value, date, paid, meter_id)
        VALUES (341, '2012-3-6', false, 294);
INSERT INTO Meter_reading(value, date, paid, meter_id)
        VALUES (40, '2012-1-9', false, 295);
INSERT INTO Meter_reading(value, date, paid, meter_id)
        VALUES (44, '2012-1-14', false, 295);
INSERT INTO Meter_reading(value, date, paid, meter_id)
        VALUES (49, '2012-1-17', false, 295);
INSERT INTO Meter_reading(value, date, paid, meter_id)
        VALUES (54, '2012-1-20', false, 295);
INSERT INTO Meter_reading(value, date, paid, meter_id)
        VALUES (58, '2012-2-4', false, 295);
INSERT INTO person(person_id, name, surname, paternal_name, registration_date, email, password_hash, is_admin) 
    VALUES (148, 'test148', 'test148', '', '01/01/2012', 'test148', '098f6bcd4621d373cade4e832627b4f6', false);
INSERT INTO dweller VALUES (148);
INSERT INTO flat(flat_id, area, flat_number, balance, cladr_id, building_id)
    VALUES (148, 283, 148, 0, 1, 1);
INSERT INTO dweller_lives_in_flat(person_id, flat_id)
    VALUES (148, 148);
INSERT INTO meter(meter_id, installation_date, type, title, meter_unit_id, active, flat_id)
    VALUES (296, '01/01/2012', 'Water', 'Cold water in kitchen test148', 1, true, 148);
INSERT INTO meter(meter_id, installation_date, type, title, meter_unit_id, active, flat_id)
    VALUES (297, '01/01/2012', 'Electricity', 'Electricity in hall test148', 2, true, 148);
INSERT INTO Meter_reading(value, date, paid, meter_id)
        VALUES (210, '2012-1-10', false, 296);
INSERT INTO Meter_reading(value, date, paid, meter_id)
        VALUES (261, '2012-1-23', false, 296);
INSERT INTO Meter_reading(value, date, paid, meter_id)
        VALUES (338, '2012-1-24', false, 296);
INSERT INTO Meter_reading(value, date, paid, meter_id)
        VALUES (380, '2012-2-3', false, 296);
INSERT INTO Meter_reading(value, date, paid, meter_id)
        VALUES (433, '2012-2-14', false, 296);
INSERT INTO Meter_reading(value, date, paid, meter_id)
        VALUES (33, '2012-1-7', false, 297);
INSERT INTO Meter_reading(value, date, paid, meter_id)
        VALUES (53, '2012-1-11', false, 297);
INSERT INTO Meter_reading(value, date, paid, meter_id)
        VALUES (66, '2012-1-21', false, 297);
INSERT INTO Meter_reading(value, date, paid, meter_id)
        VALUES (88, '2012-2-7', false, 297);
INSERT INTO Meter_reading(value, date, paid, meter_id)
        VALUES (102, '2012-2-14', false, 297);
INSERT INTO Meter_reading(value, date, paid, meter_id)
        VALUES (104, '2012-2-16', false, 297);
INSERT INTO Meter_reading(value, date, paid, meter_id)
        VALUES (111, '2012-2-26', false, 297);
INSERT INTO Meter_reading(value, date, paid, meter_id)
        VALUES (132, '2012-3-7', false, 297);
INSERT INTO person(person_id, name, surname, paternal_name, registration_date, email, password_hash, is_admin) 
    VALUES (149, 'test149', 'test149', '', '01/01/2012', 'test149', '098f6bcd4621d373cade4e832627b4f6', false);
INSERT INTO dweller VALUES (149);
INSERT INTO flat(flat_id, area, flat_number, balance, cladr_id, building_id)
    VALUES (149, 197, 149, 0, 1, 1);
INSERT INTO dweller_lives_in_flat(person_id, flat_id)
    VALUES (149, 149);
INSERT INTO meter(meter_id, installation_date, type, title, meter_unit_id, active, flat_id)
    VALUES (298, '01/01/2012', 'Water', 'Cold water in kitchen test149', 1, true, 149);
INSERT INTO meter(meter_id, installation_date, type, title, meter_unit_id, active, flat_id)
    VALUES (299, '01/01/2012', 'Electricity', 'Electricity in hall test149', 2, true, 149);
INSERT INTO Meter_reading(value, date, paid, meter_id)
        VALUES (304, '2012-1-16', false, 298);
INSERT INTO Meter_reading(value, date, paid, meter_id)
        VALUES (310, '2012-1-21', false, 298);
INSERT INTO Meter_reading(value, date, paid, meter_id)
        VALUES (322, '2012-1-26', false, 298);
INSERT INTO Meter_reading(value, date, paid, meter_id)
        VALUES (337, '2012-2-7', false, 298);
INSERT INTO Meter_reading(value, date, paid, meter_id)
        VALUES (344, '2012-2-11', false, 298);
INSERT INTO Meter_reading(value, date, paid, meter_id)
        VALUES (357, '2012-2-15', false, 298);
INSERT INTO Meter_reading(value, date, paid, meter_id)
        VALUES (45, '2012-1-9', false, 299);
INSERT INTO Meter_reading(value, date, paid, meter_id)
        VALUES (50, '2012-1-22', false, 299);
INSERT INTO Meter_reading(value, date, paid, meter_id)
        VALUES (92, '2012-2-5', false, 299);
INSERT INTO Meter_reading(value, date, paid, meter_id)
        VALUES (140, '2012-2-16', false, 299);
INSERT INTO Meter_reading(value, date, paid, meter_id)
        VALUES (149, '2012-2-21', false, 299);
INSERT INTO Meter_reading(value, date, paid, meter_id)
        VALUES (150, '2012-3-5', false, 299);
INSERT INTO Meter_reading(value, date, paid, meter_id)
        VALUES (185, '2012-3-17', false, 299);
INSERT INTO Meter_reading(value, date, paid, meter_id)
        VALUES (193, '2012-3-22', false, 299);
INSERT INTO Meter_reading(value, date, paid, meter_id)
        VALUES (212, '2012-3-26', false, 299);
INSERT INTO person(person_id, name, surname, paternal_name, registration_date, email, password_hash, is_admin) 
    VALUES (150, 'test150', 'test150', '', '01/01/2012', 'test150', '098f6bcd4621d373cade4e832627b4f6', false);
INSERT INTO dweller VALUES (150);
INSERT INTO flat(flat_id, area, flat_number, balance, cladr_id, building_id)
    VALUES (150, 113, 150, 0, 1, 1);
INSERT INTO dweller_lives_in_flat(person_id, flat_id)
    VALUES (150, 150);
INSERT INTO meter(meter_id, installation_date, type, title, meter_unit_id, active, flat_id)
    VALUES (300, '01/01/2012', 'Water', 'Cold water in kitchen test150', 1, true, 150);
INSERT INTO meter(meter_id, installation_date, type, title, meter_unit_id, active, flat_id)
    VALUES (301, '01/01/2012', 'Electricity', 'Electricity in hall test150', 2, true, 150);
INSERT INTO Meter_reading(value, date, paid, meter_id)
        VALUES (203, '2012-1-4', false, 300);
INSERT INTO Meter_reading(value, date, paid, meter_id)
        VALUES (213, '2012-1-10', false, 300);
INSERT INTO Meter_reading(value, date, paid, meter_id)
        VALUES (236, '2012-1-15', false, 300);
INSERT INTO Meter_reading(value, date, paid, meter_id)
        VALUES (262, '2012-1-19', false, 300);
INSERT INTO Meter_reading(value, date, paid, meter_id)
        VALUES (272, '2012-1-21', false, 300);
INSERT INTO Meter_reading(value, date, paid, meter_id)
        VALUES (283, '2012-2-5', false, 300);
INSERT INTO Meter_reading(value, date, paid, meter_id)
        VALUES (285, '2012-2-6', false, 300);
INSERT INTO Meter_reading(value, date, paid, meter_id)
        VALUES (289, '2012-2-12', false, 300);
INSERT INTO Meter_reading(value, date, paid, meter_id)
        VALUES (311, '2012-2-18', false, 300);
INSERT INTO Meter_reading(value, date, paid, meter_id)
        VALUES (162, '2012-1-4', false, 301);
INSERT INTO Meter_reading(value, date, paid, meter_id)
        VALUES (167, '2012-1-7', false, 301);
INSERT INTO Meter_reading(value, date, paid, meter_id)
        VALUES (210, '2012-1-16', false, 301);
INSERT INTO Meter_reading(value, date, paid, meter_id)
        VALUES (222, '2012-2-1', false, 301);
INSERT INTO Meter_reading(value, date, paid, meter_id)
        VALUES (251, '2012-2-6', false, 301);
INSERT INTO Meter_reading(value, date, paid, meter_id)
        VALUES (279, '2012-2-17', false, 301);
INSERT INTO Meter_reading(value, date, paid, meter_id)
        VALUES (301, '2012-3-2', false, 301);
INSERT INTO person(person_id, name, surname, paternal_name, registration_date, email, password_hash, is_admin) 
    VALUES (151, 'test151', 'test151', '', '01/01/2012', 'test151', '098f6bcd4621d373cade4e832627b4f6', false);
INSERT INTO dweller VALUES (151);
INSERT INTO flat(flat_id, area, flat_number, balance, cladr_id, building_id)
    VALUES (151, 178, 151, 0, 1, 1);
INSERT INTO dweller_lives_in_flat(person_id, flat_id)
    VALUES (151, 151);
INSERT INTO meter(meter_id, installation_date, type, title, meter_unit_id, active, flat_id)
    VALUES (302, '01/01/2012', 'Water', 'Cold water in kitchen test151', 1, true, 151);
INSERT INTO meter(meter_id, installation_date, type, title, meter_unit_id, active, flat_id)
    VALUES (303, '01/01/2012', 'Electricity', 'Electricity in hall test151', 2, true, 151);
INSERT INTO Meter_reading(value, date, paid, meter_id)
        VALUES (179, '2012-1-9', false, 302);
INSERT INTO Meter_reading(value, date, paid, meter_id)
        VALUES (212, '2012-1-14', false, 302);
INSERT INTO Meter_reading(value, date, paid, meter_id)
        VALUES (248, '2012-1-18', false, 302);
INSERT INTO Meter_reading(value, date, paid, meter_id)
        VALUES (272, '2012-1-26', false, 302);
INSERT INTO Meter_reading(value, date, paid, meter_id)
        VALUES (316, '2012-2-12', false, 302);
INSERT INTO Meter_reading(value, date, paid, meter_id)
        VALUES (319, '2012-2-18', false, 302);
INSERT INTO Meter_reading(value, date, paid, meter_id)
        VALUES (326, '2012-3-1', false, 302);
INSERT INTO Meter_reading(value, date, paid, meter_id)
        VALUES (391, '2012-3-7', false, 302);
INSERT INTO Meter_reading(value, date, paid, meter_id)
        VALUES (392, '2012-3-21', false, 302);
INSERT INTO Meter_reading(value, date, paid, meter_id)
        VALUES (413, '2012-4-1', false, 302);
INSERT INTO Meter_reading(value, date, paid, meter_id)
        VALUES (449, '2012-4-3', false, 302);
INSERT INTO Meter_reading(value, date, paid, meter_id)
        VALUES (455, '2012-4-16', false, 302);
INSERT INTO Meter_reading(value, date, paid, meter_id)
        VALUES (313, '2012-1-11', false, 303);
INSERT INTO Meter_reading(value, date, paid, meter_id)
        VALUES (316, '2012-1-24', false, 303);
INSERT INTO Meter_reading(value, date, paid, meter_id)
        VALUES (334, '2012-2-6', false, 303);
INSERT INTO Meter_reading(value, date, paid, meter_id)
        VALUES (356, '2012-2-12', false, 303);
INSERT INTO Meter_reading(value, date, paid, meter_id)
        VALUES (382, '2012-2-25', false, 303);
INSERT INTO person(person_id, name, surname, paternal_name, registration_date, email, password_hash, is_admin) 
    VALUES (152, 'test152', 'test152', '', '01/01/2012', 'test152', '098f6bcd4621d373cade4e832627b4f6', false);
INSERT INTO dweller VALUES (152);
INSERT INTO flat(flat_id, area, flat_number, balance, cladr_id, building_id)
    VALUES (152, 73, 152, 0, 1, 1);
INSERT INTO dweller_lives_in_flat(person_id, flat_id)
    VALUES (152, 152);
INSERT INTO meter(meter_id, installation_date, type, title, meter_unit_id, active, flat_id)
    VALUES (304, '01/01/2012', 'Water', 'Cold water in kitchen test152', 1, true, 152);
INSERT INTO meter(meter_id, installation_date, type, title, meter_unit_id, active, flat_id)
    VALUES (305, '01/01/2012', 'Electricity', 'Electricity in hall test152', 2, true, 152);
INSERT INTO Meter_reading(value, date, paid, meter_id)
        VALUES (168, '2012-1-7', false, 304);
INSERT INTO Meter_reading(value, date, paid, meter_id)
        VALUES (178, '2012-1-20', false, 304);
INSERT INTO Meter_reading(value, date, paid, meter_id)
        VALUES (183, '2012-2-4', false, 304);
INSERT INTO Meter_reading(value, date, paid, meter_id)
        VALUES (207, '2012-2-8', false, 304);
INSERT INTO Meter_reading(value, date, paid, meter_id)
        VALUES (212, '2012-2-20', false, 304);
INSERT INTO Meter_reading(value, date, paid, meter_id)
        VALUES (240, '2012-2-21', false, 304);
INSERT INTO Meter_reading(value, date, paid, meter_id)
        VALUES (243, '2012-3-8', false, 304);
INSERT INTO Meter_reading(value, date, paid, meter_id)
        VALUES (249, '2012-3-19', false, 304);
INSERT INTO Meter_reading(value, date, paid, meter_id)
        VALUES (257, '2012-3-23', false, 304);
INSERT INTO Meter_reading(value, date, paid, meter_id)
        VALUES (273, '2012-4-8', false, 304);
INSERT INTO Meter_reading(value, date, paid, meter_id)
        VALUES (281, '2012-4-16', false, 304);
INSERT INTO Meter_reading(value, date, paid, meter_id)
        VALUES (291, '2012-4-19', false, 304);
INSERT INTO Meter_reading(value, date, paid, meter_id)
        VALUES (304, '2012-5-6', false, 304);
INSERT INTO Meter_reading(value, date, paid, meter_id)
        VALUES (309, '2012-5-13', false, 304);
INSERT INTO Meter_reading(value, date, paid, meter_id)
        VALUES (146, '2012-1-15', false, 305);
INSERT INTO Meter_reading(value, date, paid, meter_id)
        VALUES (159, '2012-1-20', false, 305);
INSERT INTO Meter_reading(value, date, paid, meter_id)
        VALUES (169, '2012-1-24', false, 305);
INSERT INTO Meter_reading(value, date, paid, meter_id)
        VALUES (189, '2012-1-27', false, 305);
INSERT INTO Meter_reading(value, date, paid, meter_id)
        VALUES (217, '2012-2-14', false, 305);
INSERT INTO person(person_id, name, surname, paternal_name, registration_date, email, password_hash, is_admin) 
    VALUES (153, 'test153', 'test153', '', '01/01/2012', 'test153', '098f6bcd4621d373cade4e832627b4f6', false);
INSERT INTO dweller VALUES (153);
INSERT INTO flat(flat_id, area, flat_number, balance, cladr_id, building_id)
    VALUES (153, 184, 153, 0, 1, 1);
INSERT INTO dweller_lives_in_flat(person_id, flat_id)
    VALUES (153, 153);
INSERT INTO meter(meter_id, installation_date, type, title, meter_unit_id, active, flat_id)
    VALUES (306, '01/01/2012', 'Water', 'Cold water in kitchen test153', 1, true, 153);
INSERT INTO meter(meter_id, installation_date, type, title, meter_unit_id, active, flat_id)
    VALUES (307, '01/01/2012', 'Electricity', 'Electricity in hall test153', 2, true, 153);
INSERT INTO Meter_reading(value, date, paid, meter_id)
        VALUES (43, '2012-1-15', false, 306);
INSERT INTO Meter_reading(value, date, paid, meter_id)
        VALUES (59, '2012-1-17', false, 306);
INSERT INTO Meter_reading(value, date, paid, meter_id)
        VALUES (73, '2012-2-4', false, 306);
INSERT INTO Meter_reading(value, date, paid, meter_id)
        VALUES (77, '2012-2-5', false, 306);
INSERT INTO Meter_reading(value, date, paid, meter_id)
        VALUES (79, '2012-2-16', false, 306);
INSERT INTO Meter_reading(value, date, paid, meter_id)
        VALUES (97, '2012-2-20', false, 306);
INSERT INTO Meter_reading(value, date, paid, meter_id)
        VALUES (116, '2012-2-27', false, 306);
INSERT INTO Meter_reading(value, date, paid, meter_id)
        VALUES (126, '2012-3-3', false, 306);
INSERT INTO Meter_reading(value, date, paid, meter_id)
        VALUES (146, '2012-3-9', false, 306);
INSERT INTO Meter_reading(value, date, paid, meter_id)
        VALUES (157, '2012-3-20', false, 306);
INSERT INTO Meter_reading(value, date, paid, meter_id)
        VALUES (174, '2012-3-23', false, 306);
INSERT INTO Meter_reading(value, date, paid, meter_id)
        VALUES (59, '2012-1-5', false, 307);
INSERT INTO Meter_reading(value, date, paid, meter_id)
        VALUES (118, '2012-1-10', false, 307);
INSERT INTO Meter_reading(value, date, paid, meter_id)
        VALUES (177, '2012-1-15', false, 307);
INSERT INTO Meter_reading(value, date, paid, meter_id)
        VALUES (181, '2012-1-22', false, 307);
INSERT INTO Meter_reading(value, date, paid, meter_id)
        VALUES (241, '2012-2-5', false, 307);
INSERT INTO Meter_reading(value, date, paid, meter_id)
        VALUES (300, '2012-2-14', false, 307);
INSERT INTO Meter_reading(value, date, paid, meter_id)
        VALUES (327, '2012-3-1', false, 307);
INSERT INTO Meter_reading(value, date, paid, meter_id)
        VALUES (355, '2012-3-9', false, 307);
INSERT INTO Meter_reading(value, date, paid, meter_id)
        VALUES (415, '2012-3-10', false, 307);
INSERT INTO Meter_reading(value, date, paid, meter_id)
        VALUES (467, '2012-3-24', false, 307);
INSERT INTO Meter_reading(value, date, paid, meter_id)
        VALUES (489, '2012-4-4', false, 307);
INSERT INTO person(person_id, name, surname, paternal_name, registration_date, email, password_hash, is_admin) 
    VALUES (154, 'test154', 'test154', '', '01/01/2012', 'test154', '098f6bcd4621d373cade4e832627b4f6', false);
INSERT INTO dweller VALUES (154);
INSERT INTO flat(flat_id, area, flat_number, balance, cladr_id, building_id)
    VALUES (154, 123, 154, 0, 1, 1);
INSERT INTO dweller_lives_in_flat(person_id, flat_id)
    VALUES (154, 154);
INSERT INTO meter(meter_id, installation_date, type, title, meter_unit_id, active, flat_id)
    VALUES (308, '01/01/2012', 'Water', 'Cold water in kitchen test154', 1, true, 154);
INSERT INTO meter(meter_id, installation_date, type, title, meter_unit_id, active, flat_id)
    VALUES (309, '01/01/2012', 'Electricity', 'Electricity in hall test154', 2, true, 154);
INSERT INTO Meter_reading(value, date, paid, meter_id)
        VALUES (344, '2012-1-7', false, 308);
INSERT INTO Meter_reading(value, date, paid, meter_id)
        VALUES (379, '2012-1-15', false, 308);
INSERT INTO Meter_reading(value, date, paid, meter_id)
        VALUES (454, '2012-1-25', false, 308);
INSERT INTO Meter_reading(value, date, paid, meter_id)
        VALUES (526, '2012-2-2', false, 308);
INSERT INTO Meter_reading(value, date, paid, meter_id)
        VALUES (536, '2012-2-4', false, 308);
INSERT INTO Meter_reading(value, date, paid, meter_id)
        VALUES (562, '2012-2-6', false, 308);
INSERT INTO Meter_reading(value, date, paid, meter_id)
        VALUES (316, '2012-1-16', false, 309);
INSERT INTO Meter_reading(value, date, paid, meter_id)
        VALUES (338, '2012-2-2', false, 309);
INSERT INTO Meter_reading(value, date, paid, meter_id)
        VALUES (358, '2012-2-7', false, 309);
INSERT INTO Meter_reading(value, date, paid, meter_id)
        VALUES (361, '2012-2-13', false, 309);
INSERT INTO Meter_reading(value, date, paid, meter_id)
        VALUES (379, '2012-2-21', false, 309);
INSERT INTO Meter_reading(value, date, paid, meter_id)
        VALUES (381, '2012-2-26', false, 309);
INSERT INTO person(person_id, name, surname, paternal_name, registration_date, email, password_hash, is_admin) 
    VALUES (155, 'test155', 'test155', '', '01/01/2012', 'test155', '098f6bcd4621d373cade4e832627b4f6', false);
INSERT INTO dweller VALUES (155);
INSERT INTO flat(flat_id, area, flat_number, balance, cladr_id, building_id)
    VALUES (155, 266, 155, 0, 1, 1);
INSERT INTO dweller_lives_in_flat(person_id, flat_id)
    VALUES (155, 155);
INSERT INTO meter(meter_id, installation_date, type, title, meter_unit_id, active, flat_id)
    VALUES (310, '01/01/2012', 'Water', 'Cold water in kitchen test155', 1, true, 155);
INSERT INTO meter(meter_id, installation_date, type, title, meter_unit_id, active, flat_id)
    VALUES (311, '01/01/2012', 'Electricity', 'Electricity in hall test155', 2, true, 155);
INSERT INTO Meter_reading(value, date, paid, meter_id)
        VALUES (101, '2012-1-12', false, 310);
INSERT INTO Meter_reading(value, date, paid, meter_id)
        VALUES (126, '2012-1-25', false, 310);
INSERT INTO Meter_reading(value, date, paid, meter_id)
        VALUES (143, '2012-2-7', false, 310);
INSERT INTO Meter_reading(value, date, paid, meter_id)
        VALUES (151, '2012-2-13', false, 310);
INSERT INTO Meter_reading(value, date, paid, meter_id)
        VALUES (156, '2012-2-22', false, 310);
INSERT INTO Meter_reading(value, date, paid, meter_id)
        VALUES (166, '2012-2-25', false, 310);
INSERT INTO Meter_reading(value, date, paid, meter_id)
        VALUES (358, '2012-1-15', false, 311);
INSERT INTO Meter_reading(value, date, paid, meter_id)
        VALUES (431, '2012-1-18', false, 311);
INSERT INTO Meter_reading(value, date, paid, meter_id)
        VALUES (451, '2012-1-27', false, 311);
INSERT INTO Meter_reading(value, date, paid, meter_id)
        VALUES (507, '2012-2-2', false, 311);
INSERT INTO Meter_reading(value, date, paid, meter_id)
        VALUES (573, '2012-2-10', false, 311);
INSERT INTO Meter_reading(value, date, paid, meter_id)
        VALUES (621, '2012-2-24', false, 311);
INSERT INTO Meter_reading(value, date, paid, meter_id)
        VALUES (686, '2012-3-7', false, 311);
INSERT INTO Meter_reading(value, date, paid, meter_id)
        VALUES (709, '2012-3-15', false, 311);
INSERT INTO Meter_reading(value, date, paid, meter_id)
        VALUES (723, '2012-3-21', false, 311);
INSERT INTO Meter_reading(value, date, paid, meter_id)
        VALUES (772, '2012-3-27', false, 311);
INSERT INTO Meter_reading(value, date, paid, meter_id)
        VALUES (793, '2012-4-2', false, 311);
INSERT INTO Meter_reading(value, date, paid, meter_id)
        VALUES (851, '2012-4-14', false, 311);
INSERT INTO person(person_id, name, surname, paternal_name, registration_date, email, password_hash, is_admin) 
    VALUES (156, 'test156', 'test156', '', '01/01/2012', 'test156', '098f6bcd4621d373cade4e832627b4f6', false);
INSERT INTO dweller VALUES (156);
INSERT INTO flat(flat_id, area, flat_number, balance, cladr_id, building_id)
    VALUES (156, 300, 156, 0, 1, 1);
INSERT INTO dweller_lives_in_flat(person_id, flat_id)
    VALUES (156, 156);
INSERT INTO meter(meter_id, installation_date, type, title, meter_unit_id, active, flat_id)
    VALUES (312, '01/01/2012', 'Water', 'Cold water in kitchen test156', 1, true, 156);
INSERT INTO meter(meter_id, installation_date, type, title, meter_unit_id, active, flat_id)
    VALUES (313, '01/01/2012', 'Electricity', 'Electricity in hall test156', 2, true, 156);
INSERT INTO Meter_reading(value, date, paid, meter_id)
        VALUES (91, '2012-1-9', false, 312);
INSERT INTO Meter_reading(value, date, paid, meter_id)
        VALUES (109, '2012-1-15', false, 312);
INSERT INTO Meter_reading(value, date, paid, meter_id)
        VALUES (120, '2012-1-24', false, 312);
INSERT INTO Meter_reading(value, date, paid, meter_id)
        VALUES (139, '2012-2-3', false, 312);
INSERT INTO Meter_reading(value, date, paid, meter_id)
        VALUES (162, '2012-2-7', false, 312);
INSERT INTO Meter_reading(value, date, paid, meter_id)
        VALUES (182, '2012-2-15', false, 312);
INSERT INTO Meter_reading(value, date, paid, meter_id)
        VALUES (201, '2012-2-17', false, 312);
INSERT INTO Meter_reading(value, date, paid, meter_id)
        VALUES (210, '2012-1-11', false, 313);
INSERT INTO Meter_reading(value, date, paid, meter_id)
        VALUES (212, '2012-1-17', false, 313);
INSERT INTO Meter_reading(value, date, paid, meter_id)
        VALUES (222, '2012-1-20', false, 313);
INSERT INTO Meter_reading(value, date, paid, meter_id)
        VALUES (228, '2012-2-7', false, 313);
INSERT INTO Meter_reading(value, date, paid, meter_id)
        VALUES (233, '2012-2-9', false, 313);
INSERT INTO person(person_id, name, surname, paternal_name, registration_date, email, password_hash, is_admin) 
    VALUES (157, 'test157', 'test157', '', '01/01/2012', 'test157', '098f6bcd4621d373cade4e832627b4f6', false);
INSERT INTO dweller VALUES (157);
INSERT INTO flat(flat_id, area, flat_number, balance, cladr_id, building_id)
    VALUES (157, 303, 157, 0, 1, 1);
INSERT INTO dweller_lives_in_flat(person_id, flat_id)
    VALUES (157, 157);
INSERT INTO meter(meter_id, installation_date, type, title, meter_unit_id, active, flat_id)
    VALUES (314, '01/01/2012', 'Water', 'Cold water in kitchen test157', 1, true, 157);
INSERT INTO meter(meter_id, installation_date, type, title, meter_unit_id, active, flat_id)
    VALUES (315, '01/01/2012', 'Electricity', 'Electricity in hall test157', 2, true, 157);
INSERT INTO Meter_reading(value, date, paid, meter_id)
        VALUES (23, '2012-1-3', false, 314);
INSERT INTO Meter_reading(value, date, paid, meter_id)
        VALUES (48, '2012-1-7', false, 314);
INSERT INTO Meter_reading(value, date, paid, meter_id)
        VALUES (55, '2012-1-18', false, 314);
INSERT INTO Meter_reading(value, date, paid, meter_id)
        VALUES (84, '2012-2-2', false, 314);
INSERT INTO Meter_reading(value, date, paid, meter_id)
        VALUES (113, '2012-2-8', false, 314);
INSERT INTO Meter_reading(value, date, paid, meter_id)
        VALUES (120, '2012-2-22', false, 314);
INSERT INTO Meter_reading(value, date, paid, meter_id)
        VALUES (123, '2012-3-5', false, 314);
INSERT INTO Meter_reading(value, date, paid, meter_id)
        VALUES (126, '2012-3-13', false, 314);
INSERT INTO Meter_reading(value, date, paid, meter_id)
        VALUES (135, '2012-3-17', false, 314);
INSERT INTO Meter_reading(value, date, paid, meter_id)
        VALUES (164, '2012-3-20', false, 314);
INSERT INTO Meter_reading(value, date, paid, meter_id)
        VALUES (177, '2012-4-2', false, 314);
INSERT INTO Meter_reading(value, date, paid, meter_id)
        VALUES (193, '2012-4-13', false, 314);
INSERT INTO Meter_reading(value, date, paid, meter_id)
        VALUES (263, '2012-1-13', false, 315);
INSERT INTO Meter_reading(value, date, paid, meter_id)
        VALUES (289, '2012-1-21', false, 315);
INSERT INTO Meter_reading(value, date, paid, meter_id)
        VALUES (292, '2012-2-7', false, 315);
INSERT INTO Meter_reading(value, date, paid, meter_id)
        VALUES (309, '2012-2-9', false, 315);
INSERT INTO Meter_reading(value, date, paid, meter_id)
        VALUES (333, '2012-2-23', false, 315);
INSERT INTO Meter_reading(value, date, paid, meter_id)
        VALUES (361, '2012-3-10', false, 315);
INSERT INTO Meter_reading(value, date, paid, meter_id)
        VALUES (387, '2012-3-16', false, 315);
INSERT INTO Meter_reading(value, date, paid, meter_id)
        VALUES (403, '2012-3-22', false, 315);
INSERT INTO Meter_reading(value, date, paid, meter_id)
        VALUES (404, '2012-3-27', false, 315);
INSERT INTO Meter_reading(value, date, paid, meter_id)
        VALUES (419, '2012-4-9', false, 315);
INSERT INTO person(person_id, name, surname, paternal_name, registration_date, email, password_hash, is_admin) 
    VALUES (158, 'test158', 'test158', '', '01/01/2012', 'test158', '098f6bcd4621d373cade4e832627b4f6', false);
INSERT INTO dweller VALUES (158);
INSERT INTO flat(flat_id, area, flat_number, balance, cladr_id, building_id)
    VALUES (158, 296, 158, 0, 1, 1);
INSERT INTO dweller_lives_in_flat(person_id, flat_id)
    VALUES (158, 158);
INSERT INTO meter(meter_id, installation_date, type, title, meter_unit_id, active, flat_id)
    VALUES (316, '01/01/2012', 'Water', 'Cold water in kitchen test158', 1, true, 158);
INSERT INTO meter(meter_id, installation_date, type, title, meter_unit_id, active, flat_id)
    VALUES (317, '01/01/2012', 'Electricity', 'Electricity in hall test158', 2, true, 158);
INSERT INTO Meter_reading(value, date, paid, meter_id)
        VALUES (233, '2012-1-16', false, 316);
INSERT INTO Meter_reading(value, date, paid, meter_id)
        VALUES (293, '2012-1-17', false, 316);
INSERT INTO Meter_reading(value, date, paid, meter_id)
        VALUES (376, '2012-1-26', false, 316);
INSERT INTO Meter_reading(value, date, paid, meter_id)
        VALUES (449, '2012-2-13', false, 316);
INSERT INTO Meter_reading(value, date, paid, meter_id)
        VALUES (498, '2012-2-23', false, 316);
INSERT INTO Meter_reading(value, date, paid, meter_id)
        VALUES (552, '2012-2-25', false, 316);
INSERT INTO Meter_reading(value, date, paid, meter_id)
        VALUES (632, '2012-3-6', false, 316);
INSERT INTO Meter_reading(value, date, paid, meter_id)
        VALUES (655, '2012-3-16', false, 316);
INSERT INTO Meter_reading(value, date, paid, meter_id)
        VALUES (246, '2012-1-11', false, 317);
INSERT INTO Meter_reading(value, date, paid, meter_id)
        VALUES (269, '2012-1-16', false, 317);
INSERT INTO Meter_reading(value, date, paid, meter_id)
        VALUES (284, '2012-1-22', false, 317);
INSERT INTO Meter_reading(value, date, paid, meter_id)
        VALUES (298, '2012-2-9', false, 317);
INSERT INTO Meter_reading(value, date, paid, meter_id)
        VALUES (299, '2012-2-23', false, 317);
INSERT INTO Meter_reading(value, date, paid, meter_id)
        VALUES (313, '2012-3-5', false, 317);
INSERT INTO Meter_reading(value, date, paid, meter_id)
        VALUES (323, '2012-3-8', false, 317);
INSERT INTO Meter_reading(value, date, paid, meter_id)
        VALUES (348, '2012-3-20', false, 317);
INSERT INTO Meter_reading(value, date, paid, meter_id)
        VALUES (376, '2012-4-5', false, 317);
INSERT INTO Meter_reading(value, date, paid, meter_id)
        VALUES (384, '2012-4-7', false, 317);
INSERT INTO Meter_reading(value, date, paid, meter_id)
        VALUES (393, '2012-4-18', false, 317);
INSERT INTO Meter_reading(value, date, paid, meter_id)
        VALUES (420, '2012-5-5', false, 317);
INSERT INTO person(person_id, name, surname, paternal_name, registration_date, email, password_hash, is_admin) 
    VALUES (159, 'test159', 'test159', '', '01/01/2012', 'test159', '098f6bcd4621d373cade4e832627b4f6', false);
INSERT INTO dweller VALUES (159);
INSERT INTO flat(flat_id, area, flat_number, balance, cladr_id, building_id)
    VALUES (159, 265, 159, 0, 1, 1);
INSERT INTO dweller_lives_in_flat(person_id, flat_id)
    VALUES (159, 159);
INSERT INTO meter(meter_id, installation_date, type, title, meter_unit_id, active, flat_id)
    VALUES (318, '01/01/2012', 'Water', 'Cold water in kitchen test159', 1, true, 159);
INSERT INTO meter(meter_id, installation_date, type, title, meter_unit_id, active, flat_id)
    VALUES (319, '01/01/2012', 'Electricity', 'Electricity in hall test159', 2, true, 159);
INSERT INTO Meter_reading(value, date, paid, meter_id)
        VALUES (127, '2012-1-16', false, 318);
INSERT INTO Meter_reading(value, date, paid, meter_id)
        VALUES (192, '2012-2-1', false, 318);
INSERT INTO Meter_reading(value, date, paid, meter_id)
        VALUES (270, '2012-2-14', false, 318);
INSERT INTO Meter_reading(value, date, paid, meter_id)
        VALUES (273, '2012-2-20', false, 318);
INSERT INTO Meter_reading(value, date, paid, meter_id)
        VALUES (284, '2012-2-23', false, 318);
INSERT INTO Meter_reading(value, date, paid, meter_id)
        VALUES (336, '2012-3-7', false, 318);
INSERT INTO Meter_reading(value, date, paid, meter_id)
        VALUES (372, '2012-3-17', false, 318);
INSERT INTO Meter_reading(value, date, paid, meter_id)
        VALUES (384, '2012-3-23', false, 318);
INSERT INTO Meter_reading(value, date, paid, meter_id)
        VALUES (394, '2012-3-25', false, 318);
INSERT INTO Meter_reading(value, date, paid, meter_id)
        VALUES (462, '2012-4-1', false, 318);
INSERT INTO Meter_reading(value, date, paid, meter_id)
        VALUES (545, '2012-4-10', false, 318);
INSERT INTO Meter_reading(value, date, paid, meter_id)
        VALUES (624, '2012-4-22', false, 318);
INSERT INTO Meter_reading(value, date, paid, meter_id)
        VALUES (667, '2012-4-27', false, 318);
INSERT INTO Meter_reading(value, date, paid, meter_id)
        VALUES (727, '2012-5-7', false, 318);
INSERT INTO Meter_reading(value, date, paid, meter_id)
        VALUES (268, '2012-1-6', false, 319);
INSERT INTO Meter_reading(value, date, paid, meter_id)
        VALUES (281, '2012-1-13', false, 319);
INSERT INTO Meter_reading(value, date, paid, meter_id)
        VALUES (310, '2012-1-16', false, 319);
INSERT INTO Meter_reading(value, date, paid, meter_id)
        VALUES (321, '2012-1-20', false, 319);
INSERT INTO Meter_reading(value, date, paid, meter_id)
        VALUES (332, '2012-1-27', false, 319);
INSERT INTO Meter_reading(value, date, paid, meter_id)
        VALUES (358, '2012-2-4', false, 319);
INSERT INTO Meter_reading(value, date, paid, meter_id)
        VALUES (367, '2012-2-14', false, 319);
INSERT INTO Meter_reading(value, date, paid, meter_id)
        VALUES (379, '2012-3-1', false, 319);
INSERT INTO Meter_reading(value, date, paid, meter_id)
        VALUES (382, '2012-3-12', false, 319);
INSERT INTO Meter_reading(value, date, paid, meter_id)
        VALUES (395, '2012-3-26', false, 319);
INSERT INTO Meter_reading(value, date, paid, meter_id)
        VALUES (421, '2012-4-5', false, 319);
INSERT INTO person(person_id, name, surname, paternal_name, registration_date, email, password_hash, is_admin) 
    VALUES (160, 'test160', 'test160', '', '01/01/2012', 'test160', '098f6bcd4621d373cade4e832627b4f6', false);
INSERT INTO dweller VALUES (160);
INSERT INTO flat(flat_id, area, flat_number, balance, cladr_id, building_id)
    VALUES (160, 247, 160, 0, 1, 1);
INSERT INTO dweller_lives_in_flat(person_id, flat_id)
    VALUES (160, 160);
INSERT INTO meter(meter_id, installation_date, type, title, meter_unit_id, active, flat_id)
    VALUES (320, '01/01/2012', 'Water', 'Cold water in kitchen test160', 1, true, 160);
INSERT INTO meter(meter_id, installation_date, type, title, meter_unit_id, active, flat_id)
    VALUES (321, '01/01/2012', 'Electricity', 'Electricity in hall test160', 2, true, 160);
INSERT INTO Meter_reading(value, date, paid, meter_id)
        VALUES (74, '2012-1-16', false, 320);
INSERT INTO Meter_reading(value, date, paid, meter_id)
        VALUES (78, '2012-2-2', false, 320);
INSERT INTO Meter_reading(value, date, paid, meter_id)
        VALUES (89, '2012-2-10', false, 320);
INSERT INTO Meter_reading(value, date, paid, meter_id)
        VALUES (100, '2012-2-21', false, 320);
INSERT INTO Meter_reading(value, date, paid, meter_id)
        VALUES (147, '2012-2-23', false, 320);
INSERT INTO Meter_reading(value, date, paid, meter_id)
        VALUES (195, '2012-2-27', false, 320);
INSERT INTO Meter_reading(value, date, paid, meter_id)
        VALUES (217, '2012-3-8', false, 320);
INSERT INTO Meter_reading(value, date, paid, meter_id)
        VALUES (150, '2012-1-9', false, 321);
INSERT INTO Meter_reading(value, date, paid, meter_id)
        VALUES (167, '2012-1-10', false, 321);
INSERT INTO Meter_reading(value, date, paid, meter_id)
        VALUES (183, '2012-1-17', false, 321);
INSERT INTO Meter_reading(value, date, paid, meter_id)
        VALUES (193, '2012-2-4', false, 321);
INSERT INTO Meter_reading(value, date, paid, meter_id)
        VALUES (203, '2012-2-8', false, 321);
INSERT INTO Meter_reading(value, date, paid, meter_id)
        VALUES (205, '2012-2-16', false, 321);
INSERT INTO Meter_reading(value, date, paid, meter_id)
        VALUES (208, '2012-3-1', false, 321);
INSERT INTO Meter_reading(value, date, paid, meter_id)
        VALUES (214, '2012-3-4', false, 321);
INSERT INTO Meter_reading(value, date, paid, meter_id)
        VALUES (231, '2012-3-10', false, 321);
INSERT INTO Meter_reading(value, date, paid, meter_id)
        VALUES (243, '2012-3-13', false, 321);
INSERT INTO person(person_id, name, surname, paternal_name, registration_date, email, password_hash, is_admin) 
    VALUES (161, 'test161', 'test161', '', '01/01/2012', 'test161', '098f6bcd4621d373cade4e832627b4f6', false);
INSERT INTO dweller VALUES (161);
INSERT INTO flat(flat_id, area, flat_number, balance, cladr_id, building_id)
    VALUES (161, 269, 161, 0, 1, 1);
INSERT INTO dweller_lives_in_flat(person_id, flat_id)
    VALUES (161, 161);
INSERT INTO meter(meter_id, installation_date, type, title, meter_unit_id, active, flat_id)
    VALUES (322, '01/01/2012', 'Water', 'Cold water in kitchen test161', 1, true, 161);
INSERT INTO meter(meter_id, installation_date, type, title, meter_unit_id, active, flat_id)
    VALUES (323, '01/01/2012', 'Electricity', 'Electricity in hall test161', 2, true, 161);
INSERT INTO Meter_reading(value, date, paid, meter_id)
        VALUES (127, '2012-1-13', false, 322);
INSERT INTO Meter_reading(value, date, paid, meter_id)
        VALUES (142, '2012-1-26', false, 322);
INSERT INTO Meter_reading(value, date, paid, meter_id)
        VALUES (148, '2012-1-27', false, 322);
INSERT INTO Meter_reading(value, date, paid, meter_id)
        VALUES (156, '2012-2-8', false, 322);
INSERT INTO Meter_reading(value, date, paid, meter_id)
        VALUES (161, '2012-2-17', false, 322);
INSERT INTO Meter_reading(value, date, paid, meter_id)
        VALUES (164, '2012-3-3', false, 322);
INSERT INTO Meter_reading(value, date, paid, meter_id)
        VALUES (176, '2012-3-5', false, 322);
INSERT INTO Meter_reading(value, date, paid, meter_id)
        VALUES (180, '2012-3-10', false, 322);
INSERT INTO Meter_reading(value, date, paid, meter_id)
        VALUES (308, '2012-1-13', false, 323);
INSERT INTO Meter_reading(value, date, paid, meter_id)
        VALUES (336, '2012-1-27', false, 323);
INSERT INTO Meter_reading(value, date, paid, meter_id)
        VALUES (391, '2012-2-10', false, 323);
INSERT INTO Meter_reading(value, date, paid, meter_id)
        VALUES (426, '2012-2-23', false, 323);
INSERT INTO Meter_reading(value, date, paid, meter_id)
        VALUES (463, '2012-3-7', false, 323);
INSERT INTO Meter_reading(value, date, paid, meter_id)
        VALUES (494, '2012-3-10', false, 323);
INSERT INTO Meter_reading(value, date, paid, meter_id)
        VALUES (532, '2012-3-24', false, 323);
INSERT INTO Meter_reading(value, date, paid, meter_id)
        VALUES (588, '2012-4-7', false, 323);
INSERT INTO Meter_reading(value, date, paid, meter_id)
        VALUES (609, '2012-4-11', false, 323);
INSERT INTO Meter_reading(value, date, paid, meter_id)
        VALUES (642, '2012-4-20', false, 323);
INSERT INTO Meter_reading(value, date, paid, meter_id)
        VALUES (657, '2012-4-27', false, 323);
INSERT INTO Meter_reading(value, date, paid, meter_id)
        VALUES (705, '2012-5-14', false, 323);
INSERT INTO Meter_reading(value, date, paid, meter_id)
        VALUES (740, '2012-5-24', false, 323);
INSERT INTO person(person_id, name, surname, paternal_name, registration_date, email, password_hash, is_admin) 
    VALUES (162, 'test162', 'test162', '', '01/01/2012', 'test162', '098f6bcd4621d373cade4e832627b4f6', false);
INSERT INTO dweller VALUES (162);
INSERT INTO flat(flat_id, area, flat_number, balance, cladr_id, building_id)
    VALUES (162, 290, 162, 0, 1, 1);
INSERT INTO dweller_lives_in_flat(person_id, flat_id)
    VALUES (162, 162);
INSERT INTO meter(meter_id, installation_date, type, title, meter_unit_id, active, flat_id)
    VALUES (324, '01/01/2012', 'Water', 'Cold water in kitchen test162', 1, true, 162);
INSERT INTO meter(meter_id, installation_date, type, title, meter_unit_id, active, flat_id)
    VALUES (325, '01/01/2012', 'Electricity', 'Electricity in hall test162', 2, true, 162);
INSERT INTO Meter_reading(value, date, paid, meter_id)
        VALUES (229, '2012-1-6', false, 324);
INSERT INTO Meter_reading(value, date, paid, meter_id)
        VALUES (232, '2012-1-13', false, 324);
INSERT INTO Meter_reading(value, date, paid, meter_id)
        VALUES (253, '2012-1-16', false, 324);
INSERT INTO Meter_reading(value, date, paid, meter_id)
        VALUES (266, '2012-1-24', false, 324);
INSERT INTO Meter_reading(value, date, paid, meter_id)
        VALUES (289, '2012-2-1', false, 324);
INSERT INTO Meter_reading(value, date, paid, meter_id)
        VALUES (293, '2012-2-3', false, 324);
INSERT INTO Meter_reading(value, date, paid, meter_id)
        VALUES (329, '2012-2-16', false, 324);
INSERT INTO Meter_reading(value, date, paid, meter_id)
        VALUES (332, '2012-2-25', false, 324);
INSERT INTO Meter_reading(value, date, paid, meter_id)
        VALUES (350, '2012-3-10', false, 324);
INSERT INTO Meter_reading(value, date, paid, meter_id)
        VALUES (353, '2012-3-16', false, 324);
INSERT INTO Meter_reading(value, date, paid, meter_id)
        VALUES (378, '2012-3-22', false, 324);
INSERT INTO Meter_reading(value, date, paid, meter_id)
        VALUES (399, '2012-4-6', false, 324);
INSERT INTO Meter_reading(value, date, paid, meter_id)
        VALUES (431, '2012-4-7', false, 324);
INSERT INTO Meter_reading(value, date, paid, meter_id)
        VALUES (303, '2012-1-13', false, 325);
INSERT INTO Meter_reading(value, date, paid, meter_id)
        VALUES (331, '2012-1-23', false, 325);
INSERT INTO Meter_reading(value, date, paid, meter_id)
        VALUES (358, '2012-1-25', false, 325);
INSERT INTO Meter_reading(value, date, paid, meter_id)
        VALUES (373, '2012-2-12', false, 325);
INSERT INTO Meter_reading(value, date, paid, meter_id)
        VALUES (406, '2012-2-14', false, 325);
INSERT INTO Meter_reading(value, date, paid, meter_id)
        VALUES (433, '2012-3-1', false, 325);
INSERT INTO Meter_reading(value, date, paid, meter_id)
        VALUES (444, '2012-3-7', false, 325);
INSERT INTO Meter_reading(value, date, paid, meter_id)
        VALUES (451, '2012-3-10', false, 325);
INSERT INTO Meter_reading(value, date, paid, meter_id)
        VALUES (480, '2012-3-19', false, 325);
INSERT INTO Meter_reading(value, date, paid, meter_id)
        VALUES (539, '2012-3-26', false, 325);
INSERT INTO Meter_reading(value, date, paid, meter_id)
        VALUES (563, '2012-4-13', false, 325);
INSERT INTO Meter_reading(value, date, paid, meter_id)
        VALUES (612, '2012-4-18', false, 325);
INSERT INTO Meter_reading(value, date, paid, meter_id)
        VALUES (637, '2012-4-26', false, 325);
INSERT INTO Meter_reading(value, date, paid, meter_id)
        VALUES (707, '2012-5-5', false, 325);
INSERT INTO person(person_id, name, surname, paternal_name, registration_date, email, password_hash, is_admin) 
    VALUES (163, 'test163', 'test163', '', '01/01/2012', 'test163', '098f6bcd4621d373cade4e832627b4f6', false);
INSERT INTO dweller VALUES (163);
INSERT INTO flat(flat_id, area, flat_number, balance, cladr_id, building_id)
    VALUES (163, 114, 163, 0, 1, 1);
INSERT INTO dweller_lives_in_flat(person_id, flat_id)
    VALUES (163, 163);
INSERT INTO meter(meter_id, installation_date, type, title, meter_unit_id, active, flat_id)
    VALUES (326, '01/01/2012', 'Water', 'Cold water in kitchen test163', 1, true, 163);
INSERT INTO meter(meter_id, installation_date, type, title, meter_unit_id, active, flat_id)
    VALUES (327, '01/01/2012', 'Electricity', 'Electricity in hall test163', 2, true, 163);
INSERT INTO Meter_reading(value, date, paid, meter_id)
        VALUES (267, '2012-1-5', false, 326);
INSERT INTO Meter_reading(value, date, paid, meter_id)
        VALUES (277, '2012-1-8', false, 326);
INSERT INTO Meter_reading(value, date, paid, meter_id)
        VALUES (302, '2012-1-10', false, 326);
INSERT INTO Meter_reading(value, date, paid, meter_id)
        VALUES (324, '2012-1-23', false, 326);
INSERT INTO Meter_reading(value, date, paid, meter_id)
        VALUES (345, '2012-2-2', false, 326);
INSERT INTO Meter_reading(value, date, paid, meter_id)
        VALUES (349, '2012-2-10', false, 326);
INSERT INTO Meter_reading(value, date, paid, meter_id)
        VALUES (369, '2012-2-18', false, 326);
INSERT INTO Meter_reading(value, date, paid, meter_id)
        VALUES (393, '2012-3-5', false, 326);
INSERT INTO Meter_reading(value, date, paid, meter_id)
        VALUES (420, '2012-3-9', false, 326);
INSERT INTO Meter_reading(value, date, paid, meter_id)
        VALUES (212, '2012-1-10', false, 327);
INSERT INTO Meter_reading(value, date, paid, meter_id)
        VALUES (231, '2012-1-24', false, 327);
INSERT INTO Meter_reading(value, date, paid, meter_id)
        VALUES (272, '2012-1-26', false, 327);
INSERT INTO Meter_reading(value, date, paid, meter_id)
        VALUES (274, '2012-2-1', false, 327);
INSERT INTO Meter_reading(value, date, paid, meter_id)
        VALUES (276, '2012-2-11', false, 327);
INSERT INTO Meter_reading(value, date, paid, meter_id)
        VALUES (281, '2012-2-24', false, 327);
INSERT INTO person(person_id, name, surname, paternal_name, registration_date, email, password_hash, is_admin) 
    VALUES (164, 'test164', 'test164', '', '01/01/2012', 'test164', '098f6bcd4621d373cade4e832627b4f6', false);
INSERT INTO dweller VALUES (164);
INSERT INTO flat(flat_id, area, flat_number, balance, cladr_id, building_id)
    VALUES (164, 313, 164, 0, 1, 1);
INSERT INTO dweller_lives_in_flat(person_id, flat_id)
    VALUES (164, 164);
INSERT INTO meter(meter_id, installation_date, type, title, meter_unit_id, active, flat_id)
    VALUES (328, '01/01/2012', 'Water', 'Cold water in kitchen test164', 1, true, 164);
INSERT INTO meter(meter_id, installation_date, type, title, meter_unit_id, active, flat_id)
    VALUES (329, '01/01/2012', 'Electricity', 'Electricity in hall test164', 2, true, 164);
INSERT INTO Meter_reading(value, date, paid, meter_id)
        VALUES (308, '2012-1-8', false, 328);
INSERT INTO Meter_reading(value, date, paid, meter_id)
        VALUES (366, '2012-1-21', false, 328);
INSERT INTO Meter_reading(value, date, paid, meter_id)
        VALUES (440, '2012-1-26', false, 328);
INSERT INTO Meter_reading(value, date, paid, meter_id)
        VALUES (507, '2012-2-11', false, 328);
INSERT INTO Meter_reading(value, date, paid, meter_id)
        VALUES (530, '2012-2-18', false, 328);
INSERT INTO Meter_reading(value, date, paid, meter_id)
        VALUES (548, '2012-3-4', false, 328);
INSERT INTO Meter_reading(value, date, paid, meter_id)
        VALUES (304, '2012-1-7', false, 329);
INSERT INTO Meter_reading(value, date, paid, meter_id)
        VALUES (312, '2012-1-13', false, 329);
INSERT INTO Meter_reading(value, date, paid, meter_id)
        VALUES (339, '2012-1-24', false, 329);
INSERT INTO Meter_reading(value, date, paid, meter_id)
        VALUES (340, '2012-2-8', false, 329);
INSERT INTO Meter_reading(value, date, paid, meter_id)
        VALUES (364, '2012-2-12', false, 329);
INSERT INTO Meter_reading(value, date, paid, meter_id)
        VALUES (369, '2012-2-17', false, 329);
INSERT INTO Meter_reading(value, date, paid, meter_id)
        VALUES (384, '2012-3-1', false, 329);
INSERT INTO Meter_reading(value, date, paid, meter_id)
        VALUES (400, '2012-3-5', false, 329);
INSERT INTO Meter_reading(value, date, paid, meter_id)
        VALUES (415, '2012-3-9', false, 329);
INSERT INTO Meter_reading(value, date, paid, meter_id)
        VALUES (443, '2012-3-17', false, 329);
INSERT INTO Meter_reading(value, date, paid, meter_id)
        VALUES (472, '2012-4-1', false, 329);
INSERT INTO Meter_reading(value, date, paid, meter_id)
        VALUES (483, '2012-4-12', false, 329);
INSERT INTO Meter_reading(value, date, paid, meter_id)
        VALUES (498, '2012-4-15', false, 329);
INSERT INTO person(person_id, name, surname, paternal_name, registration_date, email, password_hash, is_admin) 
    VALUES (165, 'test165', 'test165', '', '01/01/2012', 'test165', '098f6bcd4621d373cade4e832627b4f6', false);
INSERT INTO dweller VALUES (165);
INSERT INTO flat(flat_id, area, flat_number, balance, cladr_id, building_id)
    VALUES (165, 230, 165, 0, 1, 1);
INSERT INTO dweller_lives_in_flat(person_id, flat_id)
    VALUES (165, 165);
INSERT INTO meter(meter_id, installation_date, type, title, meter_unit_id, active, flat_id)
    VALUES (330, '01/01/2012', 'Water', 'Cold water in kitchen test165', 1, true, 165);
INSERT INTO meter(meter_id, installation_date, type, title, meter_unit_id, active, flat_id)
    VALUES (331, '01/01/2012', 'Electricity', 'Electricity in hall test165', 2, true, 165);
INSERT INTO Meter_reading(value, date, paid, meter_id)
        VALUES (136, '2012-1-15', false, 330);
INSERT INTO Meter_reading(value, date, paid, meter_id)
        VALUES (155, '2012-1-26', false, 330);
INSERT INTO Meter_reading(value, date, paid, meter_id)
        VALUES (156, '2012-2-8', false, 330);
INSERT INTO Meter_reading(value, date, paid, meter_id)
        VALUES (168, '2012-2-16', false, 330);
INSERT INTO Meter_reading(value, date, paid, meter_id)
        VALUES (172, '2012-2-27', false, 330);
INSERT INTO Meter_reading(value, date, paid, meter_id)
        VALUES (193, '2012-3-5', false, 330);
INSERT INTO Meter_reading(value, date, paid, meter_id)
        VALUES (208, '2012-3-11', false, 330);
INSERT INTO Meter_reading(value, date, paid, meter_id)
        VALUES (207, '2012-1-5', false, 331);
INSERT INTO Meter_reading(value, date, paid, meter_id)
        VALUES (211, '2012-1-13', false, 331);
INSERT INTO Meter_reading(value, date, paid, meter_id)
        VALUES (236, '2012-1-26', false, 331);
INSERT INTO Meter_reading(value, date, paid, meter_id)
        VALUES (251, '2012-2-6', false, 331);
INSERT INTO Meter_reading(value, date, paid, meter_id)
        VALUES (274, '2012-2-12', false, 331);
INSERT INTO Meter_reading(value, date, paid, meter_id)
        VALUES (297, '2012-2-25', false, 331);
INSERT INTO person(person_id, name, surname, paternal_name, registration_date, email, password_hash, is_admin) 
    VALUES (166, 'test166', 'test166', '', '01/01/2012', 'test166', '098f6bcd4621d373cade4e832627b4f6', false);
INSERT INTO dweller VALUES (166);
INSERT INTO flat(flat_id, area, flat_number, balance, cladr_id, building_id)
    VALUES (166, 237, 166, 0, 1, 1);
INSERT INTO dweller_lives_in_flat(person_id, flat_id)
    VALUES (166, 166);
INSERT INTO meter(meter_id, installation_date, type, title, meter_unit_id, active, flat_id)
    VALUES (332, '01/01/2012', 'Water', 'Cold water in kitchen test166', 1, true, 166);
INSERT INTO meter(meter_id, installation_date, type, title, meter_unit_id, active, flat_id)
    VALUES (333, '01/01/2012', 'Electricity', 'Electricity in hall test166', 2, true, 166);
INSERT INTO Meter_reading(value, date, paid, meter_id)
        VALUES (252, '2012-1-4', false, 332);
INSERT INTO Meter_reading(value, date, paid, meter_id)
        VALUES (265, '2012-1-13', false, 332);
INSERT INTO Meter_reading(value, date, paid, meter_id)
        VALUES (270, '2012-1-23', false, 332);
INSERT INTO Meter_reading(value, date, paid, meter_id)
        VALUES (274, '2012-2-9', false, 332);
INSERT INTO Meter_reading(value, date, paid, meter_id)
        VALUES (287, '2012-2-11', false, 332);
INSERT INTO Meter_reading(value, date, paid, meter_id)
        VALUES (294, '2012-2-16', false, 332);
INSERT INTO Meter_reading(value, date, paid, meter_id)
        VALUES (106, '2012-1-10', false, 333);
INSERT INTO Meter_reading(value, date, paid, meter_id)
        VALUES (116, '2012-1-23', false, 333);
INSERT INTO Meter_reading(value, date, paid, meter_id)
        VALUES (130, '2012-2-8', false, 333);
INSERT INTO Meter_reading(value, date, paid, meter_id)
        VALUES (141, '2012-2-20', false, 333);
INSERT INTO Meter_reading(value, date, paid, meter_id)
        VALUES (151, '2012-2-24', false, 333);
INSERT INTO Meter_reading(value, date, paid, meter_id)
        VALUES (168, '2012-3-11', false, 333);
INSERT INTO Meter_reading(value, date, paid, meter_id)
        VALUES (192, '2012-3-16', false, 333);
INSERT INTO person(person_id, name, surname, paternal_name, registration_date, email, password_hash, is_admin) 
    VALUES (167, 'test167', 'test167', '', '01/01/2012', 'test167', '098f6bcd4621d373cade4e832627b4f6', false);
INSERT INTO dweller VALUES (167);
INSERT INTO flat(flat_id, area, flat_number, balance, cladr_id, building_id)
    VALUES (167, 168, 167, 0, 1, 1);
INSERT INTO dweller_lives_in_flat(person_id, flat_id)
    VALUES (167, 167);
INSERT INTO meter(meter_id, installation_date, type, title, meter_unit_id, active, flat_id)
    VALUES (334, '01/01/2012', 'Water', 'Cold water in kitchen test167', 1, true, 167);
INSERT INTO meter(meter_id, installation_date, type, title, meter_unit_id, active, flat_id)
    VALUES (335, '01/01/2012', 'Electricity', 'Electricity in hall test167', 2, true, 167);
INSERT INTO Meter_reading(value, date, paid, meter_id)
        VALUES (41, '2012-1-11', false, 334);
INSERT INTO Meter_reading(value, date, paid, meter_id)
        VALUES (48, '2012-1-15', false, 334);
INSERT INTO Meter_reading(value, date, paid, meter_id)
        VALUES (71, '2012-1-26', false, 334);
INSERT INTO Meter_reading(value, date, paid, meter_id)
        VALUES (94, '2012-2-13', false, 334);
INSERT INTO Meter_reading(value, date, paid, meter_id)
        VALUES (98, '2012-2-25', false, 334);
INSERT INTO Meter_reading(value, date, paid, meter_id)
        VALUES (114, '2012-3-10', false, 334);
INSERT INTO Meter_reading(value, date, paid, meter_id)
        VALUES (136, '2012-3-21', false, 334);
INSERT INTO Meter_reading(value, date, paid, meter_id)
        VALUES (139, '2012-3-26', false, 334);
INSERT INTO Meter_reading(value, date, paid, meter_id)
        VALUES (150, '2012-4-7', false, 334);
INSERT INTO Meter_reading(value, date, paid, meter_id)
        VALUES (166, '2012-4-10', false, 334);
INSERT INTO Meter_reading(value, date, paid, meter_id)
        VALUES (169, '2012-4-24', false, 334);
INSERT INTO Meter_reading(value, date, paid, meter_id)
        VALUES (188, '2012-5-7', false, 334);
INSERT INTO Meter_reading(value, date, paid, meter_id)
        VALUES (216, '2012-5-10', false, 334);
INSERT INTO Meter_reading(value, date, paid, meter_id)
        VALUES (70, '2012-1-12', false, 335);
INSERT INTO Meter_reading(value, date, paid, meter_id)
        VALUES (72, '2012-1-21', false, 335);
INSERT INTO Meter_reading(value, date, paid, meter_id)
        VALUES (76, '2012-2-4', false, 335);
INSERT INTO Meter_reading(value, date, paid, meter_id)
        VALUES (79, '2012-2-7', false, 335);
INSERT INTO Meter_reading(value, date, paid, meter_id)
        VALUES (82, '2012-2-13', false, 335);
INSERT INTO Meter_reading(value, date, paid, meter_id)
        VALUES (85, '2012-2-26', false, 335);
INSERT INTO Meter_reading(value, date, paid, meter_id)
        VALUES (87, '2012-3-8', false, 335);
INSERT INTO Meter_reading(value, date, paid, meter_id)
        VALUES (89, '2012-3-13', false, 335);
INSERT INTO Meter_reading(value, date, paid, meter_id)
        VALUES (93, '2012-3-16', false, 335);
INSERT INTO Meter_reading(value, date, paid, meter_id)
        VALUES (97, '2012-3-26', false, 335);
INSERT INTO Meter_reading(value, date, paid, meter_id)
        VALUES (98, '2012-4-1', false, 335);
INSERT INTO Meter_reading(value, date, paid, meter_id)
        VALUES (101, '2012-4-5', false, 335);
INSERT INTO person(person_id, name, surname, paternal_name, registration_date, email, password_hash, is_admin) 
    VALUES (168, 'test168', 'test168', '', '01/01/2012', 'test168', '098f6bcd4621d373cade4e832627b4f6', false);
INSERT INTO dweller VALUES (168);
INSERT INTO flat(flat_id, area, flat_number, balance, cladr_id, building_id)
    VALUES (168, 270, 168, 0, 1, 1);
INSERT INTO dweller_lives_in_flat(person_id, flat_id)
    VALUES (168, 168);
INSERT INTO meter(meter_id, installation_date, type, title, meter_unit_id, active, flat_id)
    VALUES (336, '01/01/2012', 'Water', 'Cold water in kitchen test168', 1, true, 168);
INSERT INTO meter(meter_id, installation_date, type, title, meter_unit_id, active, flat_id)
    VALUES (337, '01/01/2012', 'Electricity', 'Electricity in hall test168', 2, true, 168);
INSERT INTO Meter_reading(value, date, paid, meter_id)
        VALUES (141, '2012-1-9', false, 336);
INSERT INTO Meter_reading(value, date, paid, meter_id)
        VALUES (149, '2012-1-22', false, 336);
INSERT INTO Meter_reading(value, date, paid, meter_id)
        VALUES (161, '2012-1-23', false, 336);
INSERT INTO Meter_reading(value, date, paid, meter_id)
        VALUES (181, '2012-2-8', false, 336);
INSERT INTO Meter_reading(value, date, paid, meter_id)
        VALUES (206, '2012-2-22', false, 336);
INSERT INTO Meter_reading(value, date, paid, meter_id)
        VALUES (216, '2012-2-24', false, 336);
INSERT INTO Meter_reading(value, date, paid, meter_id)
        VALUES (218, '2012-3-3', false, 336);
INSERT INTO Meter_reading(value, date, paid, meter_id)
        VALUES (221, '2012-3-12', false, 336);
INSERT INTO Meter_reading(value, date, paid, meter_id)
        VALUES (227, '2012-3-23', false, 336);
INSERT INTO Meter_reading(value, date, paid, meter_id)
        VALUES (247, '2012-4-9', false, 336);
INSERT INTO Meter_reading(value, date, paid, meter_id)
        VALUES (267, '2012-4-12', false, 336);
INSERT INTO Meter_reading(value, date, paid, meter_id)
        VALUES (275, '2012-4-19', false, 336);
INSERT INTO Meter_reading(value, date, paid, meter_id)
        VALUES (288, '2012-4-20', false, 336);
INSERT INTO Meter_reading(value, date, paid, meter_id)
        VALUES (118, '2012-1-8', false, 337);
INSERT INTO Meter_reading(value, date, paid, meter_id)
        VALUES (129, '2012-1-10', false, 337);
INSERT INTO Meter_reading(value, date, paid, meter_id)
        VALUES (134, '2012-1-23', false, 337);
INSERT INTO Meter_reading(value, date, paid, meter_id)
        VALUES (138, '2012-1-26', false, 337);
INSERT INTO Meter_reading(value, date, paid, meter_id)
        VALUES (148, '2012-2-10', false, 337);
INSERT INTO Meter_reading(value, date, paid, meter_id)
        VALUES (161, '2012-2-12', false, 337);
INSERT INTO Meter_reading(value, date, paid, meter_id)
        VALUES (176, '2012-2-22', false, 337);
INSERT INTO Meter_reading(value, date, paid, meter_id)
        VALUES (198, '2012-3-6', false, 337);
INSERT INTO Meter_reading(value, date, paid, meter_id)
        VALUES (227, '2012-3-13', false, 337);
INSERT INTO Meter_reading(value, date, paid, meter_id)
        VALUES (254, '2012-3-20', false, 337);
INSERT INTO Meter_reading(value, date, paid, meter_id)
        VALUES (281, '2012-4-2', false, 337);
INSERT INTO person(person_id, name, surname, paternal_name, registration_date, email, password_hash, is_admin) 
    VALUES (169, 'test169', 'test169', '', '01/01/2012', 'test169', '098f6bcd4621d373cade4e832627b4f6', false);
INSERT INTO dweller VALUES (169);
INSERT INTO flat(flat_id, area, flat_number, balance, cladr_id, building_id)
    VALUES (169, 188, 169, 0, 1, 1);
INSERT INTO dweller_lives_in_flat(person_id, flat_id)
    VALUES (169, 169);
INSERT INTO meter(meter_id, installation_date, type, title, meter_unit_id, active, flat_id)
    VALUES (338, '01/01/2012', 'Water', 'Cold water in kitchen test169', 1, true, 169);
INSERT INTO meter(meter_id, installation_date, type, title, meter_unit_id, active, flat_id)
    VALUES (339, '01/01/2012', 'Electricity', 'Electricity in hall test169', 2, true, 169);
INSERT INTO Meter_reading(value, date, paid, meter_id)
        VALUES (217, '2012-1-6', false, 338);
INSERT INTO Meter_reading(value, date, paid, meter_id)
        VALUES (218, '2012-1-12', false, 338);
INSERT INTO Meter_reading(value, date, paid, meter_id)
        VALUES (238, '2012-1-20', false, 338);
INSERT INTO Meter_reading(value, date, paid, meter_id)
        VALUES (256, '2012-2-4', false, 338);
INSERT INTO Meter_reading(value, date, paid, meter_id)
        VALUES (267, '2012-2-16', false, 338);
INSERT INTO Meter_reading(value, date, paid, meter_id)
        VALUES (288, '2012-2-20', false, 338);
INSERT INTO Meter_reading(value, date, paid, meter_id)
        VALUES (291, '2012-2-26', false, 338);
INSERT INTO Meter_reading(value, date, paid, meter_id)
        VALUES (287, '2012-1-14', false, 339);
INSERT INTO Meter_reading(value, date, paid, meter_id)
        VALUES (293, '2012-1-24', false, 339);
INSERT INTO Meter_reading(value, date, paid, meter_id)
        VALUES (306, '2012-1-27', false, 339);
INSERT INTO Meter_reading(value, date, paid, meter_id)
        VALUES (313, '2012-2-2', false, 339);
INSERT INTO Meter_reading(value, date, paid, meter_id)
        VALUES (364, '2012-2-7', false, 339);
INSERT INTO Meter_reading(value, date, paid, meter_id)
        VALUES (382, '2012-2-9', false, 339);
INSERT INTO person(person_id, name, surname, paternal_name, registration_date, email, password_hash, is_admin) 
    VALUES (170, 'test170', 'test170', '', '01/01/2012', 'test170', '098f6bcd4621d373cade4e832627b4f6', false);
INSERT INTO dweller VALUES (170);
INSERT INTO flat(flat_id, area, flat_number, balance, cladr_id, building_id)
    VALUES (170, 216, 170, 0, 1, 1);
INSERT INTO dweller_lives_in_flat(person_id, flat_id)
    VALUES (170, 170);
INSERT INTO meter(meter_id, installation_date, type, title, meter_unit_id, active, flat_id)
    VALUES (340, '01/01/2012', 'Water', 'Cold water in kitchen test170', 1, true, 170);
INSERT INTO meter(meter_id, installation_date, type, title, meter_unit_id, active, flat_id)
    VALUES (341, '01/01/2012', 'Electricity', 'Electricity in hall test170', 2, true, 170);
INSERT INTO Meter_reading(value, date, paid, meter_id)
        VALUES (289, '2012-1-15', false, 340);
INSERT INTO Meter_reading(value, date, paid, meter_id)
        VALUES (312, '2012-1-18', false, 340);
INSERT INTO Meter_reading(value, date, paid, meter_id)
        VALUES (317, '2012-1-22', false, 340);
INSERT INTO Meter_reading(value, date, paid, meter_id)
        VALUES (360, '2012-1-25', false, 340);
INSERT INTO Meter_reading(value, date, paid, meter_id)
        VALUES (371, '2012-2-6', false, 340);
INSERT INTO Meter_reading(value, date, paid, meter_id)
        VALUES (404, '2012-2-19', false, 340);
INSERT INTO Meter_reading(value, date, paid, meter_id)
        VALUES (155, '2012-1-15', false, 341);
INSERT INTO Meter_reading(value, date, paid, meter_id)
        VALUES (164, '2012-2-2', false, 341);
INSERT INTO Meter_reading(value, date, paid, meter_id)
        VALUES (170, '2012-2-14', false, 341);
INSERT INTO Meter_reading(value, date, paid, meter_id)
        VALUES (187, '2012-2-15', false, 341);
INSERT INTO Meter_reading(value, date, paid, meter_id)
        VALUES (245, '2012-2-19', false, 341);
INSERT INTO person(person_id, name, surname, paternal_name, registration_date, email, password_hash, is_admin) 
    VALUES (171, 'test171', 'test171', '', '01/01/2012', 'test171', '098f6bcd4621d373cade4e832627b4f6', false);
INSERT INTO dweller VALUES (171);
INSERT INTO flat(flat_id, area, flat_number, balance, cladr_id, building_id)
    VALUES (171, 261, 171, 0, 1, 1);
INSERT INTO dweller_lives_in_flat(person_id, flat_id)
    VALUES (171, 171);
INSERT INTO meter(meter_id, installation_date, type, title, meter_unit_id, active, flat_id)
    VALUES (342, '01/01/2012', 'Water', 'Cold water in kitchen test171', 1, true, 171);
INSERT INTO meter(meter_id, installation_date, type, title, meter_unit_id, active, flat_id)
    VALUES (343, '01/01/2012', 'Electricity', 'Electricity in hall test171', 2, true, 171);
INSERT INTO Meter_reading(value, date, paid, meter_id)
        VALUES (286, '2012-1-7', false, 342);
INSERT INTO Meter_reading(value, date, paid, meter_id)
        VALUES (295, '2012-1-19', false, 342);
INSERT INTO Meter_reading(value, date, paid, meter_id)
        VALUES (305, '2012-2-6', false, 342);
INSERT INTO Meter_reading(value, date, paid, meter_id)
        VALUES (322, '2012-2-9', false, 342);
INSERT INTO Meter_reading(value, date, paid, meter_id)
        VALUES (342, '2012-2-10', false, 342);
INSERT INTO Meter_reading(value, date, paid, meter_id)
        VALUES (346, '2012-2-23', false, 342);
INSERT INTO Meter_reading(value, date, paid, meter_id)
        VALUES (312, '2012-1-16', false, 343);
INSERT INTO Meter_reading(value, date, paid, meter_id)
        VALUES (319, '2012-2-1', false, 343);
INSERT INTO Meter_reading(value, date, paid, meter_id)
        VALUES (345, '2012-2-3', false, 343);
INSERT INTO Meter_reading(value, date, paid, meter_id)
        VALUES (385, '2012-2-11', false, 343);
INSERT INTO Meter_reading(value, date, paid, meter_id)
        VALUES (431, '2012-2-15', false, 343);
INSERT INTO Meter_reading(value, date, paid, meter_id)
        VALUES (490, '2012-2-21', false, 343);
INSERT INTO Meter_reading(value, date, paid, meter_id)
        VALUES (512, '2012-2-22', false, 343);
INSERT INTO Meter_reading(value, date, paid, meter_id)
        VALUES (566, '2012-2-26', false, 343);
INSERT INTO Meter_reading(value, date, paid, meter_id)
        VALUES (597, '2012-3-10', false, 343);
INSERT INTO person(person_id, name, surname, paternal_name, registration_date, email, password_hash, is_admin) 
    VALUES (172, 'test172', 'test172', '', '01/01/2012', 'test172', '098f6bcd4621d373cade4e832627b4f6', false);
INSERT INTO dweller VALUES (172);
INSERT INTO flat(flat_id, area, flat_number, balance, cladr_id, building_id)
    VALUES (172, 74, 172, 0, 1, 1);
INSERT INTO dweller_lives_in_flat(person_id, flat_id)
    VALUES (172, 172);
INSERT INTO meter(meter_id, installation_date, type, title, meter_unit_id, active, flat_id)
    VALUES (344, '01/01/2012', 'Water', 'Cold water in kitchen test172', 1, true, 172);
INSERT INTO meter(meter_id, installation_date, type, title, meter_unit_id, active, flat_id)
    VALUES (345, '01/01/2012', 'Electricity', 'Electricity in hall test172', 2, true, 172);
INSERT INTO Meter_reading(value, date, paid, meter_id)
        VALUES (195, '2012-1-9', false, 344);
INSERT INTO Meter_reading(value, date, paid, meter_id)
        VALUES (224, '2012-1-16', false, 344);
INSERT INTO Meter_reading(value, date, paid, meter_id)
        VALUES (248, '2012-1-17', false, 344);
INSERT INTO Meter_reading(value, date, paid, meter_id)
        VALUES (249, '2012-1-23', false, 344);
INSERT INTO Meter_reading(value, date, paid, meter_id)
        VALUES (269, '2012-2-2', false, 344);
INSERT INTO Meter_reading(value, date, paid, meter_id)
        VALUES (287, '2012-2-10', false, 344);
INSERT INTO Meter_reading(value, date, paid, meter_id)
        VALUES (109, '2012-1-4', false, 345);
INSERT INTO Meter_reading(value, date, paid, meter_id)
        VALUES (134, '2012-1-13', false, 345);
INSERT INTO Meter_reading(value, date, paid, meter_id)
        VALUES (162, '2012-1-15', false, 345);
INSERT INTO Meter_reading(value, date, paid, meter_id)
        VALUES (174, '2012-1-26', false, 345);
INSERT INTO Meter_reading(value, date, paid, meter_id)
        VALUES (195, '2012-2-4', false, 345);
INSERT INTO Meter_reading(value, date, paid, meter_id)
        VALUES (224, '2012-2-15', false, 345);
INSERT INTO Meter_reading(value, date, paid, meter_id)
        VALUES (231, '2012-2-19', false, 345);
INSERT INTO Meter_reading(value, date, paid, meter_id)
        VALUES (255, '2012-2-22', false, 345);
INSERT INTO Meter_reading(value, date, paid, meter_id)
        VALUES (273, '2012-2-25', false, 345);
INSERT INTO Meter_reading(value, date, paid, meter_id)
        VALUES (284, '2012-3-3', false, 345);
INSERT INTO person(person_id, name, surname, paternal_name, registration_date, email, password_hash, is_admin) 
    VALUES (173, 'test173', 'test173', '', '01/01/2012', 'test173', '098f6bcd4621d373cade4e832627b4f6', false);
INSERT INTO dweller VALUES (173);
INSERT INTO flat(flat_id, area, flat_number, balance, cladr_id, building_id)
    VALUES (173, 166, 173, 0, 1, 1);
INSERT INTO dweller_lives_in_flat(person_id, flat_id)
    VALUES (173, 173);
INSERT INTO meter(meter_id, installation_date, type, title, meter_unit_id, active, flat_id)
    VALUES (346, '01/01/2012', 'Water', 'Cold water in kitchen test173', 1, true, 173);
INSERT INTO meter(meter_id, installation_date, type, title, meter_unit_id, active, flat_id)
    VALUES (347, '01/01/2012', 'Electricity', 'Electricity in hall test173', 2, true, 173);
INSERT INTO Meter_reading(value, date, paid, meter_id)
        VALUES (102, '2012-1-12', false, 346);
INSERT INTO Meter_reading(value, date, paid, meter_id)
        VALUES (170, '2012-1-22', false, 346);
INSERT INTO Meter_reading(value, date, paid, meter_id)
        VALUES (239, '2012-2-1', false, 346);
INSERT INTO Meter_reading(value, date, paid, meter_id)
        VALUES (298, '2012-2-4', false, 346);
INSERT INTO Meter_reading(value, date, paid, meter_id)
        VALUES (320, '2012-2-18', false, 346);
INSERT INTO Meter_reading(value, date, paid, meter_id)
        VALUES (349, '2012-2-26', false, 346);
INSERT INTO Meter_reading(value, date, paid, meter_id)
        VALUES (364, '2012-3-11', false, 346);
INSERT INTO Meter_reading(value, date, paid, meter_id)
        VALUES (394, '2012-3-23', false, 346);
INSERT INTO Meter_reading(value, date, paid, meter_id)
        VALUES (409, '2012-4-10', false, 346);
INSERT INTO Meter_reading(value, date, paid, meter_id)
        VALUES (427, '2012-4-12', false, 346);
INSERT INTO Meter_reading(value, date, paid, meter_id)
        VALUES (263, '2012-1-3', false, 347);
INSERT INTO Meter_reading(value, date, paid, meter_id)
        VALUES (269, '2012-1-14', false, 347);
INSERT INTO Meter_reading(value, date, paid, meter_id)
        VALUES (347, '2012-1-15', false, 347);
INSERT INTO Meter_reading(value, date, paid, meter_id)
        VALUES (420, '2012-1-17', false, 347);
INSERT INTO Meter_reading(value, date, paid, meter_id)
        VALUES (424, '2012-1-19', false, 347);
INSERT INTO Meter_reading(value, date, paid, meter_id)
        VALUES (433, '2012-2-5', false, 347);
INSERT INTO Meter_reading(value, date, paid, meter_id)
        VALUES (503, '2012-2-11', false, 347);
INSERT INTO Meter_reading(value, date, paid, meter_id)
        VALUES (512, '2012-2-15', false, 347);
INSERT INTO Meter_reading(value, date, paid, meter_id)
        VALUES (537, '2012-2-18', false, 347);
INSERT INTO Meter_reading(value, date, paid, meter_id)
        VALUES (615, '2012-3-4', false, 347);
INSERT INTO Meter_reading(value, date, paid, meter_id)
        VALUES (646, '2012-3-11', false, 347);
INSERT INTO person(person_id, name, surname, paternal_name, registration_date, email, password_hash, is_admin) 
    VALUES (174, 'test174', 'test174', '', '01/01/2012', 'test174', '098f6bcd4621d373cade4e832627b4f6', false);
INSERT INTO dweller VALUES (174);
INSERT INTO flat(flat_id, area, flat_number, balance, cladr_id, building_id)
    VALUES (174, 126, 174, 0, 1, 1);
INSERT INTO dweller_lives_in_flat(person_id, flat_id)
    VALUES (174, 174);
INSERT INTO meter(meter_id, installation_date, type, title, meter_unit_id, active, flat_id)
    VALUES (348, '01/01/2012', 'Water', 'Cold water in kitchen test174', 1, true, 174);
INSERT INTO meter(meter_id, installation_date, type, title, meter_unit_id, active, flat_id)
    VALUES (349, '01/01/2012', 'Electricity', 'Electricity in hall test174', 2, true, 174);
INSERT INTO Meter_reading(value, date, paid, meter_id)
        VALUES (210, '2012-1-11', false, 348);
INSERT INTO Meter_reading(value, date, paid, meter_id)
        VALUES (231, '2012-1-19', false, 348);
INSERT INTO Meter_reading(value, date, paid, meter_id)
        VALUES (238, '2012-1-20', false, 348);
INSERT INTO Meter_reading(value, date, paid, meter_id)
        VALUES (249, '2012-2-4', false, 348);
INSERT INTO Meter_reading(value, date, paid, meter_id)
        VALUES (256, '2012-2-6', false, 348);
INSERT INTO Meter_reading(value, date, paid, meter_id)
        VALUES (275, '2012-2-13', false, 348);
INSERT INTO Meter_reading(value, date, paid, meter_id)
        VALUES (282, '2012-2-19', false, 348);
INSERT INTO Meter_reading(value, date, paid, meter_id)
        VALUES (297, '2012-2-27', false, 348);
INSERT INTO Meter_reading(value, date, paid, meter_id)
        VALUES (320, '2012-3-11', false, 348);
INSERT INTO Meter_reading(value, date, paid, meter_id)
        VALUES (332, '2012-3-23', false, 348);
INSERT INTO Meter_reading(value, date, paid, meter_id)
        VALUES (141, '2012-1-3', false, 349);
INSERT INTO Meter_reading(value, date, paid, meter_id)
        VALUES (158, '2012-1-11', false, 349);
INSERT INTO Meter_reading(value, date, paid, meter_id)
        VALUES (177, '2012-1-18', false, 349);
INSERT INTO Meter_reading(value, date, paid, meter_id)
        VALUES (186, '2012-2-2', false, 349);
INSERT INTO Meter_reading(value, date, paid, meter_id)
        VALUES (206, '2012-2-12', false, 349);
INSERT INTO person(person_id, name, surname, paternal_name, registration_date, email, password_hash, is_admin) 
    VALUES (175, 'test175', 'test175', '', '01/01/2012', 'test175', '098f6bcd4621d373cade4e832627b4f6', false);
INSERT INTO dweller VALUES (175);
INSERT INTO flat(flat_id, area, flat_number, balance, cladr_id, building_id)
    VALUES (175, 155, 175, 0, 1, 1);
INSERT INTO dweller_lives_in_flat(person_id, flat_id)
    VALUES (175, 175);
INSERT INTO meter(meter_id, installation_date, type, title, meter_unit_id, active, flat_id)
    VALUES (350, '01/01/2012', 'Water', 'Cold water in kitchen test175', 1, true, 175);
INSERT INTO meter(meter_id, installation_date, type, title, meter_unit_id, active, flat_id)
    VALUES (351, '01/01/2012', 'Electricity', 'Electricity in hall test175', 2, true, 175);
INSERT INTO Meter_reading(value, date, paid, meter_id)
        VALUES (119, '2012-1-13', false, 350);
INSERT INTO Meter_reading(value, date, paid, meter_id)
        VALUES (136, '2012-1-17', false, 350);
INSERT INTO Meter_reading(value, date, paid, meter_id)
        VALUES (171, '2012-1-19', false, 350);
INSERT INTO Meter_reading(value, date, paid, meter_id)
        VALUES (186, '2012-1-20', false, 350);
INSERT INTO Meter_reading(value, date, paid, meter_id)
        VALUES (202, '2012-1-24', false, 350);
INSERT INTO Meter_reading(value, date, paid, meter_id)
        VALUES (221, '2012-2-1', false, 350);
INSERT INTO Meter_reading(value, date, paid, meter_id)
        VALUES (234, '2012-2-15', false, 350);
INSERT INTO Meter_reading(value, date, paid, meter_id)
        VALUES (243, '2012-2-18', false, 350);
INSERT INTO Meter_reading(value, date, paid, meter_id)
        VALUES (261, '2012-2-23', false, 350);
INSERT INTO Meter_reading(value, date, paid, meter_id)
        VALUES (297, '2012-2-26', false, 350);
INSERT INTO Meter_reading(value, date, paid, meter_id)
        VALUES (209, '2012-1-11', false, 351);
INSERT INTO Meter_reading(value, date, paid, meter_id)
        VALUES (216, '2012-1-12', false, 351);
INSERT INTO Meter_reading(value, date, paid, meter_id)
        VALUES (226, '2012-1-14', false, 351);
INSERT INTO Meter_reading(value, date, paid, meter_id)
        VALUES (249, '2012-1-20', false, 351);
INSERT INTO Meter_reading(value, date, paid, meter_id)
        VALUES (266, '2012-1-22', false, 351);
INSERT INTO Meter_reading(value, date, paid, meter_id)
        VALUES (280, '2012-2-9', false, 351);
INSERT INTO Meter_reading(value, date, paid, meter_id)
        VALUES (300, '2012-2-12', false, 351);
INSERT INTO Meter_reading(value, date, paid, meter_id)
        VALUES (312, '2012-2-21', false, 351);
INSERT INTO Meter_reading(value, date, paid, meter_id)
        VALUES (326, '2012-2-24', false, 351);
INSERT INTO Meter_reading(value, date, paid, meter_id)
        VALUES (341, '2012-3-4', false, 351);
INSERT INTO Meter_reading(value, date, paid, meter_id)
        VALUES (360, '2012-3-7', false, 351);
INSERT INTO Meter_reading(value, date, paid, meter_id)
        VALUES (374, '2012-3-10', false, 351);
INSERT INTO Meter_reading(value, date, paid, meter_id)
        VALUES (402, '2012-3-12', false, 351);
INSERT INTO Meter_reading(value, date, paid, meter_id)
        VALUES (422, '2012-3-16', false, 351);
INSERT INTO person(person_id, name, surname, paternal_name, registration_date, email, password_hash, is_admin) 
    VALUES (176, 'test176', 'test176', '', '01/01/2012', 'test176', '098f6bcd4621d373cade4e832627b4f6', false);
INSERT INTO dweller VALUES (176);
INSERT INTO flat(flat_id, area, flat_number, balance, cladr_id, building_id)
    VALUES (176, 261, 176, 0, 1, 1);
INSERT INTO dweller_lives_in_flat(person_id, flat_id)
    VALUES (176, 176);
INSERT INTO meter(meter_id, installation_date, type, title, meter_unit_id, active, flat_id)
    VALUES (352, '01/01/2012', 'Water', 'Cold water in kitchen test176', 1, true, 176);
INSERT INTO meter(meter_id, installation_date, type, title, meter_unit_id, active, flat_id)
    VALUES (353, '01/01/2012', 'Electricity', 'Electricity in hall test176', 2, true, 176);
INSERT INTO Meter_reading(value, date, paid, meter_id)
        VALUES (238, '2012-1-9', false, 352);
INSERT INTO Meter_reading(value, date, paid, meter_id)
        VALUES (259, '2012-1-21', false, 352);
INSERT INTO Meter_reading(value, date, paid, meter_id)
        VALUES (267, '2012-2-5', false, 352);
INSERT INTO Meter_reading(value, date, paid, meter_id)
        VALUES (285, '2012-2-14', false, 352);
INSERT INTO Meter_reading(value, date, paid, meter_id)
        VALUES (314, '2012-2-15', false, 352);
INSERT INTO Meter_reading(value, date, paid, meter_id)
        VALUES (335, '2012-2-16', false, 352);
INSERT INTO Meter_reading(value, date, paid, meter_id)
        VALUES (349, '2012-2-19', false, 352);
INSERT INTO Meter_reading(value, date, paid, meter_id)
        VALUES (374, '2012-2-21', false, 352);
INSERT INTO Meter_reading(value, date, paid, meter_id)
        VALUES (389, '2012-3-2', false, 352);
INSERT INTO Meter_reading(value, date, paid, meter_id)
        VALUES (394, '2012-3-9', false, 352);
INSERT INTO Meter_reading(value, date, paid, meter_id)
        VALUES (395, '2012-3-22', false, 352);
INSERT INTO Meter_reading(value, date, paid, meter_id)
        VALUES (413, '2012-4-8', false, 352);
INSERT INTO Meter_reading(value, date, paid, meter_id)
        VALUES (228, '2012-1-9', false, 353);
INSERT INTO Meter_reading(value, date, paid, meter_id)
        VALUES (251, '2012-1-23', false, 353);
INSERT INTO Meter_reading(value, date, paid, meter_id)
        VALUES (259, '2012-2-4', false, 353);
INSERT INTO Meter_reading(value, date, paid, meter_id)
        VALUES (284, '2012-2-16', false, 353);
INSERT INTO Meter_reading(value, date, paid, meter_id)
        VALUES (307, '2012-2-27', false, 353);
INSERT INTO Meter_reading(value, date, paid, meter_id)
        VALUES (313, '2012-3-11', false, 353);
INSERT INTO Meter_reading(value, date, paid, meter_id)
        VALUES (318, '2012-3-23', false, 353);
INSERT INTO Meter_reading(value, date, paid, meter_id)
        VALUES (327, '2012-4-3', false, 353);
INSERT INTO Meter_reading(value, date, paid, meter_id)
        VALUES (353, '2012-4-7', false, 353);
INSERT INTO Meter_reading(value, date, paid, meter_id)
        VALUES (381, '2012-4-9', false, 353);
INSERT INTO Meter_reading(value, date, paid, meter_id)
        VALUES (394, '2012-4-14', false, 353);
INSERT INTO Meter_reading(value, date, paid, meter_id)
        VALUES (408, '2012-5-1', false, 353);
INSERT INTO person(person_id, name, surname, paternal_name, registration_date, email, password_hash, is_admin) 
    VALUES (177, 'test177', 'test177', '', '01/01/2012', 'test177', '098f6bcd4621d373cade4e832627b4f6', false);
INSERT INTO dweller VALUES (177);
INSERT INTO flat(flat_id, area, flat_number, balance, cladr_id, building_id)
    VALUES (177, 160, 177, 0, 1, 1);
INSERT INTO dweller_lives_in_flat(person_id, flat_id)
    VALUES (177, 177);
INSERT INTO meter(meter_id, installation_date, type, title, meter_unit_id, active, flat_id)
    VALUES (354, '01/01/2012', 'Water', 'Cold water in kitchen test177', 1, true, 177);
INSERT INTO meter(meter_id, installation_date, type, title, meter_unit_id, active, flat_id)
    VALUES (355, '01/01/2012', 'Electricity', 'Electricity in hall test177', 2, true, 177);
INSERT INTO Meter_reading(value, date, paid, meter_id)
        VALUES (254, '2012-1-14', false, 354);
INSERT INTO Meter_reading(value, date, paid, meter_id)
        VALUES (262, '2012-1-22', false, 354);
INSERT INTO Meter_reading(value, date, paid, meter_id)
        VALUES (289, '2012-1-25', false, 354);
INSERT INTO Meter_reading(value, date, paid, meter_id)
        VALUES (315, '2012-2-11', false, 354);
INSERT INTO Meter_reading(value, date, paid, meter_id)
        VALUES (331, '2012-2-17', false, 354);
INSERT INTO Meter_reading(value, date, paid, meter_id)
        VALUES (345, '2012-3-4', false, 354);
INSERT INTO Meter_reading(value, date, paid, meter_id)
        VALUES (360, '2012-3-12', false, 354);
INSERT INTO Meter_reading(value, date, paid, meter_id)
        VALUES (364, '2012-3-17', false, 354);
INSERT INTO Meter_reading(value, date, paid, meter_id)
        VALUES (247, '2012-1-8', false, 355);
INSERT INTO Meter_reading(value, date, paid, meter_id)
        VALUES (289, '2012-1-16', false, 355);
INSERT INTO Meter_reading(value, date, paid, meter_id)
        VALUES (360, '2012-1-24', false, 355);
INSERT INTO Meter_reading(value, date, paid, meter_id)
        VALUES (373, '2012-2-4', false, 355);
INSERT INTO Meter_reading(value, date, paid, meter_id)
        VALUES (454, '2012-2-18', false, 355);
INSERT INTO Meter_reading(value, date, paid, meter_id)
        VALUES (547, '2012-2-26', false, 355);
INSERT INTO Meter_reading(value, date, paid, meter_id)
        VALUES (604, '2012-3-13', false, 355);
INSERT INTO Meter_reading(value, date, paid, meter_id)
        VALUES (665, '2012-3-16', false, 355);
INSERT INTO Meter_reading(value, date, paid, meter_id)
        VALUES (726, '2012-3-22', false, 355);
INSERT INTO person(person_id, name, surname, paternal_name, registration_date, email, password_hash, is_admin) 
    VALUES (178, 'test178', 'test178', '', '01/01/2012', 'test178', '098f6bcd4621d373cade4e832627b4f6', false);
INSERT INTO dweller VALUES (178);
INSERT INTO flat(flat_id, area, flat_number, balance, cladr_id, building_id)
    VALUES (178, 241, 178, 0, 1, 1);
INSERT INTO dweller_lives_in_flat(person_id, flat_id)
    VALUES (178, 178);
INSERT INTO meter(meter_id, installation_date, type, title, meter_unit_id, active, flat_id)
    VALUES (356, '01/01/2012', 'Water', 'Cold water in kitchen test178', 1, true, 178);
INSERT INTO meter(meter_id, installation_date, type, title, meter_unit_id, active, flat_id)
    VALUES (357, '01/01/2012', 'Electricity', 'Electricity in hall test178', 2, true, 178);
INSERT INTO Meter_reading(value, date, paid, meter_id)
        VALUES (258, '2012-1-5', false, 356);
INSERT INTO Meter_reading(value, date, paid, meter_id)
        VALUES (271, '2012-1-11', false, 356);
INSERT INTO Meter_reading(value, date, paid, meter_id)
        VALUES (278, '2012-1-25', false, 356);
INSERT INTO Meter_reading(value, date, paid, meter_id)
        VALUES (292, '2012-2-5', false, 356);
INSERT INTO Meter_reading(value, date, paid, meter_id)
        VALUES (307, '2012-2-14', false, 356);
INSERT INTO Meter_reading(value, date, paid, meter_id)
        VALUES (325, '2012-2-22', false, 356);
INSERT INTO Meter_reading(value, date, paid, meter_id)
        VALUES (339, '2012-3-4', false, 356);
INSERT INTO Meter_reading(value, date, paid, meter_id)
        VALUES (345, '2012-3-11', false, 356);
INSERT INTO Meter_reading(value, date, paid, meter_id)
        VALUES (373, '2012-3-17', false, 356);
INSERT INTO Meter_reading(value, date, paid, meter_id)
        VALUES (392, '2012-3-20', false, 356);
INSERT INTO Meter_reading(value, date, paid, meter_id)
        VALUES (415, '2012-3-24', false, 356);
INSERT INTO Meter_reading(value, date, paid, meter_id)
        VALUES (435, '2012-4-2', false, 356);
INSERT INTO Meter_reading(value, date, paid, meter_id)
        VALUES (446, '2012-4-16', false, 356);
INSERT INTO Meter_reading(value, date, paid, meter_id)
        VALUES (450, '2012-4-23', false, 356);
INSERT INTO Meter_reading(value, date, paid, meter_id)
        VALUES (208, '2012-1-7', false, 357);
INSERT INTO Meter_reading(value, date, paid, meter_id)
        VALUES (216, '2012-1-11', false, 357);
INSERT INTO Meter_reading(value, date, paid, meter_id)
        VALUES (236, '2012-1-21', false, 357);
INSERT INTO Meter_reading(value, date, paid, meter_id)
        VALUES (243, '2012-1-25', false, 357);
INSERT INTO Meter_reading(value, date, paid, meter_id)
        VALUES (252, '2012-2-12', false, 357);
INSERT INTO Meter_reading(value, date, paid, meter_id)
        VALUES (262, '2012-2-19', false, 357);
INSERT INTO Meter_reading(value, date, paid, meter_id)
        VALUES (271, '2012-2-25', false, 357);
INSERT INTO Meter_reading(value, date, paid, meter_id)
        VALUES (298, '2012-2-27', false, 357);
INSERT INTO Meter_reading(value, date, paid, meter_id)
        VALUES (314, '2012-3-5', false, 357);
INSERT INTO person(person_id, name, surname, paternal_name, registration_date, email, password_hash, is_admin) 
    VALUES (179, 'test179', 'test179', '', '01/01/2012', 'test179', '098f6bcd4621d373cade4e832627b4f6', false);
INSERT INTO dweller VALUES (179);
INSERT INTO flat(flat_id, area, flat_number, balance, cladr_id, building_id)
    VALUES (179, 209, 179, 0, 1, 1);
INSERT INTO dweller_lives_in_flat(person_id, flat_id)
    VALUES (179, 179);
INSERT INTO meter(meter_id, installation_date, type, title, meter_unit_id, active, flat_id)
    VALUES (358, '01/01/2012', 'Water', 'Cold water in kitchen test179', 1, true, 179);
INSERT INTO meter(meter_id, installation_date, type, title, meter_unit_id, active, flat_id)
    VALUES (359, '01/01/2012', 'Electricity', 'Electricity in hall test179', 2, true, 179);
INSERT INTO Meter_reading(value, date, paid, meter_id)
        VALUES (295, '2012-1-8', false, 358);
INSERT INTO Meter_reading(value, date, paid, meter_id)
        VALUES (312, '2012-1-10', false, 358);
INSERT INTO Meter_reading(value, date, paid, meter_id)
        VALUES (320, '2012-1-21', false, 358);
INSERT INTO Meter_reading(value, date, paid, meter_id)
        VALUES (333, '2012-2-4', false, 358);
INSERT INTO Meter_reading(value, date, paid, meter_id)
        VALUES (341, '2012-2-14', false, 358);
INSERT INTO Meter_reading(value, date, paid, meter_id)
        VALUES (359, '2012-2-16', false, 358);
INSERT INTO Meter_reading(value, date, paid, meter_id)
        VALUES (381, '2012-2-22', false, 358);
INSERT INTO Meter_reading(value, date, paid, meter_id)
        VALUES (400, '2012-3-9', false, 358);
INSERT INTO Meter_reading(value, date, paid, meter_id)
        VALUES (428, '2012-3-11', false, 358);
INSERT INTO Meter_reading(value, date, paid, meter_id)
        VALUES (434, '2012-3-23', false, 358);
INSERT INTO Meter_reading(value, date, paid, meter_id)
        VALUES (437, '2012-4-10', false, 358);
INSERT INTO Meter_reading(value, date, paid, meter_id)
        VALUES (213, '2012-1-12', false, 359);
INSERT INTO Meter_reading(value, date, paid, meter_id)
        VALUES (225, '2012-1-17', false, 359);
INSERT INTO Meter_reading(value, date, paid, meter_id)
        VALUES (227, '2012-1-23', false, 359);
INSERT INTO Meter_reading(value, date, paid, meter_id)
        VALUES (241, '2012-2-8', false, 359);
INSERT INTO Meter_reading(value, date, paid, meter_id)
        VALUES (262, '2012-2-12', false, 359);
INSERT INTO Meter_reading(value, date, paid, meter_id)
        VALUES (265, '2012-2-18', false, 359);
INSERT INTO Meter_reading(value, date, paid, meter_id)
        VALUES (290, '2012-2-26', false, 359);
INSERT INTO Meter_reading(value, date, paid, meter_id)
        VALUES (309, '2012-3-11', false, 359);
INSERT INTO Meter_reading(value, date, paid, meter_id)
        VALUES (335, '2012-3-25', false, 359);
INSERT INTO Meter_reading(value, date, paid, meter_id)
        VALUES (350, '2012-4-9', false, 359);
INSERT INTO Meter_reading(value, date, paid, meter_id)
        VALUES (353, '2012-4-21', false, 359);
INSERT INTO person(person_id, name, surname, paternal_name, registration_date, email, password_hash, is_admin) 
    VALUES (180, 'test180', 'test180', '', '01/01/2012', 'test180', '098f6bcd4621d373cade4e832627b4f6', false);
INSERT INTO dweller VALUES (180);
INSERT INTO flat(flat_id, area, flat_number, balance, cladr_id, building_id)
    VALUES (180, 191, 180, 0, 1, 1);
INSERT INTO dweller_lives_in_flat(person_id, flat_id)
    VALUES (180, 180);
INSERT INTO meter(meter_id, installation_date, type, title, meter_unit_id, active, flat_id)
    VALUES (360, '01/01/2012', 'Water', 'Cold water in kitchen test180', 1, true, 180);
INSERT INTO meter(meter_id, installation_date, type, title, meter_unit_id, active, flat_id)
    VALUES (361, '01/01/2012', 'Electricity', 'Electricity in hall test180', 2, true, 180);
INSERT INTO Meter_reading(value, date, paid, meter_id)
        VALUES (77, '2012-1-9', false, 360);
INSERT INTO Meter_reading(value, date, paid, meter_id)
        VALUES (84, '2012-1-11', false, 360);
INSERT INTO Meter_reading(value, date, paid, meter_id)
        VALUES (127, '2012-1-21', false, 360);
INSERT INTO Meter_reading(value, date, paid, meter_id)
        VALUES (133, '2012-1-24', false, 360);
INSERT INTO Meter_reading(value, date, paid, meter_id)
        VALUES (142, '2012-2-4', false, 360);
INSERT INTO Meter_reading(value, date, paid, meter_id)
        VALUES (164, '2012-2-12', false, 360);
INSERT INTO Meter_reading(value, date, paid, meter_id)
        VALUES (89, '2012-1-13', false, 361);
INSERT INTO Meter_reading(value, date, paid, meter_id)
        VALUES (99, '2012-1-16', false, 361);
INSERT INTO Meter_reading(value, date, paid, meter_id)
        VALUES (111, '2012-1-22', false, 361);
INSERT INTO Meter_reading(value, date, paid, meter_id)
        VALUES (126, '2012-1-26', false, 361);
INSERT INTO Meter_reading(value, date, paid, meter_id)
        VALUES (134, '2012-2-9', false, 361);
INSERT INTO Meter_reading(value, date, paid, meter_id)
        VALUES (143, '2012-2-12', false, 361);
INSERT INTO person(person_id, name, surname, paternal_name, registration_date, email, password_hash, is_admin) 
    VALUES (181, 'test181', 'test181', '', '01/01/2012', 'test181', '098f6bcd4621d373cade4e832627b4f6', false);
INSERT INTO dweller VALUES (181);
INSERT INTO flat(flat_id, area, flat_number, balance, cladr_id, building_id)
    VALUES (181, 184, 181, 0, 1, 1);
INSERT INTO dweller_lives_in_flat(person_id, flat_id)
    VALUES (181, 181);
INSERT INTO meter(meter_id, installation_date, type, title, meter_unit_id, active, flat_id)
    VALUES (362, '01/01/2012', 'Water', 'Cold water in kitchen test181', 1, true, 181);
INSERT INTO meter(meter_id, installation_date, type, title, meter_unit_id, active, flat_id)
    VALUES (363, '01/01/2012', 'Electricity', 'Electricity in hall test181', 2, true, 181);
INSERT INTO Meter_reading(value, date, paid, meter_id)
        VALUES (117, '2012-1-11', false, 362);
INSERT INTO Meter_reading(value, date, paid, meter_id)
        VALUES (142, '2012-1-17', false, 362);
INSERT INTO Meter_reading(value, date, paid, meter_id)
        VALUES (150, '2012-1-25', false, 362);
INSERT INTO Meter_reading(value, date, paid, meter_id)
        VALUES (152, '2012-1-26', false, 362);
INSERT INTO Meter_reading(value, date, paid, meter_id)
        VALUES (166, '2012-2-8', false, 362);
INSERT INTO Meter_reading(value, date, paid, meter_id)
        VALUES (171, '2012-2-22', false, 362);
INSERT INTO Meter_reading(value, date, paid, meter_id)
        VALUES (202, '2012-3-6', false, 362);
INSERT INTO Meter_reading(value, date, paid, meter_id)
        VALUES (223, '2012-3-20', false, 362);
INSERT INTO Meter_reading(value, date, paid, meter_id)
        VALUES (251, '2012-4-3', false, 362);
INSERT INTO Meter_reading(value, date, paid, meter_id)
        VALUES (257, '2012-4-10', false, 362);
INSERT INTO Meter_reading(value, date, paid, meter_id)
        VALUES (263, '2012-4-24', false, 362);
INSERT INTO Meter_reading(value, date, paid, meter_id)
        VALUES (284, '2012-5-8', false, 362);
INSERT INTO Meter_reading(value, date, paid, meter_id)
        VALUES (305, '2012-5-14', false, 362);
INSERT INTO Meter_reading(value, date, paid, meter_id)
        VALUES (173, '2012-1-8', false, 363);
INSERT INTO Meter_reading(value, date, paid, meter_id)
        VALUES (198, '2012-1-13', false, 363);
INSERT INTO Meter_reading(value, date, paid, meter_id)
        VALUES (221, '2012-1-24', false, 363);
INSERT INTO Meter_reading(value, date, paid, meter_id)
        VALUES (230, '2012-2-6', false, 363);
INSERT INTO Meter_reading(value, date, paid, meter_id)
        VALUES (251, '2012-2-16', false, 363);
INSERT INTO Meter_reading(value, date, paid, meter_id)
        VALUES (276, '2012-2-24', false, 363);
INSERT INTO Meter_reading(value, date, paid, meter_id)
        VALUES (302, '2012-3-1', false, 363);
INSERT INTO Meter_reading(value, date, paid, meter_id)
        VALUES (322, '2012-3-12', false, 363);
INSERT INTO Meter_reading(value, date, paid, meter_id)
        VALUES (323, '2012-3-18', false, 363);
INSERT INTO Meter_reading(value, date, paid, meter_id)
        VALUES (332, '2012-3-27', false, 363);
INSERT INTO Meter_reading(value, date, paid, meter_id)
        VALUES (336, '2012-4-6', false, 363);
INSERT INTO person(person_id, name, surname, paternal_name, registration_date, email, password_hash, is_admin) 
    VALUES (182, 'test182', 'test182', '', '01/01/2012', 'test182', '098f6bcd4621d373cade4e832627b4f6', false);
INSERT INTO dweller VALUES (182);
INSERT INTO flat(flat_id, area, flat_number, balance, cladr_id, building_id)
    VALUES (182, 150, 182, 0, 1, 1);
INSERT INTO dweller_lives_in_flat(person_id, flat_id)
    VALUES (182, 182);
INSERT INTO meter(meter_id, installation_date, type, title, meter_unit_id, active, flat_id)
    VALUES (364, '01/01/2012', 'Water', 'Cold water in kitchen test182', 1, true, 182);
INSERT INTO meter(meter_id, installation_date, type, title, meter_unit_id, active, flat_id)
    VALUES (365, '01/01/2012', 'Electricity', 'Electricity in hall test182', 2, true, 182);
INSERT INTO Meter_reading(value, date, paid, meter_id)
        VALUES (36, '2012-1-7', false, 364);
INSERT INTO Meter_reading(value, date, paid, meter_id)
        VALUES (44, '2012-1-17', false, 364);
INSERT INTO Meter_reading(value, date, paid, meter_id)
        VALUES (68, '2012-1-21', false, 364);
INSERT INTO Meter_reading(value, date, paid, meter_id)
        VALUES (71, '2012-2-7', false, 364);
INSERT INTO Meter_reading(value, date, paid, meter_id)
        VALUES (76, '2012-2-14', false, 364);
INSERT INTO Meter_reading(value, date, paid, meter_id)
        VALUES (86, '2012-2-23', false, 364);
INSERT INTO Meter_reading(value, date, paid, meter_id)
        VALUES (92, '2012-3-2', false, 364);
INSERT INTO Meter_reading(value, date, paid, meter_id)
        VALUES (97, '2012-3-9', false, 364);
INSERT INTO Meter_reading(value, date, paid, meter_id)
        VALUES (112, '2012-3-15', false, 364);
INSERT INTO Meter_reading(value, date, paid, meter_id)
        VALUES (132, '2012-4-2', false, 364);
INSERT INTO Meter_reading(value, date, paid, meter_id)
        VALUES (149, '2012-4-14', false, 364);
INSERT INTO Meter_reading(value, date, paid, meter_id)
        VALUES (323, '2012-1-15', false, 365);
INSERT INTO Meter_reading(value, date, paid, meter_id)
        VALUES (324, '2012-1-16', false, 365);
INSERT INTO Meter_reading(value, date, paid, meter_id)
        VALUES (351, '2012-2-3', false, 365);
INSERT INTO Meter_reading(value, date, paid, meter_id)
        VALUES (366, '2012-2-12', false, 365);
INSERT INTO Meter_reading(value, date, paid, meter_id)
        VALUES (389, '2012-2-16', false, 365);
INSERT INTO Meter_reading(value, date, paid, meter_id)
        VALUES (411, '2012-2-20', false, 365);
INSERT INTO Meter_reading(value, date, paid, meter_id)
        VALUES (414, '2012-3-6', false, 365);
INSERT INTO Meter_reading(value, date, paid, meter_id)
        VALUES (436, '2012-3-12', false, 365);
INSERT INTO Meter_reading(value, date, paid, meter_id)
        VALUES (447, '2012-3-15', false, 365);
INSERT INTO Meter_reading(value, date, paid, meter_id)
        VALUES (456, '2012-3-21', false, 365);
INSERT INTO person(person_id, name, surname, paternal_name, registration_date, email, password_hash, is_admin) 
    VALUES (183, 'test183', 'test183', '', '01/01/2012', 'test183', '098f6bcd4621d373cade4e832627b4f6', false);
INSERT INTO dweller VALUES (183);
INSERT INTO flat(flat_id, area, flat_number, balance, cladr_id, building_id)
    VALUES (183, 244, 183, 0, 1, 1);
INSERT INTO dweller_lives_in_flat(person_id, flat_id)
    VALUES (183, 183);
INSERT INTO meter(meter_id, installation_date, type, title, meter_unit_id, active, flat_id)
    VALUES (366, '01/01/2012', 'Water', 'Cold water in kitchen test183', 1, true, 183);
INSERT INTO meter(meter_id, installation_date, type, title, meter_unit_id, active, flat_id)
    VALUES (367, '01/01/2012', 'Electricity', 'Electricity in hall test183', 2, true, 183);
INSERT INTO Meter_reading(value, date, paid, meter_id)
        VALUES (197, '2012-1-12', false, 366);
INSERT INTO Meter_reading(value, date, paid, meter_id)
        VALUES (202, '2012-1-14', false, 366);
INSERT INTO Meter_reading(value, date, paid, meter_id)
        VALUES (205, '2012-1-15', false, 366);
INSERT INTO Meter_reading(value, date, paid, meter_id)
        VALUES (210, '2012-1-27', false, 366);
INSERT INTO Meter_reading(value, date, paid, meter_id)
        VALUES (246, '2012-2-5', false, 366);
INSERT INTO Meter_reading(value, date, paid, meter_id)
        VALUES (262, '2012-2-14', false, 366);
INSERT INTO Meter_reading(value, date, paid, meter_id)
        VALUES (114, '2012-1-5', false, 367);
INSERT INTO Meter_reading(value, date, paid, meter_id)
        VALUES (135, '2012-1-12', false, 367);
INSERT INTO Meter_reading(value, date, paid, meter_id)
        VALUES (154, '2012-1-16', false, 367);
INSERT INTO Meter_reading(value, date, paid, meter_id)
        VALUES (179, '2012-1-17', false, 367);
INSERT INTO Meter_reading(value, date, paid, meter_id)
        VALUES (207, '2012-2-3', false, 367);
INSERT INTO person(person_id, name, surname, paternal_name, registration_date, email, password_hash, is_admin) 
    VALUES (184, 'test184', 'test184', '', '01/01/2012', 'test184', '098f6bcd4621d373cade4e832627b4f6', false);
INSERT INTO dweller VALUES (184);
INSERT INTO flat(flat_id, area, flat_number, balance, cladr_id, building_id)
    VALUES (184, 107, 184, 0, 1, 1);
INSERT INTO dweller_lives_in_flat(person_id, flat_id)
    VALUES (184, 184);
INSERT INTO meter(meter_id, installation_date, type, title, meter_unit_id, active, flat_id)
    VALUES (368, '01/01/2012', 'Water', 'Cold water in kitchen test184', 1, true, 184);
INSERT INTO meter(meter_id, installation_date, type, title, meter_unit_id, active, flat_id)
    VALUES (369, '01/01/2012', 'Electricity', 'Electricity in hall test184', 2, true, 184);
INSERT INTO Meter_reading(value, date, paid, meter_id)
        VALUES (193, '2012-1-13', false, 368);
INSERT INTO Meter_reading(value, date, paid, meter_id)
        VALUES (219, '2012-1-23', false, 368);
INSERT INTO Meter_reading(value, date, paid, meter_id)
        VALUES (235, '2012-2-10', false, 368);
INSERT INTO Meter_reading(value, date, paid, meter_id)
        VALUES (240, '2012-2-17', false, 368);
INSERT INTO Meter_reading(value, date, paid, meter_id)
        VALUES (265, '2012-2-23', false, 368);
INSERT INTO Meter_reading(value, date, paid, meter_id)
        VALUES (278, '2012-3-4', false, 368);
INSERT INTO Meter_reading(value, date, paid, meter_id)
        VALUES (305, '2012-3-5', false, 368);
INSERT INTO Meter_reading(value, date, paid, meter_id)
        VALUES (317, '2012-3-11', false, 368);
INSERT INTO Meter_reading(value, date, paid, meter_id)
        VALUES (333, '2012-3-25', false, 368);
INSERT INTO Meter_reading(value, date, paid, meter_id)
        VALUES (360, '2012-4-1', false, 368);
INSERT INTO Meter_reading(value, date, paid, meter_id)
        VALUES (362, '2012-4-15', false, 368);
INSERT INTO Meter_reading(value, date, paid, meter_id)
        VALUES (383, '2012-4-25', false, 368);
INSERT INTO Meter_reading(value, date, paid, meter_id)
        VALUES (407, '2012-5-2', false, 368);
INSERT INTO Meter_reading(value, date, paid, meter_id)
        VALUES (415, '2012-5-7', false, 368);
INSERT INTO Meter_reading(value, date, paid, meter_id)
        VALUES (299, '2012-1-8', false, 369);
INSERT INTO Meter_reading(value, date, paid, meter_id)
        VALUES (329, '2012-1-20', false, 369);
INSERT INTO Meter_reading(value, date, paid, meter_id)
        VALUES (331, '2012-1-27', false, 369);
INSERT INTO Meter_reading(value, date, paid, meter_id)
        VALUES (360, '2012-2-13', false, 369);
INSERT INTO Meter_reading(value, date, paid, meter_id)
        VALUES (377, '2012-2-25', false, 369);
INSERT INTO Meter_reading(value, date, paid, meter_id)
        VALUES (384, '2012-3-6', false, 369);
INSERT INTO Meter_reading(value, date, paid, meter_id)
        VALUES (426, '2012-3-8', false, 369);
INSERT INTO person(person_id, name, surname, paternal_name, registration_date, email, password_hash, is_admin) 
    VALUES (185, 'test185', 'test185', '', '01/01/2012', 'test185', '098f6bcd4621d373cade4e832627b4f6', false);
INSERT INTO dweller VALUES (185);
INSERT INTO flat(flat_id, area, flat_number, balance, cladr_id, building_id)
    VALUES (185, 126, 185, 0, 1, 1);
INSERT INTO dweller_lives_in_flat(person_id, flat_id)
    VALUES (185, 185);
INSERT INTO meter(meter_id, installation_date, type, title, meter_unit_id, active, flat_id)
    VALUES (370, '01/01/2012', 'Water', 'Cold water in kitchen test185', 1, true, 185);
INSERT INTO meter(meter_id, installation_date, type, title, meter_unit_id, active, flat_id)
    VALUES (371, '01/01/2012', 'Electricity', 'Electricity in hall test185', 2, true, 185);
INSERT INTO Meter_reading(value, date, paid, meter_id)
        VALUES (330, '2012-1-9', false, 370);
INSERT INTO Meter_reading(value, date, paid, meter_id)
        VALUES (407, '2012-1-16', false, 370);
INSERT INTO Meter_reading(value, date, paid, meter_id)
        VALUES (428, '2012-1-24', false, 370);
INSERT INTO Meter_reading(value, date, paid, meter_id)
        VALUES (449, '2012-1-26', false, 370);
INSERT INTO Meter_reading(value, date, paid, meter_id)
        VALUES (459, '2012-2-4', false, 370);
INSERT INTO Meter_reading(value, date, paid, meter_id)
        VALUES (525, '2012-2-5', false, 370);
INSERT INTO Meter_reading(value, date, paid, meter_id)
        VALUES (549, '2012-2-8', false, 370);
INSERT INTO Meter_reading(value, date, paid, meter_id)
        VALUES (586, '2012-2-10', false, 370);
INSERT INTO Meter_reading(value, date, paid, meter_id)
        VALUES (643, '2012-2-23', false, 370);
INSERT INTO Meter_reading(value, date, paid, meter_id)
        VALUES (647, '2012-3-7', false, 370);
INSERT INTO Meter_reading(value, date, paid, meter_id)
        VALUES (680, '2012-3-9', false, 370);
INSERT INTO Meter_reading(value, date, paid, meter_id)
        VALUES (762, '2012-3-11', false, 370);
INSERT INTO Meter_reading(value, date, paid, meter_id)
        VALUES (821, '2012-3-12', false, 370);
INSERT INTO Meter_reading(value, date, paid, meter_id)
        VALUES (322, '2012-1-3', false, 371);
INSERT INTO Meter_reading(value, date, paid, meter_id)
        VALUES (325, '2012-1-15', false, 371);
INSERT INTO Meter_reading(value, date, paid, meter_id)
        VALUES (352, '2012-1-25', false, 371);
INSERT INTO Meter_reading(value, date, paid, meter_id)
        VALUES (366, '2012-2-2', false, 371);
INSERT INTO Meter_reading(value, date, paid, meter_id)
        VALUES (389, '2012-2-7', false, 371);
INSERT INTO Meter_reading(value, date, paid, meter_id)
        VALUES (406, '2012-2-18', false, 371);
INSERT INTO Meter_reading(value, date, paid, meter_id)
        VALUES (415, '2012-2-20', false, 371);
INSERT INTO person(person_id, name, surname, paternal_name, registration_date, email, password_hash, is_admin) 
    VALUES (186, 'test186', 'test186', '', '01/01/2012', 'test186', '098f6bcd4621d373cade4e832627b4f6', false);
INSERT INTO dweller VALUES (186);
INSERT INTO flat(flat_id, area, flat_number, balance, cladr_id, building_id)
    VALUES (186, 297, 186, 0, 1, 1);
INSERT INTO dweller_lives_in_flat(person_id, flat_id)
    VALUES (186, 186);
INSERT INTO meter(meter_id, installation_date, type, title, meter_unit_id, active, flat_id)
    VALUES (372, '01/01/2012', 'Water', 'Cold water in kitchen test186', 1, true, 186);
INSERT INTO meter(meter_id, installation_date, type, title, meter_unit_id, active, flat_id)
    VALUES (373, '01/01/2012', 'Electricity', 'Electricity in hall test186', 2, true, 186);
INSERT INTO Meter_reading(value, date, paid, meter_id)
        VALUES (232, '2012-1-5', false, 372);
INSERT INTO Meter_reading(value, date, paid, meter_id)
        VALUES (234, '2012-1-17', false, 372);
INSERT INTO Meter_reading(value, date, paid, meter_id)
        VALUES (263, '2012-1-27', false, 372);
INSERT INTO Meter_reading(value, date, paid, meter_id)
        VALUES (291, '2012-2-9', false, 372);
INSERT INTO Meter_reading(value, date, paid, meter_id)
        VALUES (305, '2012-2-11', false, 372);
INSERT INTO Meter_reading(value, date, paid, meter_id)
        VALUES (311, '2012-2-15', false, 372);
INSERT INTO Meter_reading(value, date, paid, meter_id)
        VALUES (340, '2012-2-26', false, 372);
INSERT INTO Meter_reading(value, date, paid, meter_id)
        VALUES (357, '2012-3-1', false, 372);
INSERT INTO Meter_reading(value, date, paid, meter_id)
        VALUES (212, '2012-1-8', false, 373);
INSERT INTO Meter_reading(value, date, paid, meter_id)
        VALUES (214, '2012-1-16', false, 373);
INSERT INTO Meter_reading(value, date, paid, meter_id)
        VALUES (246, '2012-1-24', false, 373);
INSERT INTO Meter_reading(value, date, paid, meter_id)
        VALUES (280, '2012-1-26', false, 373);
INSERT INTO Meter_reading(value, date, paid, meter_id)
        VALUES (293, '2012-2-1', false, 373);
INSERT INTO person(person_id, name, surname, paternal_name, registration_date, email, password_hash, is_admin) 
    VALUES (187, 'test187', 'test187', '', '01/01/2012', 'test187', '098f6bcd4621d373cade4e832627b4f6', false);
INSERT INTO dweller VALUES (187);
INSERT INTO flat(flat_id, area, flat_number, balance, cladr_id, building_id)
    VALUES (187, 288, 187, 0, 1, 1);
INSERT INTO dweller_lives_in_flat(person_id, flat_id)
    VALUES (187, 187);
INSERT INTO meter(meter_id, installation_date, type, title, meter_unit_id, active, flat_id)
    VALUES (374, '01/01/2012', 'Water', 'Cold water in kitchen test187', 1, true, 187);
INSERT INTO meter(meter_id, installation_date, type, title, meter_unit_id, active, flat_id)
    VALUES (375, '01/01/2012', 'Electricity', 'Electricity in hall test187', 2, true, 187);
INSERT INTO Meter_reading(value, date, paid, meter_id)
        VALUES (268, '2012-1-15', false, 374);
INSERT INTO Meter_reading(value, date, paid, meter_id)
        VALUES (282, '2012-1-17', false, 374);
INSERT INTO Meter_reading(value, date, paid, meter_id)
        VALUES (286, '2012-1-19', false, 374);
INSERT INTO Meter_reading(value, date, paid, meter_id)
        VALUES (292, '2012-2-5', false, 374);
INSERT INTO Meter_reading(value, date, paid, meter_id)
        VALUES (293, '2012-2-18', false, 374);
INSERT INTO Meter_reading(value, date, paid, meter_id)
        VALUES (315, '2012-3-2', false, 374);
INSERT INTO Meter_reading(value, date, paid, meter_id)
        VALUES (161, '2012-1-5', false, 375);
INSERT INTO Meter_reading(value, date, paid, meter_id)
        VALUES (181, '2012-1-17', false, 375);
INSERT INTO Meter_reading(value, date, paid, meter_id)
        VALUES (193, '2012-1-24', false, 375);
INSERT INTO Meter_reading(value, date, paid, meter_id)
        VALUES (221, '2012-1-25', false, 375);
INSERT INTO Meter_reading(value, date, paid, meter_id)
        VALUES (248, '2012-2-7', false, 375);
INSERT INTO Meter_reading(value, date, paid, meter_id)
        VALUES (260, '2012-2-19', false, 375);
INSERT INTO Meter_reading(value, date, paid, meter_id)
        VALUES (279, '2012-3-3', false, 375);
INSERT INTO Meter_reading(value, date, paid, meter_id)
        VALUES (296, '2012-3-15', false, 375);
INSERT INTO Meter_reading(value, date, paid, meter_id)
        VALUES (311, '2012-3-16', false, 375);
INSERT INTO Meter_reading(value, date, paid, meter_id)
        VALUES (317, '2012-4-1', false, 375);
INSERT INTO person(person_id, name, surname, paternal_name, registration_date, email, password_hash, is_admin) 
    VALUES (188, 'test188', 'test188', '', '01/01/2012', 'test188', '098f6bcd4621d373cade4e832627b4f6', false);
INSERT INTO dweller VALUES (188);
INSERT INTO flat(flat_id, area, flat_number, balance, cladr_id, building_id)
    VALUES (188, 90, 188, 0, 1, 1);
INSERT INTO dweller_lives_in_flat(person_id, flat_id)
    VALUES (188, 188);
INSERT INTO meter(meter_id, installation_date, type, title, meter_unit_id, active, flat_id)
    VALUES (376, '01/01/2012', 'Water', 'Cold water in kitchen test188', 1, true, 188);
INSERT INTO meter(meter_id, installation_date, type, title, meter_unit_id, active, flat_id)
    VALUES (377, '01/01/2012', 'Electricity', 'Electricity in hall test188', 2, true, 188);
INSERT INTO Meter_reading(value, date, paid, meter_id)
        VALUES (282, '2012-1-3', false, 376);
INSERT INTO Meter_reading(value, date, paid, meter_id)
        VALUES (288, '2012-1-17', false, 376);
INSERT INTO Meter_reading(value, date, paid, meter_id)
        VALUES (308, '2012-1-24', false, 376);
INSERT INTO Meter_reading(value, date, paid, meter_id)
        VALUES (351, '2012-2-6', false, 376);
INSERT INTO Meter_reading(value, date, paid, meter_id)
        VALUES (392, '2012-2-17', false, 376);
INSERT INTO Meter_reading(value, date, paid, meter_id)
        VALUES (411, '2012-3-2', false, 376);
INSERT INTO Meter_reading(value, date, paid, meter_id)
        VALUES (441, '2012-3-6', false, 376);
INSERT INTO Meter_reading(value, date, paid, meter_id)
        VALUES (478, '2012-3-19', false, 376);
INSERT INTO Meter_reading(value, date, paid, meter_id)
        VALUES (331, '2012-1-6', false, 377);
INSERT INTO Meter_reading(value, date, paid, meter_id)
        VALUES (372, '2012-1-15', false, 377);
INSERT INTO Meter_reading(value, date, paid, meter_id)
        VALUES (385, '2012-1-19', false, 377);
INSERT INTO Meter_reading(value, date, paid, meter_id)
        VALUES (434, '2012-1-22', false, 377);
INSERT INTO Meter_reading(value, date, paid, meter_id)
        VALUES (490, '2012-1-26', false, 377);
INSERT INTO Meter_reading(value, date, paid, meter_id)
        VALUES (540, '2012-2-7', false, 377);
INSERT INTO Meter_reading(value, date, paid, meter_id)
        VALUES (551, '2012-2-15', false, 377);
INSERT INTO person(person_id, name, surname, paternal_name, registration_date, email, password_hash, is_admin) 
    VALUES (189, 'test189', 'test189', '', '01/01/2012', 'test189', '098f6bcd4621d373cade4e832627b4f6', false);
INSERT INTO dweller VALUES (189);
INSERT INTO flat(flat_id, area, flat_number, balance, cladr_id, building_id)
    VALUES (189, 263, 189, 0, 1, 1);
INSERT INTO dweller_lives_in_flat(person_id, flat_id)
    VALUES (189, 189);
INSERT INTO meter(meter_id, installation_date, type, title, meter_unit_id, active, flat_id)
    VALUES (378, '01/01/2012', 'Water', 'Cold water in kitchen test189', 1, true, 189);
INSERT INTO meter(meter_id, installation_date, type, title, meter_unit_id, active, flat_id)
    VALUES (379, '01/01/2012', 'Electricity', 'Electricity in hall test189', 2, true, 189);
INSERT INTO Meter_reading(value, date, paid, meter_id)
        VALUES (108, '2012-1-12', false, 378);
INSERT INTO Meter_reading(value, date, paid, meter_id)
        VALUES (125, '2012-1-24', false, 378);
INSERT INTO Meter_reading(value, date, paid, meter_id)
        VALUES (154, '2012-1-27', false, 378);
INSERT INTO Meter_reading(value, date, paid, meter_id)
        VALUES (162, '2012-2-14', false, 378);
INSERT INTO Meter_reading(value, date, paid, meter_id)
        VALUES (191, '2012-2-15', false, 378);
INSERT INTO Meter_reading(value, date, paid, meter_id)
        VALUES (217, '2012-2-19', false, 378);
INSERT INTO Meter_reading(value, date, paid, meter_id)
        VALUES (239, '2012-2-22', false, 378);
INSERT INTO Meter_reading(value, date, paid, meter_id)
        VALUES (245, '2012-3-6', false, 378);
INSERT INTO Meter_reading(value, date, paid, meter_id)
        VALUES (269, '2012-3-14', false, 378);
INSERT INTO Meter_reading(value, date, paid, meter_id)
        VALUES (294, '2012-4-1', false, 378);
INSERT INTO Meter_reading(value, date, paid, meter_id)
        VALUES (296, '2012-4-10', false, 378);
INSERT INTO Meter_reading(value, date, paid, meter_id)
        VALUES (297, '2012-4-12', false, 378);
INSERT INTO Meter_reading(value, date, paid, meter_id)
        VALUES (309, '2012-4-20', false, 378);
INSERT INTO Meter_reading(value, date, paid, meter_id)
        VALUES (2, '2012-1-6', false, 379);
INSERT INTO Meter_reading(value, date, paid, meter_id)
        VALUES (31, '2012-1-13', false, 379);
INSERT INTO Meter_reading(value, date, paid, meter_id)
        VALUES (56, '2012-1-22', false, 379);
INSERT INTO Meter_reading(value, date, paid, meter_id)
        VALUES (73, '2012-1-26', false, 379);
INSERT INTO Meter_reading(value, date, paid, meter_id)
        VALUES (85, '2012-2-13', false, 379);
INSERT INTO Meter_reading(value, date, paid, meter_id)
        VALUES (109, '2012-2-21', false, 379);
INSERT INTO Meter_reading(value, date, paid, meter_id)
        VALUES (130, '2012-3-1', false, 379);
INSERT INTO Meter_reading(value, date, paid, meter_id)
        VALUES (141, '2012-3-2', false, 379);
INSERT INTO Meter_reading(value, date, paid, meter_id)
        VALUES (167, '2012-3-9', false, 379);
INSERT INTO Meter_reading(value, date, paid, meter_id)
        VALUES (186, '2012-3-18', false, 379);
INSERT INTO Meter_reading(value, date, paid, meter_id)
        VALUES (203, '2012-3-23', false, 379);
INSERT INTO person(person_id, name, surname, paternal_name, registration_date, email, password_hash, is_admin) 
    VALUES (190, 'test190', 'test190', '', '01/01/2012', 'test190', '098f6bcd4621d373cade4e832627b4f6', false);
INSERT INTO dweller VALUES (190);
INSERT INTO flat(flat_id, area, flat_number, balance, cladr_id, building_id)
    VALUES (190, 288, 190, 0, 1, 1);
INSERT INTO dweller_lives_in_flat(person_id, flat_id)
    VALUES (190, 190);
INSERT INTO meter(meter_id, installation_date, type, title, meter_unit_id, active, flat_id)
    VALUES (380, '01/01/2012', 'Water', 'Cold water in kitchen test190', 1, true, 190);
INSERT INTO meter(meter_id, installation_date, type, title, meter_unit_id, active, flat_id)
    VALUES (381, '01/01/2012', 'Electricity', 'Electricity in hall test190', 2, true, 190);
INSERT INTO Meter_reading(value, date, paid, meter_id)
        VALUES (142, '2012-1-9', false, 380);
INSERT INTO Meter_reading(value, date, paid, meter_id)
        VALUES (157, '2012-1-13', false, 380);
INSERT INTO Meter_reading(value, date, paid, meter_id)
        VALUES (179, '2012-1-19', false, 380);
INSERT INTO Meter_reading(value, date, paid, meter_id)
        VALUES (198, '2012-2-3', false, 380);
INSERT INTO Meter_reading(value, date, paid, meter_id)
        VALUES (211, '2012-2-10', false, 380);
INSERT INTO Meter_reading(value, date, paid, meter_id)
        VALUES (237, '2012-2-18', false, 380);
INSERT INTO Meter_reading(value, date, paid, meter_id)
        VALUES (248, '2012-3-1', false, 380);
INSERT INTO Meter_reading(value, date, paid, meter_id)
        VALUES (261, '2012-3-10', false, 380);
INSERT INTO Meter_reading(value, date, paid, meter_id)
        VALUES (57, '2012-1-3', false, 381);
INSERT INTO Meter_reading(value, date, paid, meter_id)
        VALUES (67, '2012-1-7', false, 381);
INSERT INTO Meter_reading(value, date, paid, meter_id)
        VALUES (76, '2012-1-12', false, 381);
INSERT INTO Meter_reading(value, date, paid, meter_id)
        VALUES (80, '2012-1-13', false, 381);
INSERT INTO Meter_reading(value, date, paid, meter_id)
        VALUES (96, '2012-1-25', false, 381);
INSERT INTO Meter_reading(value, date, paid, meter_id)
        VALUES (100, '2012-2-2', false, 381);
INSERT INTO Meter_reading(value, date, paid, meter_id)
        VALUES (120, '2012-2-16', false, 381);
INSERT INTO Meter_reading(value, date, paid, meter_id)
        VALUES (142, '2012-3-1', false, 381);
INSERT INTO Meter_reading(value, date, paid, meter_id)
        VALUES (171, '2012-3-8', false, 381);
INSERT INTO Meter_reading(value, date, paid, meter_id)
        VALUES (174, '2012-3-20', false, 381);
INSERT INTO Meter_reading(value, date, paid, meter_id)
        VALUES (198, '2012-3-27', false, 381);
INSERT INTO Meter_reading(value, date, paid, meter_id)
        VALUES (205, '2012-4-3', false, 381);
INSERT INTO Meter_reading(value, date, paid, meter_id)
        VALUES (230, '2012-4-15', false, 381);
INSERT INTO person(person_id, name, surname, paternal_name, registration_date, email, password_hash, is_admin) 
    VALUES (191, 'test191', 'test191', '', '01/01/2012', 'test191', '098f6bcd4621d373cade4e832627b4f6', false);
INSERT INTO dweller VALUES (191);
INSERT INTO flat(flat_id, area, flat_number, balance, cladr_id, building_id)
    VALUES (191, 271, 191, 0, 1, 1);
INSERT INTO dweller_lives_in_flat(person_id, flat_id)
    VALUES (191, 191);
INSERT INTO meter(meter_id, installation_date, type, title, meter_unit_id, active, flat_id)
    VALUES (382, '01/01/2012', 'Water', 'Cold water in kitchen test191', 1, true, 191);
INSERT INTO meter(meter_id, installation_date, type, title, meter_unit_id, active, flat_id)
    VALUES (383, '01/01/2012', 'Electricity', 'Electricity in hall test191', 2, true, 191);
INSERT INTO Meter_reading(value, date, paid, meter_id)
        VALUES (52, '2012-1-12', false, 382);
INSERT INTO Meter_reading(value, date, paid, meter_id)
        VALUES (55, '2012-1-19', false, 382);
INSERT INTO Meter_reading(value, date, paid, meter_id)
        VALUES (80, '2012-1-27', false, 382);
INSERT INTO Meter_reading(value, date, paid, meter_id)
        VALUES (84, '2012-2-5', false, 382);
INSERT INTO Meter_reading(value, date, paid, meter_id)
        VALUES (90, '2012-2-9', false, 382);
INSERT INTO Meter_reading(value, date, paid, meter_id)
        VALUES (105, '2012-2-15', false, 382);
INSERT INTO Meter_reading(value, date, paid, meter_id)
        VALUES (115, '2012-2-16', false, 382);
INSERT INTO Meter_reading(value, date, paid, meter_id)
        VALUES (139, '2012-2-27', false, 382);
INSERT INTO Meter_reading(value, date, paid, meter_id)
        VALUES (136, '2012-1-11', false, 383);
INSERT INTO Meter_reading(value, date, paid, meter_id)
        VALUES (144, '2012-1-14', false, 383);
INSERT INTO Meter_reading(value, date, paid, meter_id)
        VALUES (161, '2012-1-17', false, 383);
INSERT INTO Meter_reading(value, date, paid, meter_id)
        VALUES (182, '2012-1-25', false, 383);
INSERT INTO Meter_reading(value, date, paid, meter_id)
        VALUES (204, '2012-1-27', false, 383);
INSERT INTO Meter_reading(value, date, paid, meter_id)
        VALUES (205, '2012-2-6', false, 383);
INSERT INTO Meter_reading(value, date, paid, meter_id)
        VALUES (224, '2012-2-9', false, 383);
INSERT INTO Meter_reading(value, date, paid, meter_id)
        VALUES (247, '2012-2-20', false, 383);
INSERT INTO person(person_id, name, surname, paternal_name, registration_date, email, password_hash, is_admin) 
    VALUES (192, 'test192', 'test192', '', '01/01/2012', 'test192', '098f6bcd4621d373cade4e832627b4f6', false);
INSERT INTO dweller VALUES (192);
INSERT INTO flat(flat_id, area, flat_number, balance, cladr_id, building_id)
    VALUES (192, 271, 192, 0, 1, 1);
INSERT INTO dweller_lives_in_flat(person_id, flat_id)
    VALUES (192, 192);
INSERT INTO meter(meter_id, installation_date, type, title, meter_unit_id, active, flat_id)
    VALUES (384, '01/01/2012', 'Water', 'Cold water in kitchen test192', 1, true, 192);
INSERT INTO meter(meter_id, installation_date, type, title, meter_unit_id, active, flat_id)
    VALUES (385, '01/01/2012', 'Electricity', 'Electricity in hall test192', 2, true, 192);
INSERT INTO Meter_reading(value, date, paid, meter_id)
        VALUES (67, '2012-1-11', false, 384);
INSERT INTO Meter_reading(value, date, paid, meter_id)
        VALUES (83, '2012-1-15', false, 384);
INSERT INTO Meter_reading(value, date, paid, meter_id)
        VALUES (89, '2012-1-23', false, 384);
INSERT INTO Meter_reading(value, date, paid, meter_id)
        VALUES (116, '2012-2-7', false, 384);
INSERT INTO Meter_reading(value, date, paid, meter_id)
        VALUES (137, '2012-2-18', false, 384);
INSERT INTO Meter_reading(value, date, paid, meter_id)
        VALUES (133, '2012-1-6', false, 385);
INSERT INTO Meter_reading(value, date, paid, meter_id)
        VALUES (140, '2012-1-7', false, 385);
INSERT INTO Meter_reading(value, date, paid, meter_id)
        VALUES (144, '2012-1-18', false, 385);
INSERT INTO Meter_reading(value, date, paid, meter_id)
        VALUES (172, '2012-1-26', false, 385);
INSERT INTO Meter_reading(value, date, paid, meter_id)
        VALUES (194, '2012-2-7', false, 385);
INSERT INTO Meter_reading(value, date, paid, meter_id)
        VALUES (201, '2012-2-14', false, 385);
INSERT INTO Meter_reading(value, date, paid, meter_id)
        VALUES (211, '2012-2-23', false, 385);
INSERT INTO Meter_reading(value, date, paid, meter_id)
        VALUES (234, '2012-2-26', false, 385);
INSERT INTO person(person_id, name, surname, paternal_name, registration_date, email, password_hash, is_admin) 
    VALUES (193, 'test193', 'test193', '', '01/01/2012', 'test193', '098f6bcd4621d373cade4e832627b4f6', false);
INSERT INTO dweller VALUES (193);
INSERT INTO flat(flat_id, area, flat_number, balance, cladr_id, building_id)
    VALUES (193, 158, 193, 0, 1, 1);
INSERT INTO dweller_lives_in_flat(person_id, flat_id)
    VALUES (193, 193);
INSERT INTO meter(meter_id, installation_date, type, title, meter_unit_id, active, flat_id)
    VALUES (386, '01/01/2012', 'Water', 'Cold water in kitchen test193', 1, true, 193);
INSERT INTO meter(meter_id, installation_date, type, title, meter_unit_id, active, flat_id)
    VALUES (387, '01/01/2012', 'Electricity', 'Electricity in hall test193', 2, true, 193);
INSERT INTO Meter_reading(value, date, paid, meter_id)
        VALUES (35, '2012-1-5', false, 386);
INSERT INTO Meter_reading(value, date, paid, meter_id)
        VALUES (37, '2012-1-14', false, 386);
INSERT INTO Meter_reading(value, date, paid, meter_id)
        VALUES (61, '2012-1-16', false, 386);
INSERT INTO Meter_reading(value, date, paid, meter_id)
        VALUES (83, '2012-1-18', false, 386);
INSERT INTO Meter_reading(value, date, paid, meter_id)
        VALUES (110, '2012-2-1', false, 386);
INSERT INTO Meter_reading(value, date, paid, meter_id)
        VALUES (130, '2012-1-11', false, 387);
INSERT INTO Meter_reading(value, date, paid, meter_id)
        VALUES (152, '2012-1-13', false, 387);
INSERT INTO Meter_reading(value, date, paid, meter_id)
        VALUES (153, '2012-1-22', false, 387);
INSERT INTO Meter_reading(value, date, paid, meter_id)
        VALUES (206, '2012-2-8', false, 387);
INSERT INTO Meter_reading(value, date, paid, meter_id)
        VALUES (241, '2012-2-20', false, 387);
INSERT INTO Meter_reading(value, date, paid, meter_id)
        VALUES (267, '2012-3-7', false, 387);
INSERT INTO Meter_reading(value, date, paid, meter_id)
        VALUES (288, '2012-3-9', false, 387);
INSERT INTO Meter_reading(value, date, paid, meter_id)
        VALUES (329, '2012-3-22', false, 387);
INSERT INTO person(person_id, name, surname, paternal_name, registration_date, email, password_hash, is_admin) 
    VALUES (194, 'test194', 'test194', '', '01/01/2012', 'test194', '098f6bcd4621d373cade4e832627b4f6', false);
INSERT INTO dweller VALUES (194);
INSERT INTO flat(flat_id, area, flat_number, balance, cladr_id, building_id)
    VALUES (194, 243, 194, 0, 1, 1);
INSERT INTO dweller_lives_in_flat(person_id, flat_id)
    VALUES (194, 194);
INSERT INTO meter(meter_id, installation_date, type, title, meter_unit_id, active, flat_id)
    VALUES (388, '01/01/2012', 'Water', 'Cold water in kitchen test194', 1, true, 194);
INSERT INTO meter(meter_id, installation_date, type, title, meter_unit_id, active, flat_id)
    VALUES (389, '01/01/2012', 'Electricity', 'Electricity in hall test194', 2, true, 194);
INSERT INTO Meter_reading(value, date, paid, meter_id)
        VALUES (102, '2012-1-12', false, 388);
INSERT INTO Meter_reading(value, date, paid, meter_id)
        VALUES (111, '2012-1-20', false, 388);
INSERT INTO Meter_reading(value, date, paid, meter_id)
        VALUES (119, '2012-2-3', false, 388);
INSERT INTO Meter_reading(value, date, paid, meter_id)
        VALUES (169, '2012-2-13', false, 388);
INSERT INTO Meter_reading(value, date, paid, meter_id)
        VALUES (192, '2012-2-23', false, 388);
INSERT INTO Meter_reading(value, date, paid, meter_id)
        VALUES (238, '2012-3-8', false, 388);
INSERT INTO Meter_reading(value, date, paid, meter_id)
        VALUES (290, '2012-3-9', false, 388);
INSERT INTO Meter_reading(value, date, paid, meter_id)
        VALUES (338, '2012-3-16', false, 388);
INSERT INTO Meter_reading(value, date, paid, meter_id)
        VALUES (347, '2012-3-18', false, 388);
INSERT INTO Meter_reading(value, date, paid, meter_id)
        VALUES (363, '2012-3-19', false, 388);
INSERT INTO Meter_reading(value, date, paid, meter_id)
        VALUES (370, '2012-3-21', false, 388);
INSERT INTO Meter_reading(value, date, paid, meter_id)
        VALUES (271, '2012-1-6', false, 389);
INSERT INTO Meter_reading(value, date, paid, meter_id)
        VALUES (292, '2012-1-9', false, 389);
INSERT INTO Meter_reading(value, date, paid, meter_id)
        VALUES (308, '2012-1-14', false, 389);
INSERT INTO Meter_reading(value, date, paid, meter_id)
        VALUES (319, '2012-1-20', false, 389);
INSERT INTO Meter_reading(value, date, paid, meter_id)
        VALUES (343, '2012-2-2', false, 389);
INSERT INTO Meter_reading(value, date, paid, meter_id)
        VALUES (351, '2012-2-3', false, 389);
INSERT INTO Meter_reading(value, date, paid, meter_id)
        VALUES (371, '2012-2-13', false, 389);
INSERT INTO Meter_reading(value, date, paid, meter_id)
        VALUES (377, '2012-2-26', false, 389);
INSERT INTO Meter_reading(value, date, paid, meter_id)
        VALUES (385, '2012-3-4', false, 389);
INSERT INTO person(person_id, name, surname, paternal_name, registration_date, email, password_hash, is_admin) 
    VALUES (195, 'test195', 'test195', '', '01/01/2012', 'test195', '098f6bcd4621d373cade4e832627b4f6', false);
INSERT INTO dweller VALUES (195);
INSERT INTO flat(flat_id, area, flat_number, balance, cladr_id, building_id)
    VALUES (195, 119, 195, 0, 1, 1);
INSERT INTO dweller_lives_in_flat(person_id, flat_id)
    VALUES (195, 195);
INSERT INTO meter(meter_id, installation_date, type, title, meter_unit_id, active, flat_id)
    VALUES (390, '01/01/2012', 'Water', 'Cold water in kitchen test195', 1, true, 195);
INSERT INTO meter(meter_id, installation_date, type, title, meter_unit_id, active, flat_id)
    VALUES (391, '01/01/2012', 'Electricity', 'Electricity in hall test195', 2, true, 195);
INSERT INTO Meter_reading(value, date, paid, meter_id)
        VALUES (49, '2012-1-12', false, 390);
INSERT INTO Meter_reading(value, date, paid, meter_id)
        VALUES (130, '2012-1-13', false, 390);
INSERT INTO Meter_reading(value, date, paid, meter_id)
        VALUES (206, '2012-1-19', false, 390);
INSERT INTO Meter_reading(value, date, paid, meter_id)
        VALUES (250, '2012-1-27', false, 390);
INSERT INTO Meter_reading(value, date, paid, meter_id)
        VALUES (291, '2012-2-10', false, 390);
INSERT INTO Meter_reading(value, date, paid, meter_id)
        VALUES (351, '2012-2-24', false, 390);
INSERT INTO Meter_reading(value, date, paid, meter_id)
        VALUES (395, '2012-3-6', false, 390);
INSERT INTO Meter_reading(value, date, paid, meter_id)
        VALUES (420, '2012-3-13', false, 390);
INSERT INTO Meter_reading(value, date, paid, meter_id)
        VALUES (488, '2012-3-26', false, 390);
INSERT INTO Meter_reading(value, date, paid, meter_id)
        VALUES (497, '2012-4-10', false, 390);
INSERT INTO Meter_reading(value, date, paid, meter_id)
        VALUES (567, '2012-4-23', false, 390);
INSERT INTO Meter_reading(value, date, paid, meter_id)
        VALUES (610, '2012-5-6', false, 390);
INSERT INTO Meter_reading(value, date, paid, meter_id)
        VALUES (678, '2012-5-20', false, 390);
INSERT INTO Meter_reading(value, date, paid, meter_id)
        VALUES (144, '2012-1-7', false, 391);
INSERT INTO Meter_reading(value, date, paid, meter_id)
        VALUES (159, '2012-1-21', false, 391);
INSERT INTO Meter_reading(value, date, paid, meter_id)
        VALUES (161, '2012-1-24', false, 391);
INSERT INTO Meter_reading(value, date, paid, meter_id)
        VALUES (165, '2012-1-25', false, 391);
INSERT INTO Meter_reading(value, date, paid, meter_id)
        VALUES (169, '2012-1-27', false, 391);
INSERT INTO Meter_reading(value, date, paid, meter_id)
        VALUES (191, '2012-2-10', false, 391);
INSERT INTO Meter_reading(value, date, paid, meter_id)
        VALUES (203, '2012-2-14', false, 391);
INSERT INTO Meter_reading(value, date, paid, meter_id)
        VALUES (230, '2012-2-24', false, 391);
INSERT INTO Meter_reading(value, date, paid, meter_id)
        VALUES (240, '2012-3-11', false, 391);
INSERT INTO Meter_reading(value, date, paid, meter_id)
        VALUES (261, '2012-3-18', false, 391);
INSERT INTO Meter_reading(value, date, paid, meter_id)
        VALUES (286, '2012-3-23', false, 391);
INSERT INTO Meter_reading(value, date, paid, meter_id)
        VALUES (296, '2012-4-10', false, 391);
INSERT INTO Meter_reading(value, date, paid, meter_id)
        VALUES (305, '2012-4-23', false, 391);
INSERT INTO person(person_id, name, surname, paternal_name, registration_date, email, password_hash, is_admin) 
    VALUES (196, 'test196', 'test196', '', '01/01/2012', 'test196', '098f6bcd4621d373cade4e832627b4f6', false);
INSERT INTO dweller VALUES (196);
INSERT INTO flat(flat_id, area, flat_number, balance, cladr_id, building_id)
    VALUES (196, 294, 196, 0, 1, 1);
INSERT INTO dweller_lives_in_flat(person_id, flat_id)
    VALUES (196, 196);
INSERT INTO meter(meter_id, installation_date, type, title, meter_unit_id, active, flat_id)
    VALUES (392, '01/01/2012', 'Water', 'Cold water in kitchen test196', 1, true, 196);
INSERT INTO meter(meter_id, installation_date, type, title, meter_unit_id, active, flat_id)
    VALUES (393, '01/01/2012', 'Electricity', 'Electricity in hall test196', 2, true, 196);
INSERT INTO Meter_reading(value, date, paid, meter_id)
        VALUES (237, '2012-1-12', false, 392);
INSERT INTO Meter_reading(value, date, paid, meter_id)
        VALUES (239, '2012-1-21', false, 392);
INSERT INTO Meter_reading(value, date, paid, meter_id)
        VALUES (245, '2012-2-6', false, 392);
INSERT INTO Meter_reading(value, date, paid, meter_id)
        VALUES (256, '2012-2-10', false, 392);
INSERT INTO Meter_reading(value, date, paid, meter_id)
        VALUES (264, '2012-2-21', false, 392);
INSERT INTO Meter_reading(value, date, paid, meter_id)
        VALUES (293, '2012-3-8', false, 392);
INSERT INTO Meter_reading(value, date, paid, meter_id)
        VALUES (296, '2012-3-14', false, 392);
INSERT INTO Meter_reading(value, date, paid, meter_id)
        VALUES (193, '2012-1-11', false, 393);
INSERT INTO Meter_reading(value, date, paid, meter_id)
        VALUES (199, '2012-1-24', false, 393);
INSERT INTO Meter_reading(value, date, paid, meter_id)
        VALUES (203, '2012-2-11', false, 393);
INSERT INTO Meter_reading(value, date, paid, meter_id)
        VALUES (229, '2012-2-12', false, 393);
INSERT INTO Meter_reading(value, date, paid, meter_id)
        VALUES (246, '2012-2-19', false, 393);
INSERT INTO Meter_reading(value, date, paid, meter_id)
        VALUES (263, '2012-3-4', false, 393);
INSERT INTO Meter_reading(value, date, paid, meter_id)
        VALUES (275, '2012-3-6', false, 393);
INSERT INTO Meter_reading(value, date, paid, meter_id)
        VALUES (287, '2012-3-11', false, 393);
INSERT INTO Meter_reading(value, date, paid, meter_id)
        VALUES (292, '2012-3-17', false, 393);
INSERT INTO Meter_reading(value, date, paid, meter_id)
        VALUES (293, '2012-4-3', false, 393);
INSERT INTO Meter_reading(value, date, paid, meter_id)
        VALUES (306, '2012-4-8', false, 393);
INSERT INTO Meter_reading(value, date, paid, meter_id)
        VALUES (308, '2012-4-16', false, 393);
INSERT INTO Meter_reading(value, date, paid, meter_id)
        VALUES (310, '2012-4-27', false, 393);
INSERT INTO person(person_id, name, surname, paternal_name, registration_date, email, password_hash, is_admin) 
    VALUES (197, 'test197', 'test197', '', '01/01/2012', 'test197', '098f6bcd4621d373cade4e832627b4f6', false);
INSERT INTO dweller VALUES (197);
INSERT INTO flat(flat_id, area, flat_number, balance, cladr_id, building_id)
    VALUES (197, 161, 197, 0, 1, 1);
INSERT INTO dweller_lives_in_flat(person_id, flat_id)
    VALUES (197, 197);
INSERT INTO meter(meter_id, installation_date, type, title, meter_unit_id, active, flat_id)
    VALUES (394, '01/01/2012', 'Water', 'Cold water in kitchen test197', 1, true, 197);
INSERT INTO meter(meter_id, installation_date, type, title, meter_unit_id, active, flat_id)
    VALUES (395, '01/01/2012', 'Electricity', 'Electricity in hall test197', 2, true, 197);
INSERT INTO Meter_reading(value, date, paid, meter_id)
        VALUES (169, '2012-1-5', false, 394);
INSERT INTO Meter_reading(value, date, paid, meter_id)
        VALUES (192, '2012-1-7', false, 394);
INSERT INTO Meter_reading(value, date, paid, meter_id)
        VALUES (201, '2012-1-18', false, 394);
INSERT INTO Meter_reading(value, date, paid, meter_id)
        VALUES (221, '2012-1-22', false, 394);
INSERT INTO Meter_reading(value, date, paid, meter_id)
        VALUES (233, '2012-2-4', false, 394);
INSERT INTO Meter_reading(value, date, paid, meter_id)
        VALUES (237, '2012-2-5', false, 394);
INSERT INTO Meter_reading(value, date, paid, meter_id)
        VALUES (241, '2012-2-18', false, 394);
INSERT INTO Meter_reading(value, date, paid, meter_id)
        VALUES (257, '2012-2-22', false, 394);
INSERT INTO Meter_reading(value, date, paid, meter_id)
        VALUES (320, '2012-1-12', false, 395);
INSERT INTO Meter_reading(value, date, paid, meter_id)
        VALUES (346, '2012-1-20', false, 395);
INSERT INTO Meter_reading(value, date, paid, meter_id)
        VALUES (364, '2012-2-2', false, 395);
INSERT INTO Meter_reading(value, date, paid, meter_id)
        VALUES (373, '2012-2-11', false, 395);
INSERT INTO Meter_reading(value, date, paid, meter_id)
        VALUES (400, '2012-2-23', false, 395);
INSERT INTO Meter_reading(value, date, paid, meter_id)
        VALUES (414, '2012-3-9', false, 395);
INSERT INTO Meter_reading(value, date, paid, meter_id)
        VALUES (436, '2012-3-12', false, 395);
INSERT INTO Meter_reading(value, date, paid, meter_id)
        VALUES (457, '2012-3-20', false, 395);
INSERT INTO Meter_reading(value, date, paid, meter_id)
        VALUES (458, '2012-3-22', false, 395);
INSERT INTO person(person_id, name, surname, paternal_name, registration_date, email, password_hash, is_admin) 
    VALUES (198, 'test198', 'test198', '', '01/01/2012', 'test198', '098f6bcd4621d373cade4e832627b4f6', false);
INSERT INTO dweller VALUES (198);
INSERT INTO flat(flat_id, area, flat_number, balance, cladr_id, building_id)
    VALUES (198, 186, 198, 0, 1, 1);
INSERT INTO dweller_lives_in_flat(person_id, flat_id)
    VALUES (198, 198);
INSERT INTO meter(meter_id, installation_date, type, title, meter_unit_id, active, flat_id)
    VALUES (396, '01/01/2012', 'Water', 'Cold water in kitchen test198', 1, true, 198);
INSERT INTO meter(meter_id, installation_date, type, title, meter_unit_id, active, flat_id)
    VALUES (397, '01/01/2012', 'Electricity', 'Electricity in hall test198', 2, true, 198);
INSERT INTO Meter_reading(value, date, paid, meter_id)
        VALUES (145, '2012-1-14', false, 396);
INSERT INTO Meter_reading(value, date, paid, meter_id)
        VALUES (157, '2012-1-17', false, 396);
INSERT INTO Meter_reading(value, date, paid, meter_id)
        VALUES (178, '2012-1-18', false, 396);
INSERT INTO Meter_reading(value, date, paid, meter_id)
        VALUES (186, '2012-2-4', false, 396);
INSERT INTO Meter_reading(value, date, paid, meter_id)
        VALUES (205, '2012-2-14', false, 396);
INSERT INTO Meter_reading(value, date, paid, meter_id)
        VALUES (150, '2012-1-8', false, 397);
INSERT INTO Meter_reading(value, date, paid, meter_id)
        VALUES (176, '2012-1-22', false, 397);
INSERT INTO Meter_reading(value, date, paid, meter_id)
        VALUES (195, '2012-2-2', false, 397);
INSERT INTO Meter_reading(value, date, paid, meter_id)
        VALUES (203, '2012-2-15', false, 397);
INSERT INTO Meter_reading(value, date, paid, meter_id)
        VALUES (216, '2012-2-23', false, 397);
INSERT INTO Meter_reading(value, date, paid, meter_id)
        VALUES (224, '2012-3-10', false, 397);
INSERT INTO Meter_reading(value, date, paid, meter_id)
        VALUES (237, '2012-3-24', false, 397);
INSERT INTO Meter_reading(value, date, paid, meter_id)
        VALUES (254, '2012-4-3', false, 397);
INSERT INTO Meter_reading(value, date, paid, meter_id)
        VALUES (261, '2012-4-12', false, 397);
INSERT INTO Meter_reading(value, date, paid, meter_id)
        VALUES (264, '2012-4-24', false, 397);
INSERT INTO person(person_id, name, surname, paternal_name, registration_date, email, password_hash, is_admin) 
    VALUES (199, 'test199', 'test199', '', '01/01/2012', 'test199', '098f6bcd4621d373cade4e832627b4f6', false);
INSERT INTO dweller VALUES (199);
INSERT INTO flat(flat_id, area, flat_number, balance, cladr_id, building_id)
    VALUES (199, 116, 199, 0, 1, 1);
INSERT INTO dweller_lives_in_flat(person_id, flat_id)
    VALUES (199, 199);
INSERT INTO meter(meter_id, installation_date, type, title, meter_unit_id, active, flat_id)
    VALUES (398, '01/01/2012', 'Water', 'Cold water in kitchen test199', 1, true, 199);
INSERT INTO meter(meter_id, installation_date, type, title, meter_unit_id, active, flat_id)
    VALUES (399, '01/01/2012', 'Electricity', 'Electricity in hall test199', 2, true, 199);
INSERT INTO Meter_reading(value, date, paid, meter_id)
        VALUES (40, '2012-1-13', false, 398);
INSERT INTO Meter_reading(value, date, paid, meter_id)
        VALUES (63, '2012-1-14', false, 398);
INSERT INTO Meter_reading(value, date, paid, meter_id)
        VALUES (68, '2012-1-16', false, 398);
INSERT INTO Meter_reading(value, date, paid, meter_id)
        VALUES (92, '2012-1-24', false, 398);
INSERT INTO Meter_reading(value, date, paid, meter_id)
        VALUES (105, '2012-2-2', false, 398);
INSERT INTO Meter_reading(value, date, paid, meter_id)
        VALUES (117, '2012-2-7', false, 398);
INSERT INTO Meter_reading(value, date, paid, meter_id)
        VALUES (128, '2012-2-14', false, 398);
INSERT INTO Meter_reading(value, date, paid, meter_id)
        VALUES (132, '2012-2-20', false, 398);
INSERT INTO Meter_reading(value, date, paid, meter_id)
        VALUES (160, '2012-3-7', false, 398);
INSERT INTO Meter_reading(value, date, paid, meter_id)
        VALUES (171, '2012-3-12', false, 398);
INSERT INTO Meter_reading(value, date, paid, meter_id)
        VALUES (193, '2012-3-16', false, 398);
INSERT INTO Meter_reading(value, date, paid, meter_id)
        VALUES (208, '2012-3-24', false, 398);
INSERT INTO Meter_reading(value, date, paid, meter_id)
        VALUES (218, '2012-4-5', false, 398);
INSERT INTO Meter_reading(value, date, paid, meter_id)
        VALUES (265, '2012-1-12', false, 399);
INSERT INTO Meter_reading(value, date, paid, meter_id)
        VALUES (268, '2012-1-26', false, 399);
INSERT INTO Meter_reading(value, date, paid, meter_id)
        VALUES (310, '2012-2-2', false, 399);
INSERT INTO Meter_reading(value, date, paid, meter_id)
        VALUES (356, '2012-2-5', false, 399);
INSERT INTO Meter_reading(value, date, paid, meter_id)
        VALUES (364, '2012-2-19', false, 399);
INSERT INTO Meter_reading(value, date, paid, meter_id)
        VALUES (405, '2012-2-26', false, 399);
INSERT INTO Meter_reading(value, date, paid, meter_id)
        VALUES (438, '2012-3-10', false, 399);
INSERT INTO Meter_reading(value, date, paid, meter_id)
        VALUES (485, '2012-3-15', false, 399);
INSERT INTO Meter_reading(value, date, paid, meter_id)
        VALUES (531, '2012-3-26', false, 399);
INSERT INTO Meter_reading(value, date, paid, meter_id)
        VALUES (571, '2012-3-27', false, 399);
INSERT INTO Meter_reading(value, date, paid, meter_id)
        VALUES (597, '2012-4-9', false, 399);
INSERT INTO person(person_id, name, surname, paternal_name, registration_date, email, password_hash, is_admin) 
    VALUES (200, 'test200', 'test200', '', '01/01/2012', 'test200', '098f6bcd4621d373cade4e832627b4f6', false);
INSERT INTO dweller VALUES (200);
INSERT INTO flat(flat_id, area, flat_number, balance, cladr_id, building_id)
    VALUES (200, 146, 200, 0, 1, 1);
INSERT INTO dweller_lives_in_flat(person_id, flat_id)
    VALUES (200, 200);
INSERT INTO meter(meter_id, installation_date, type, title, meter_unit_id, active, flat_id)
    VALUES (400, '01/01/2012', 'Water', 'Cold water in kitchen test200', 1, true, 200);
INSERT INTO meter(meter_id, installation_date, type, title, meter_unit_id, active, flat_id)
    VALUES (401, '01/01/2012', 'Electricity', 'Electricity in hall test200', 2, true, 200);
INSERT INTO Meter_reading(value, date, paid, meter_id)
        VALUES (50, '2012-1-12', false, 400);
INSERT INTO Meter_reading(value, date, paid, meter_id)
        VALUES (54, '2012-1-20', false, 400);
INSERT INTO Meter_reading(value, date, paid, meter_id)
        VALUES (60, '2012-1-21', false, 400);
INSERT INTO Meter_reading(value, date, paid, meter_id)
        VALUES (87, '2012-1-23', false, 400);
INSERT INTO Meter_reading(value, date, paid, meter_id)
        VALUES (98, '2012-2-6', false, 400);
INSERT INTO Meter_reading(value, date, paid, meter_id)
        VALUES (115, '2012-2-15', false, 400);
INSERT INTO Meter_reading(value, date, paid, meter_id)
        VALUES (268, '2012-1-9', false, 401);
INSERT INTO Meter_reading(value, date, paid, meter_id)
        VALUES (274, '2012-1-10', false, 401);
INSERT INTO Meter_reading(value, date, paid, meter_id)
        VALUES (319, '2012-1-12', false, 401);
INSERT INTO Meter_reading(value, date, paid, meter_id)
        VALUES (349, '2012-1-17', false, 401);
INSERT INTO Meter_reading(value, date, paid, meter_id)
        VALUES (392, '2012-2-1', false, 401);
INSERT INTO Meter_reading(value, date, paid, meter_id)
        VALUES (414, '2012-2-11', false, 401);
INSERT INTO Meter_reading(value, date, paid, meter_id)
        VALUES (426, '2012-2-19', false, 401);
INSERT INTO Meter_reading(value, date, paid, meter_id)
        VALUES (442, '2012-3-1', false, 401);
INSERT INTO Meter_reading(value, date, paid, meter_id)
        VALUES (478, '2012-3-7', false, 401);
INSERT INTO Meter_reading(value, date, paid, meter_id)
        VALUES (513, '2012-3-8', false, 401);
INSERT INTO Meter_reading(value, date, paid, meter_id)
        VALUES (527, '2012-3-19', false, 401);
INSERT INTO Meter_reading(value, date, paid, meter_id)
        VALUES (576, '2012-3-22', false, 401);
INSERT INTO person(person_id, name, surname, paternal_name, registration_date, email, password_hash, is_admin) 
    VALUES (201, 'test201', 'test201', '', '01/01/2012', 'test201', '098f6bcd4621d373cade4e832627b4f6', false);
INSERT INTO dweller VALUES (201);
INSERT INTO flat(flat_id, area, flat_number, balance, cladr_id, building_id)
    VALUES (201, 166, 201, 0, 1, 1);
INSERT INTO dweller_lives_in_flat(person_id, flat_id)
    VALUES (201, 201);
INSERT INTO meter(meter_id, installation_date, type, title, meter_unit_id, active, flat_id)
    VALUES (402, '01/01/2012', 'Water', 'Cold water in kitchen test201', 1, true, 201);
INSERT INTO meter(meter_id, installation_date, type, title, meter_unit_id, active, flat_id)
    VALUES (403, '01/01/2012', 'Electricity', 'Electricity in hall test201', 2, true, 201);
INSERT INTO Meter_reading(value, date, paid, meter_id)
        VALUES (53, '2012-1-10', false, 402);
INSERT INTO Meter_reading(value, date, paid, meter_id)
        VALUES (69, '2012-1-24', false, 402);
INSERT INTO Meter_reading(value, date, paid, meter_id)
        VALUES (92, '2012-2-9', false, 402);
INSERT INTO Meter_reading(value, date, paid, meter_id)
        VALUES (101, '2012-2-20', false, 402);
INSERT INTO Meter_reading(value, date, paid, meter_id)
        VALUES (145, '2012-3-5', false, 402);
INSERT INTO Meter_reading(value, date, paid, meter_id)
        VALUES (177, '2012-3-19', false, 402);
INSERT INTO Meter_reading(value, date, paid, meter_id)
        VALUES (213, '2012-4-2', false, 402);
INSERT INTO Meter_reading(value, date, paid, meter_id)
        VALUES (248, '2012-4-8', false, 402);
INSERT INTO Meter_reading(value, date, paid, meter_id)
        VALUES (180, '2012-1-15', false, 403);
INSERT INTO Meter_reading(value, date, paid, meter_id)
        VALUES (197, '2012-2-2', false, 403);
INSERT INTO Meter_reading(value, date, paid, meter_id)
        VALUES (226, '2012-2-12', false, 403);
INSERT INTO Meter_reading(value, date, paid, meter_id)
        VALUES (234, '2012-2-22', false, 403);
INSERT INTO Meter_reading(value, date, paid, meter_id)
        VALUES (261, '2012-3-5', false, 403);
INSERT INTO Meter_reading(value, date, paid, meter_id)
        VALUES (278, '2012-3-14', false, 403);
INSERT INTO Meter_reading(value, date, paid, meter_id)
        VALUES (290, '2012-4-1', false, 403);
INSERT INTO Meter_reading(value, date, paid, meter_id)
        VALUES (315, '2012-4-9', false, 403);
INSERT INTO Meter_reading(value, date, paid, meter_id)
        VALUES (328, '2012-4-16', false, 403);
INSERT INTO Meter_reading(value, date, paid, meter_id)
        VALUES (341, '2012-5-1', false, 403);
INSERT INTO Meter_reading(value, date, paid, meter_id)
        VALUES (368, '2012-5-3', false, 403);
INSERT INTO person(person_id, name, surname, paternal_name, registration_date, email, password_hash, is_admin) 
    VALUES (202, 'test202', 'test202', '', '01/01/2012', 'test202', '098f6bcd4621d373cade4e832627b4f6', false);
INSERT INTO dweller VALUES (202);
INSERT INTO flat(flat_id, area, flat_number, balance, cladr_id, building_id)
    VALUES (202, 160, 202, 0, 1, 1);
INSERT INTO dweller_lives_in_flat(person_id, flat_id)
    VALUES (202, 202);
INSERT INTO meter(meter_id, installation_date, type, title, meter_unit_id, active, flat_id)
    VALUES (404, '01/01/2012', 'Water', 'Cold water in kitchen test202', 1, true, 202);
INSERT INTO meter(meter_id, installation_date, type, title, meter_unit_id, active, flat_id)
    VALUES (405, '01/01/2012', 'Electricity', 'Electricity in hall test202', 2, true, 202);
INSERT INTO Meter_reading(value, date, paid, meter_id)
        VALUES (255, '2012-1-13', false, 404);
INSERT INTO Meter_reading(value, date, paid, meter_id)
        VALUES (270, '2012-1-26', false, 404);
INSERT INTO Meter_reading(value, date, paid, meter_id)
        VALUES (283, '2012-2-13', false, 404);
INSERT INTO Meter_reading(value, date, paid, meter_id)
        VALUES (294, '2012-2-27', false, 404);
INSERT INTO Meter_reading(value, date, paid, meter_id)
        VALUES (305, '2012-3-2', false, 404);
INSERT INTO Meter_reading(value, date, paid, meter_id)
        VALUES (322, '2012-3-6', false, 404);
INSERT INTO Meter_reading(value, date, paid, meter_id)
        VALUES (331, '2012-3-15', false, 404);
INSERT INTO Meter_reading(value, date, paid, meter_id)
        VALUES (346, '2012-3-19', false, 404);
INSERT INTO Meter_reading(value, date, paid, meter_id)
        VALUES (365, '2012-4-3', false, 404);
INSERT INTO Meter_reading(value, date, paid, meter_id)
        VALUES (169, '2012-1-9', false, 405);
INSERT INTO Meter_reading(value, date, paid, meter_id)
        VALUES (177, '2012-1-15', false, 405);
INSERT INTO Meter_reading(value, date, paid, meter_id)
        VALUES (183, '2012-1-22', false, 405);
INSERT INTO Meter_reading(value, date, paid, meter_id)
        VALUES (185, '2012-2-6', false, 405);
INSERT INTO Meter_reading(value, date, paid, meter_id)
        VALUES (189, '2012-2-9', false, 405);
INSERT INTO Meter_reading(value, date, paid, meter_id)
        VALUES (199, '2012-2-10', false, 405);
INSERT INTO Meter_reading(value, date, paid, meter_id)
        VALUES (203, '2012-2-20', false, 405);
INSERT INTO Meter_reading(value, date, paid, meter_id)
        VALUES (209, '2012-3-1', false, 405);
INSERT INTO Meter_reading(value, date, paid, meter_id)
        VALUES (225, '2012-3-2', false, 405);
INSERT INTO Meter_reading(value, date, paid, meter_id)
        VALUES (236, '2012-3-4', false, 405);
INSERT INTO Meter_reading(value, date, paid, meter_id)
        VALUES (254, '2012-3-7', false, 405);
INSERT INTO person(person_id, name, surname, paternal_name, registration_date, email, password_hash, is_admin) 
    VALUES (203, 'test203', 'test203', '', '01/01/2012', 'test203', '098f6bcd4621d373cade4e832627b4f6', false);
INSERT INTO dweller VALUES (203);
INSERT INTO flat(flat_id, area, flat_number, balance, cladr_id, building_id)
    VALUES (203, 216, 203, 0, 1, 1);
INSERT INTO dweller_lives_in_flat(person_id, flat_id)
    VALUES (203, 203);
INSERT INTO meter(meter_id, installation_date, type, title, meter_unit_id, active, flat_id)
    VALUES (406, '01/01/2012', 'Water', 'Cold water in kitchen test203', 1, true, 203);
INSERT INTO meter(meter_id, installation_date, type, title, meter_unit_id, active, flat_id)
    VALUES (407, '01/01/2012', 'Electricity', 'Electricity in hall test203', 2, true, 203);
INSERT INTO Meter_reading(value, date, paid, meter_id)
        VALUES (306, '2012-1-5', false, 406);
INSERT INTO Meter_reading(value, date, paid, meter_id)
        VALUES (361, '2012-1-16', false, 406);
INSERT INTO Meter_reading(value, date, paid, meter_id)
        VALUES (366, '2012-2-2', false, 406);
INSERT INTO Meter_reading(value, date, paid, meter_id)
        VALUES (436, '2012-2-11', false, 406);
INSERT INTO Meter_reading(value, date, paid, meter_id)
        VALUES (492, '2012-2-13', false, 406);
INSERT INTO Meter_reading(value, date, paid, meter_id)
        VALUES (72, '2012-1-11', false, 407);
INSERT INTO Meter_reading(value, date, paid, meter_id)
        VALUES (81, '2012-1-19', false, 407);
INSERT INTO Meter_reading(value, date, paid, meter_id)
        VALUES (84, '2012-1-26', false, 407);
INSERT INTO Meter_reading(value, date, paid, meter_id)
        VALUES (96, '2012-2-12', false, 407);
INSERT INTO Meter_reading(value, date, paid, meter_id)
        VALUES (102, '2012-2-20', false, 407);
INSERT INTO Meter_reading(value, date, paid, meter_id)
        VALUES (121, '2012-2-24', false, 407);
INSERT INTO Meter_reading(value, date, paid, meter_id)
        VALUES (136, '2012-3-11', false, 407);
INSERT INTO Meter_reading(value, date, paid, meter_id)
        VALUES (138, '2012-3-14', false, 407);
INSERT INTO Meter_reading(value, date, paid, meter_id)
        VALUES (144, '2012-3-16', false, 407);
INSERT INTO person(person_id, name, surname, paternal_name, registration_date, email, password_hash, is_admin) 
    VALUES (204, 'test204', 'test204', '', '01/01/2012', 'test204', '098f6bcd4621d373cade4e832627b4f6', false);
INSERT INTO dweller VALUES (204);
INSERT INTO flat(flat_id, area, flat_number, balance, cladr_id, building_id)
    VALUES (204, 186, 204, 0, 1, 1);
INSERT INTO dweller_lives_in_flat(person_id, flat_id)
    VALUES (204, 204);
INSERT INTO meter(meter_id, installation_date, type, title, meter_unit_id, active, flat_id)
    VALUES (408, '01/01/2012', 'Water', 'Cold water in kitchen test204', 1, true, 204);
INSERT INTO meter(meter_id, installation_date, type, title, meter_unit_id, active, flat_id)
    VALUES (409, '01/01/2012', 'Electricity', 'Electricity in hall test204', 2, true, 204);
INSERT INTO Meter_reading(value, date, paid, meter_id)
        VALUES (179, '2012-1-3', false, 408);
INSERT INTO Meter_reading(value, date, paid, meter_id)
        VALUES (235, '2012-1-10', false, 408);
INSERT INTO Meter_reading(value, date, paid, meter_id)
        VALUES (240, '2012-1-18', false, 408);
INSERT INTO Meter_reading(value, date, paid, meter_id)
        VALUES (270, '2012-1-25', false, 408);
INSERT INTO Meter_reading(value, date, paid, meter_id)
        VALUES (288, '2012-2-1', false, 408);
INSERT INTO Meter_reading(value, date, paid, meter_id)
        VALUES (345, '2012-2-3', false, 408);
INSERT INTO Meter_reading(value, date, paid, meter_id)
        VALUES (409, '2012-2-7', false, 408);
INSERT INTO Meter_reading(value, date, paid, meter_id)
        VALUES (431, '2012-2-20', false, 408);
INSERT INTO Meter_reading(value, date, paid, meter_id)
        VALUES (453, '2012-3-4', false, 408);
INSERT INTO Meter_reading(value, date, paid, meter_id)
        VALUES (485, '2012-3-5', false, 408);
INSERT INTO Meter_reading(value, date, paid, meter_id)
        VALUES (153, '2012-1-16', false, 409);
INSERT INTO Meter_reading(value, date, paid, meter_id)
        VALUES (216, '2012-1-18', false, 409);
INSERT INTO Meter_reading(value, date, paid, meter_id)
        VALUES (232, '2012-1-27', false, 409);
INSERT INTO Meter_reading(value, date, paid, meter_id)
        VALUES (295, '2012-2-13', false, 409);
INSERT INTO Meter_reading(value, date, paid, meter_id)
        VALUES (362, '2012-2-21', false, 409);
INSERT INTO Meter_reading(value, date, paid, meter_id)
        VALUES (392, '2012-3-3', false, 409);
INSERT INTO Meter_reading(value, date, paid, meter_id)
        VALUES (454, '2012-3-12', false, 409);
INSERT INTO Meter_reading(value, date, paid, meter_id)
        VALUES (522, '2012-3-15', false, 409);
INSERT INTO person(person_id, name, surname, paternal_name, registration_date, email, password_hash, is_admin) 
    VALUES (205, 'test205', 'test205', '', '01/01/2012', 'test205', '098f6bcd4621d373cade4e832627b4f6', false);
INSERT INTO dweller VALUES (205);
INSERT INTO flat(flat_id, area, flat_number, balance, cladr_id, building_id)
    VALUES (205, 80, 205, 0, 1, 1);
INSERT INTO dweller_lives_in_flat(person_id, flat_id)
    VALUES (205, 205);
INSERT INTO meter(meter_id, installation_date, type, title, meter_unit_id, active, flat_id)
    VALUES (410, '01/01/2012', 'Water', 'Cold water in kitchen test205', 1, true, 205);
INSERT INTO meter(meter_id, installation_date, type, title, meter_unit_id, active, flat_id)
    VALUES (411, '01/01/2012', 'Electricity', 'Electricity in hall test205', 2, true, 205);
INSERT INTO Meter_reading(value, date, paid, meter_id)
        VALUES (104, '2012-1-7', false, 410);
INSERT INTO Meter_reading(value, date, paid, meter_id)
        VALUES (120, '2012-1-14', false, 410);
INSERT INTO Meter_reading(value, date, paid, meter_id)
        VALUES (147, '2012-1-26', false, 410);
INSERT INTO Meter_reading(value, date, paid, meter_id)
        VALUES (168, '2012-2-10', false, 410);
INSERT INTO Meter_reading(value, date, paid, meter_id)
        VALUES (188, '2012-2-13', false, 410);
INSERT INTO Meter_reading(value, date, paid, meter_id)
        VALUES (198, '2012-2-27', false, 410);
INSERT INTO Meter_reading(value, date, paid, meter_id)
        VALUES (224, '2012-3-12', false, 410);
INSERT INTO Meter_reading(value, date, paid, meter_id)
        VALUES (231, '2012-3-22', false, 410);
INSERT INTO Meter_reading(value, date, paid, meter_id)
        VALUES (258, '2012-4-7', false, 410);
INSERT INTO Meter_reading(value, date, paid, meter_id)
        VALUES (265, '2012-4-18', false, 410);
INSERT INTO Meter_reading(value, date, paid, meter_id)
        VALUES (51, '2012-1-13', false, 411);
INSERT INTO Meter_reading(value, date, paid, meter_id)
        VALUES (88, '2012-1-27', false, 411);
INSERT INTO Meter_reading(value, date, paid, meter_id)
        VALUES (120, '2012-2-8', false, 411);
INSERT INTO Meter_reading(value, date, paid, meter_id)
        VALUES (150, '2012-2-10', false, 411);
INSERT INTO Meter_reading(value, date, paid, meter_id)
        VALUES (170, '2012-2-22', false, 411);
INSERT INTO Meter_reading(value, date, paid, meter_id)
        VALUES (177, '2012-3-8', false, 411);
INSERT INTO Meter_reading(value, date, paid, meter_id)
        VALUES (184, '2012-3-14', false, 411);
INSERT INTO Meter_reading(value, date, paid, meter_id)
        VALUES (227, '2012-3-27', false, 411);
INSERT INTO Meter_reading(value, date, paid, meter_id)
        VALUES (232, '2012-4-4', false, 411);
INSERT INTO Meter_reading(value, date, paid, meter_id)
        VALUES (233, '2012-4-9', false, 411);
INSERT INTO person(person_id, name, surname, paternal_name, registration_date, email, password_hash, is_admin) 
    VALUES (206, 'test206', 'test206', '', '01/01/2012', 'test206', '098f6bcd4621d373cade4e832627b4f6', false);
INSERT INTO dweller VALUES (206);
INSERT INTO flat(flat_id, area, flat_number, balance, cladr_id, building_id)
    VALUES (206, 144, 206, 0, 1, 1);
INSERT INTO dweller_lives_in_flat(person_id, flat_id)
    VALUES (206, 206);
INSERT INTO meter(meter_id, installation_date, type, title, meter_unit_id, active, flat_id)
    VALUES (412, '01/01/2012', 'Water', 'Cold water in kitchen test206', 1, true, 206);
INSERT INTO meter(meter_id, installation_date, type, title, meter_unit_id, active, flat_id)
    VALUES (413, '01/01/2012', 'Electricity', 'Electricity in hall test206', 2, true, 206);
INSERT INTO Meter_reading(value, date, paid, meter_id)
        VALUES (140, '2012-1-11', false, 412);
INSERT INTO Meter_reading(value, date, paid, meter_id)
        VALUES (144, '2012-1-16', false, 412);
INSERT INTO Meter_reading(value, date, paid, meter_id)
        VALUES (171, '2012-1-19', false, 412);
INSERT INTO Meter_reading(value, date, paid, meter_id)
        VALUES (176, '2012-1-20', false, 412);
INSERT INTO Meter_reading(value, date, paid, meter_id)
        VALUES (182, '2012-2-2', false, 412);
INSERT INTO Meter_reading(value, date, paid, meter_id)
        VALUES (192, '2012-2-13', false, 412);
INSERT INTO Meter_reading(value, date, paid, meter_id)
        VALUES (199, '2012-2-22', false, 412);
INSERT INTO Meter_reading(value, date, paid, meter_id)
        VALUES (216, '2012-3-9', false, 412);
INSERT INTO Meter_reading(value, date, paid, meter_id)
        VALUES (217, '2012-3-17', false, 412);
INSERT INTO Meter_reading(value, date, paid, meter_id)
        VALUES (254, '2012-1-8', false, 413);
INSERT INTO Meter_reading(value, date, paid, meter_id)
        VALUES (275, '2012-1-14', false, 413);
INSERT INTO Meter_reading(value, date, paid, meter_id)
        VALUES (285, '2012-1-23', false, 413);
INSERT INTO Meter_reading(value, date, paid, meter_id)
        VALUES (307, '2012-2-1', false, 413);
INSERT INTO Meter_reading(value, date, paid, meter_id)
        VALUES (328, '2012-2-12', false, 413);
INSERT INTO Meter_reading(value, date, paid, meter_id)
        VALUES (348, '2012-2-19', false, 413);
INSERT INTO Meter_reading(value, date, paid, meter_id)
        VALUES (354, '2012-3-4', false, 413);
INSERT INTO Meter_reading(value, date, paid, meter_id)
        VALUES (367, '2012-3-17', false, 413);
INSERT INTO Meter_reading(value, date, paid, meter_id)
        VALUES (393, '2012-3-24', false, 413);
INSERT INTO Meter_reading(value, date, paid, meter_id)
        VALUES (419, '2012-4-4', false, 413);
INSERT INTO Meter_reading(value, date, paid, meter_id)
        VALUES (426, '2012-4-13', false, 413);
INSERT INTO person(person_id, name, surname, paternal_name, registration_date, email, password_hash, is_admin) 
    VALUES (207, 'test207', 'test207', '', '01/01/2012', 'test207', '098f6bcd4621d373cade4e832627b4f6', false);
INSERT INTO dweller VALUES (207);
INSERT INTO flat(flat_id, area, flat_number, balance, cladr_id, building_id)
    VALUES (207, 199, 207, 0, 1, 1);
INSERT INTO dweller_lives_in_flat(person_id, flat_id)
    VALUES (207, 207);
INSERT INTO meter(meter_id, installation_date, type, title, meter_unit_id, active, flat_id)
    VALUES (414, '01/01/2012', 'Water', 'Cold water in kitchen test207', 1, true, 207);
INSERT INTO meter(meter_id, installation_date, type, title, meter_unit_id, active, flat_id)
    VALUES (415, '01/01/2012', 'Electricity', 'Electricity in hall test207', 2, true, 207);
INSERT INTO Meter_reading(value, date, paid, meter_id)
        VALUES (50, '2012-1-6', false, 414);
INSERT INTO Meter_reading(value, date, paid, meter_id)
        VALUES (90, '2012-1-16', false, 414);
INSERT INTO Meter_reading(value, date, paid, meter_id)
        VALUES (112, '2012-1-18', false, 414);
INSERT INTO Meter_reading(value, date, paid, meter_id)
        VALUES (166, '2012-1-21', false, 414);
INSERT INTO Meter_reading(value, date, paid, meter_id)
        VALUES (202, '2012-2-7', false, 414);
INSERT INTO Meter_reading(value, date, paid, meter_id)
        VALUES (205, '2012-2-12', false, 414);
INSERT INTO Meter_reading(value, date, paid, meter_id)
        VALUES (270, '2012-1-8', false, 415);
INSERT INTO Meter_reading(value, date, paid, meter_id)
        VALUES (283, '2012-1-14', false, 415);
INSERT INTO Meter_reading(value, date, paid, meter_id)
        VALUES (293, '2012-1-23', false, 415);
INSERT INTO Meter_reading(value, date, paid, meter_id)
        VALUES (306, '2012-1-25', false, 415);
INSERT INTO Meter_reading(value, date, paid, meter_id)
        VALUES (325, '2012-2-8', false, 415);
INSERT INTO Meter_reading(value, date, paid, meter_id)
        VALUES (351, '2012-2-17', false, 415);
INSERT INTO Meter_reading(value, date, paid, meter_id)
        VALUES (352, '2012-2-24', false, 415);
INSERT INTO Meter_reading(value, date, paid, meter_id)
        VALUES (371, '2012-3-6', false, 415);
INSERT INTO Meter_reading(value, date, paid, meter_id)
        VALUES (394, '2012-3-9', false, 415);
INSERT INTO person(person_id, name, surname, paternal_name, registration_date, email, password_hash, is_admin) 
    VALUES (208, 'test208', 'test208', '', '01/01/2012', 'test208', '098f6bcd4621d373cade4e832627b4f6', false);
INSERT INTO dweller VALUES (208);
INSERT INTO flat(flat_id, area, flat_number, balance, cladr_id, building_id)
    VALUES (208, 95, 208, 0, 1, 1);
INSERT INTO dweller_lives_in_flat(person_id, flat_id)
    VALUES (208, 208);
INSERT INTO meter(meter_id, installation_date, type, title, meter_unit_id, active, flat_id)
    VALUES (416, '01/01/2012', 'Water', 'Cold water in kitchen test208', 1, true, 208);
INSERT INTO meter(meter_id, installation_date, type, title, meter_unit_id, active, flat_id)
    VALUES (417, '01/01/2012', 'Electricity', 'Electricity in hall test208', 2, true, 208);
INSERT INTO Meter_reading(value, date, paid, meter_id)
        VALUES (186, '2012-1-11', false, 416);
INSERT INTO Meter_reading(value, date, paid, meter_id)
        VALUES (253, '2012-1-25', false, 416);
INSERT INTO Meter_reading(value, date, paid, meter_id)
        VALUES (300, '2012-2-1', false, 416);
INSERT INTO Meter_reading(value, date, paid, meter_id)
        VALUES (305, '2012-2-12', false, 416);
INSERT INTO Meter_reading(value, date, paid, meter_id)
        VALUES (355, '2012-2-14', false, 416);
INSERT INTO Meter_reading(value, date, paid, meter_id)
        VALUES (400, '2012-2-27', false, 416);
INSERT INTO Meter_reading(value, date, paid, meter_id)
        VALUES (436, '2012-3-9', false, 416);
INSERT INTO Meter_reading(value, date, paid, meter_id)
        VALUES (469, '2012-3-20', false, 416);
INSERT INTO Meter_reading(value, date, paid, meter_id)
        VALUES (503, '2012-3-22', false, 416);
INSERT INTO Meter_reading(value, date, paid, meter_id)
        VALUES (568, '2012-4-8', false, 416);
INSERT INTO Meter_reading(value, date, paid, meter_id)
        VALUES (583, '2012-4-18', false, 416);
INSERT INTO Meter_reading(value, date, paid, meter_id)
        VALUES (657, '2012-4-26', false, 416);
INSERT INTO Meter_reading(value, date, paid, meter_id)
        VALUES (685, '2012-5-7', false, 416);
INSERT INTO Meter_reading(value, date, paid, meter_id)
        VALUES (70, '2012-1-14', false, 417);
INSERT INTO Meter_reading(value, date, paid, meter_id)
        VALUES (81, '2012-1-19', false, 417);
INSERT INTO Meter_reading(value, date, paid, meter_id)
        VALUES (86, '2012-1-25', false, 417);
INSERT INTO Meter_reading(value, date, paid, meter_id)
        VALUES (92, '2012-2-6', false, 417);
INSERT INTO Meter_reading(value, date, paid, meter_id)
        VALUES (118, '2012-2-12', false, 417);
INSERT INTO person(person_id, name, surname, paternal_name, registration_date, email, password_hash, is_admin) 
    VALUES (209, 'test209', 'test209', '', '01/01/2012', 'test209', '098f6bcd4621d373cade4e832627b4f6', false);
INSERT INTO dweller VALUES (209);
INSERT INTO flat(flat_id, area, flat_number, balance, cladr_id, building_id)
    VALUES (209, 249, 209, 0, 1, 1);
INSERT INTO dweller_lives_in_flat(person_id, flat_id)
    VALUES (209, 209);
INSERT INTO meter(meter_id, installation_date, type, title, meter_unit_id, active, flat_id)
    VALUES (418, '01/01/2012', 'Water', 'Cold water in kitchen test209', 1, true, 209);
INSERT INTO meter(meter_id, installation_date, type, title, meter_unit_id, active, flat_id)
    VALUES (419, '01/01/2012', 'Electricity', 'Electricity in hall test209', 2, true, 209);
INSERT INTO Meter_reading(value, date, paid, meter_id)
        VALUES (95, '2012-1-12', false, 418);
INSERT INTO Meter_reading(value, date, paid, meter_id)
        VALUES (102, '2012-1-21', false, 418);
INSERT INTO Meter_reading(value, date, paid, meter_id)
        VALUES (106, '2012-2-5', false, 418);
INSERT INTO Meter_reading(value, date, paid, meter_id)
        VALUES (137, '2012-2-12', false, 418);
INSERT INTO Meter_reading(value, date, paid, meter_id)
        VALUES (157, '2012-2-19', false, 418);
INSERT INTO Meter_reading(value, date, paid, meter_id)
        VALUES (176, '2012-2-23', false, 418);
INSERT INTO Meter_reading(value, date, paid, meter_id)
        VALUES (206, '2012-2-26', false, 418);
INSERT INTO Meter_reading(value, date, paid, meter_id)
        VALUES (215, '2012-3-3', false, 418);
INSERT INTO Meter_reading(value, date, paid, meter_id)
        VALUES (229, '2012-3-12', false, 418);
INSERT INTO Meter_reading(value, date, paid, meter_id)
        VALUES (239, '2012-3-23', false, 418);
INSERT INTO Meter_reading(value, date, paid, meter_id)
        VALUES (240, '2012-4-7', false, 418);
INSERT INTO Meter_reading(value, date, paid, meter_id)
        VALUES (250, '2012-4-19', false, 418);
INSERT INTO Meter_reading(value, date, paid, meter_id)
        VALUES (252, '2012-5-3', false, 418);
INSERT INTO Meter_reading(value, date, paid, meter_id)
        VALUES (272, '2012-5-10', false, 418);
INSERT INTO Meter_reading(value, date, paid, meter_id)
        VALUES (88, '2012-1-8', false, 419);
INSERT INTO Meter_reading(value, date, paid, meter_id)
        VALUES (112, '2012-1-13', false, 419);
INSERT INTO Meter_reading(value, date, paid, meter_id)
        VALUES (157, '2012-1-15', false, 419);
INSERT INTO Meter_reading(value, date, paid, meter_id)
        VALUES (225, '2012-1-26', false, 419);
INSERT INTO Meter_reading(value, date, paid, meter_id)
        VALUES (250, '2012-2-10', false, 419);
INSERT INTO Meter_reading(value, date, paid, meter_id)
        VALUES (264, '2012-2-22', false, 419);
INSERT INTO Meter_reading(value, date, paid, meter_id)
        VALUES (314, '2012-3-5', false, 419);
INSERT INTO Meter_reading(value, date, paid, meter_id)
        VALUES (330, '2012-3-16', false, 419);
INSERT INTO Meter_reading(value, date, paid, meter_id)
        VALUES (349, '2012-3-19', false, 419);
INSERT INTO Meter_reading(value, date, paid, meter_id)
        VALUES (354, '2012-4-1', false, 419);
INSERT INTO Meter_reading(value, date, paid, meter_id)
        VALUES (416, '2012-4-5', false, 419);
INSERT INTO person(person_id, name, surname, paternal_name, registration_date, email, password_hash, is_admin) 
    VALUES (210, 'test210', 'test210', '', '01/01/2012', 'test210', '098f6bcd4621d373cade4e832627b4f6', false);
INSERT INTO dweller VALUES (210);
INSERT INTO flat(flat_id, area, flat_number, balance, cladr_id, building_id)
    VALUES (210, 196, 210, 0, 1, 1);
INSERT INTO dweller_lives_in_flat(person_id, flat_id)
    VALUES (210, 210);
INSERT INTO meter(meter_id, installation_date, type, title, meter_unit_id, active, flat_id)
    VALUES (420, '01/01/2012', 'Water', 'Cold water in kitchen test210', 1, true, 210);
INSERT INTO meter(meter_id, installation_date, type, title, meter_unit_id, active, flat_id)
    VALUES (421, '01/01/2012', 'Electricity', 'Electricity in hall test210', 2, true, 210);
INSERT INTO Meter_reading(value, date, paid, meter_id)
        VALUES (182, '2012-1-9', false, 420);
INSERT INTO Meter_reading(value, date, paid, meter_id)
        VALUES (183, '2012-1-11', false, 420);
INSERT INTO Meter_reading(value, date, paid, meter_id)
        VALUES (188, '2012-1-13', false, 420);
INSERT INTO Meter_reading(value, date, paid, meter_id)
        VALUES (199, '2012-1-16', false, 420);
INSERT INTO Meter_reading(value, date, paid, meter_id)
        VALUES (209, '2012-1-21', false, 420);
INSERT INTO Meter_reading(value, date, paid, meter_id)
        VALUES (219, '2012-2-2', false, 420);
INSERT INTO Meter_reading(value, date, paid, meter_id)
        VALUES (223, '2012-2-5', false, 420);
INSERT INTO Meter_reading(value, date, paid, meter_id)
        VALUES (225, '2012-2-10', false, 420);
INSERT INTO Meter_reading(value, date, paid, meter_id)
        VALUES (232, '2012-2-20', false, 420);
INSERT INTO Meter_reading(value, date, paid, meter_id)
        VALUES (243, '2012-3-2', false, 420);
INSERT INTO Meter_reading(value, date, paid, meter_id)
        VALUES (249, '2012-3-10', false, 420);
INSERT INTO Meter_reading(value, date, paid, meter_id)
        VALUES (260, '2012-3-22', false, 420);
INSERT INTO Meter_reading(value, date, paid, meter_id)
        VALUES (272, '2012-1-9', false, 421);
INSERT INTO Meter_reading(value, date, paid, meter_id)
        VALUES (275, '2012-1-12', false, 421);
INSERT INTO Meter_reading(value, date, paid, meter_id)
        VALUES (276, '2012-1-19', false, 421);
INSERT INTO Meter_reading(value, date, paid, meter_id)
        VALUES (277, '2012-1-22', false, 421);
INSERT INTO Meter_reading(value, date, paid, meter_id)
        VALUES (278, '2012-1-23', false, 421);
INSERT INTO person(person_id, name, surname, paternal_name, registration_date, email, password_hash, is_admin) 
    VALUES (211, 'test211', 'test211', '', '01/01/2012', 'test211', '098f6bcd4621d373cade4e832627b4f6', false);
INSERT INTO dweller VALUES (211);
INSERT INTO flat(flat_id, area, flat_number, balance, cladr_id, building_id)
    VALUES (211, 150, 211, 0, 1, 1);
INSERT INTO dweller_lives_in_flat(person_id, flat_id)
    VALUES (211, 211);
INSERT INTO meter(meter_id, installation_date, type, title, meter_unit_id, active, flat_id)
    VALUES (422, '01/01/2012', 'Water', 'Cold water in kitchen test211', 1, true, 211);
INSERT INTO meter(meter_id, installation_date, type, title, meter_unit_id, active, flat_id)
    VALUES (423, '01/01/2012', 'Electricity', 'Electricity in hall test211', 2, true, 211);
INSERT INTO Meter_reading(value, date, paid, meter_id)
        VALUES (153, '2012-1-3', false, 422);
INSERT INTO Meter_reading(value, date, paid, meter_id)
        VALUES (178, '2012-1-7', false, 422);
INSERT INTO Meter_reading(value, date, paid, meter_id)
        VALUES (190, '2012-1-20', false, 422);
INSERT INTO Meter_reading(value, date, paid, meter_id)
        VALUES (201, '2012-2-6', false, 422);
INSERT INTO Meter_reading(value, date, paid, meter_id)
        VALUES (211, '2012-2-7', false, 422);
INSERT INTO Meter_reading(value, date, paid, meter_id)
        VALUES (228, '2012-2-16', false, 422);
INSERT INTO Meter_reading(value, date, paid, meter_id)
        VALUES (235, '2012-2-26', false, 422);
INSERT INTO Meter_reading(value, date, paid, meter_id)
        VALUES (239, '2012-3-3', false, 422);
INSERT INTO Meter_reading(value, date, paid, meter_id)
        VALUES (235, '2012-1-13', false, 423);
INSERT INTO Meter_reading(value, date, paid, meter_id)
        VALUES (251, '2012-1-14', false, 423);
INSERT INTO Meter_reading(value, date, paid, meter_id)
        VALUES (253, '2012-1-19', false, 423);
INSERT INTO Meter_reading(value, date, paid, meter_id)
        VALUES (265, '2012-1-27', false, 423);
INSERT INTO Meter_reading(value, date, paid, meter_id)
        VALUES (283, '2012-2-9', false, 423);
INSERT INTO Meter_reading(value, date, paid, meter_id)
        VALUES (294, '2012-2-15', false, 423);
INSERT INTO Meter_reading(value, date, paid, meter_id)
        VALUES (317, '2012-2-25', false, 423);
INSERT INTO Meter_reading(value, date, paid, meter_id)
        VALUES (334, '2012-3-2', false, 423);
INSERT INTO Meter_reading(value, date, paid, meter_id)
        VALUES (337, '2012-3-6', false, 423);
INSERT INTO Meter_reading(value, date, paid, meter_id)
        VALUES (356, '2012-3-8', false, 423);
INSERT INTO Meter_reading(value, date, paid, meter_id)
        VALUES (365, '2012-3-9', false, 423);
INSERT INTO person(person_id, name, surname, paternal_name, registration_date, email, password_hash, is_admin) 
    VALUES (212, 'test212', 'test212', '', '01/01/2012', 'test212', '098f6bcd4621d373cade4e832627b4f6', false);
INSERT INTO dweller VALUES (212);
INSERT INTO flat(flat_id, area, flat_number, balance, cladr_id, building_id)
    VALUES (212, 215, 212, 0, 1, 1);
INSERT INTO dweller_lives_in_flat(person_id, flat_id)
    VALUES (212, 212);
INSERT INTO meter(meter_id, installation_date, type, title, meter_unit_id, active, flat_id)
    VALUES (424, '01/01/2012', 'Water', 'Cold water in kitchen test212', 1, true, 212);
INSERT INTO meter(meter_id, installation_date, type, title, meter_unit_id, active, flat_id)
    VALUES (425, '01/01/2012', 'Electricity', 'Electricity in hall test212', 2, true, 212);
INSERT INTO Meter_reading(value, date, paid, meter_id)
        VALUES (124, '2012-1-8', false, 424);
INSERT INTO Meter_reading(value, date, paid, meter_id)
        VALUES (140, '2012-1-16', false, 424);
INSERT INTO Meter_reading(value, date, paid, meter_id)
        VALUES (149, '2012-1-20', false, 424);
INSERT INTO Meter_reading(value, date, paid, meter_id)
        VALUES (162, '2012-2-2', false, 424);
INSERT INTO Meter_reading(value, date, paid, meter_id)
        VALUES (181, '2012-2-13', false, 424);
INSERT INTO Meter_reading(value, date, paid, meter_id)
        VALUES (201, '2012-2-20', false, 424);
INSERT INTO Meter_reading(value, date, paid, meter_id)
        VALUES (215, '2012-2-23', false, 424);
INSERT INTO Meter_reading(value, date, paid, meter_id)
        VALUES (235, '2012-3-2', false, 424);
INSERT INTO Meter_reading(value, date, paid, meter_id)
        VALUES (63, '2012-1-4', false, 425);
INSERT INTO Meter_reading(value, date, paid, meter_id)
        VALUES (77, '2012-1-15', false, 425);
INSERT INTO Meter_reading(value, date, paid, meter_id)
        VALUES (88, '2012-1-18', false, 425);
INSERT INTO Meter_reading(value, date, paid, meter_id)
        VALUES (113, '2012-1-22', false, 425);
INSERT INTO Meter_reading(value, date, paid, meter_id)
        VALUES (127, '2012-1-23', false, 425);
INSERT INTO Meter_reading(value, date, paid, meter_id)
        VALUES (141, '2012-2-10', false, 425);
INSERT INTO Meter_reading(value, date, paid, meter_id)
        VALUES (146, '2012-2-11', false, 425);
INSERT INTO Meter_reading(value, date, paid, meter_id)
        VALUES (169, '2012-2-12', false, 425);
INSERT INTO Meter_reading(value, date, paid, meter_id)
        VALUES (182, '2012-2-17', false, 425);
INSERT INTO Meter_reading(value, date, paid, meter_id)
        VALUES (194, '2012-2-27', false, 425);
INSERT INTO Meter_reading(value, date, paid, meter_id)
        VALUES (216, '2012-3-1', false, 425);
INSERT INTO Meter_reading(value, date, paid, meter_id)
        VALUES (241, '2012-3-3', false, 425);
INSERT INTO Meter_reading(value, date, paid, meter_id)
        VALUES (247, '2012-3-7', false, 425);
INSERT INTO person(person_id, name, surname, paternal_name, registration_date, email, password_hash, is_admin) 
    VALUES (213, 'test213', 'test213', '', '01/01/2012', 'test213', '098f6bcd4621d373cade4e832627b4f6', false);
INSERT INTO dweller VALUES (213);
INSERT INTO flat(flat_id, area, flat_number, balance, cladr_id, building_id)
    VALUES (213, 261, 213, 0, 1, 1);
INSERT INTO dweller_lives_in_flat(person_id, flat_id)
    VALUES (213, 213);
INSERT INTO meter(meter_id, installation_date, type, title, meter_unit_id, active, flat_id)
    VALUES (426, '01/01/2012', 'Water', 'Cold water in kitchen test213', 1, true, 213);
INSERT INTO meter(meter_id, installation_date, type, title, meter_unit_id, active, flat_id)
    VALUES (427, '01/01/2012', 'Electricity', 'Electricity in hall test213', 2, true, 213);
INSERT INTO Meter_reading(value, date, paid, meter_id)
        VALUES (97, '2012-1-14', false, 426);
INSERT INTO Meter_reading(value, date, paid, meter_id)
        VALUES (123, '2012-1-27', false, 426);
INSERT INTO Meter_reading(value, date, paid, meter_id)
        VALUES (129, '2012-2-12', false, 426);
INSERT INTO Meter_reading(value, date, paid, meter_id)
        VALUES (131, '2012-2-23', false, 426);
INSERT INTO Meter_reading(value, date, paid, meter_id)
        VALUES (159, '2012-3-3', false, 426);
INSERT INTO Meter_reading(value, date, paid, meter_id)
        VALUES (192, '2012-3-5', false, 426);
INSERT INTO Meter_reading(value, date, paid, meter_id)
        VALUES (207, '2012-3-17', false, 426);
INSERT INTO Meter_reading(value, date, paid, meter_id)
        VALUES (180, '2012-1-12', false, 427);
INSERT INTO Meter_reading(value, date, paid, meter_id)
        VALUES (269, '2012-1-20', false, 427);
INSERT INTO Meter_reading(value, date, paid, meter_id)
        VALUES (338, '2012-2-3', false, 427);
INSERT INTO Meter_reading(value, date, paid, meter_id)
        VALUES (371, '2012-2-9', false, 427);
INSERT INTO Meter_reading(value, date, paid, meter_id)
        VALUES (383, '2012-2-18', false, 427);
INSERT INTO Meter_reading(value, date, paid, meter_id)
        VALUES (415, '2012-2-23', false, 427);
INSERT INTO person(person_id, name, surname, paternal_name, registration_date, email, password_hash, is_admin) 
    VALUES (214, 'test214', 'test214', '', '01/01/2012', 'test214', '098f6bcd4621d373cade4e832627b4f6', false);
INSERT INTO dweller VALUES (214);
INSERT INTO flat(flat_id, area, flat_number, balance, cladr_id, building_id)
    VALUES (214, 281, 214, 0, 1, 1);
INSERT INTO dweller_lives_in_flat(person_id, flat_id)
    VALUES (214, 214);
INSERT INTO meter(meter_id, installation_date, type, title, meter_unit_id, active, flat_id)
    VALUES (428, '01/01/2012', 'Water', 'Cold water in kitchen test214', 1, true, 214);
INSERT INTO meter(meter_id, installation_date, type, title, meter_unit_id, active, flat_id)
    VALUES (429, '01/01/2012', 'Electricity', 'Electricity in hall test214', 2, true, 214);
INSERT INTO Meter_reading(value, date, paid, meter_id)
        VALUES (79, '2012-1-11', false, 428);
INSERT INTO Meter_reading(value, date, paid, meter_id)
        VALUES (83, '2012-1-24', false, 428);
INSERT INTO Meter_reading(value, date, paid, meter_id)
        VALUES (89, '2012-2-9', false, 428);
INSERT INTO Meter_reading(value, date, paid, meter_id)
        VALUES (114, '2012-2-18', false, 428);
INSERT INTO Meter_reading(value, date, paid, meter_id)
        VALUES (128, '2012-3-2', false, 428);
INSERT INTO Meter_reading(value, date, paid, meter_id)
        VALUES (130, '2012-3-10', false, 428);
INSERT INTO Meter_reading(value, date, paid, meter_id)
        VALUES (132, '2012-3-20', false, 428);
INSERT INTO Meter_reading(value, date, paid, meter_id)
        VALUES (143, '2012-4-7', false, 428);
INSERT INTO Meter_reading(value, date, paid, meter_id)
        VALUES (153, '2012-4-14', false, 428);
INSERT INTO Meter_reading(value, date, paid, meter_id)
        VALUES (158, '2012-4-26', false, 428);
INSERT INTO Meter_reading(value, date, paid, meter_id)
        VALUES (162, '2012-5-10', false, 428);
INSERT INTO Meter_reading(value, date, paid, meter_id)
        VALUES (183, '2012-5-11', false, 428);
INSERT INTO Meter_reading(value, date, paid, meter_id)
        VALUES (208, '2012-5-16', false, 428);
INSERT INTO Meter_reading(value, date, paid, meter_id)
        VALUES (221, '2012-5-27', false, 428);
INSERT INTO Meter_reading(value, date, paid, meter_id)
        VALUES (282, '2012-1-11', false, 429);
INSERT INTO Meter_reading(value, date, paid, meter_id)
        VALUES (284, '2012-1-16', false, 429);
INSERT INTO Meter_reading(value, date, paid, meter_id)
        VALUES (285, '2012-1-17', false, 429);
INSERT INTO Meter_reading(value, date, paid, meter_id)
        VALUES (293, '2012-2-3', false, 429);
INSERT INTO Meter_reading(value, date, paid, meter_id)
        VALUES (295, '2012-2-7', false, 429);
INSERT INTO Meter_reading(value, date, paid, meter_id)
        VALUES (310, '2012-2-17', false, 429);
INSERT INTO Meter_reading(value, date, paid, meter_id)
        VALUES (329, '2012-3-3', false, 429);
INSERT INTO Meter_reading(value, date, paid, meter_id)
        VALUES (338, '2012-3-9', false, 429);
INSERT INTO Meter_reading(value, date, paid, meter_id)
        VALUES (345, '2012-3-20', false, 429);
INSERT INTO Meter_reading(value, date, paid, meter_id)
        VALUES (374, '2012-3-26', false, 429);
INSERT INTO Meter_reading(value, date, paid, meter_id)
        VALUES (379, '2012-4-5', false, 429);
INSERT INTO Meter_reading(value, date, paid, meter_id)
        VALUES (387, '2012-4-6', false, 429);
INSERT INTO Meter_reading(value, date, paid, meter_id)
        VALUES (401, '2012-4-18', false, 429);
INSERT INTO Meter_reading(value, date, paid, meter_id)
        VALUES (423, '2012-4-23', false, 429);
INSERT INTO person(person_id, name, surname, paternal_name, registration_date, email, password_hash, is_admin) 
    VALUES (215, 'test215', 'test215', '', '01/01/2012', 'test215', '098f6bcd4621d373cade4e832627b4f6', false);
INSERT INTO dweller VALUES (215);
INSERT INTO flat(flat_id, area, flat_number, balance, cladr_id, building_id)
    VALUES (215, 123, 215, 0, 1, 1);
INSERT INTO dweller_lives_in_flat(person_id, flat_id)
    VALUES (215, 215);
INSERT INTO meter(meter_id, installation_date, type, title, meter_unit_id, active, flat_id)
    VALUES (430, '01/01/2012', 'Water', 'Cold water in kitchen test215', 1, true, 215);
INSERT INTO meter(meter_id, installation_date, type, title, meter_unit_id, active, flat_id)
    VALUES (431, '01/01/2012', 'Electricity', 'Electricity in hall test215', 2, true, 215);
INSERT INTO Meter_reading(value, date, paid, meter_id)
        VALUES (62, '2012-1-8', false, 430);
INSERT INTO Meter_reading(value, date, paid, meter_id)
        VALUES (64, '2012-1-12', false, 430);
INSERT INTO Meter_reading(value, date, paid, meter_id)
        VALUES (66, '2012-1-17', false, 430);
INSERT INTO Meter_reading(value, date, paid, meter_id)
        VALUES (71, '2012-1-18', false, 430);
INSERT INTO Meter_reading(value, date, paid, meter_id)
        VALUES (74, '2012-1-21', false, 430);
INSERT INTO Meter_reading(value, date, paid, meter_id)
        VALUES (81, '2012-2-8', false, 430);
INSERT INTO Meter_reading(value, date, paid, meter_id)
        VALUES (86, '2012-2-13', false, 430);
INSERT INTO Meter_reading(value, date, paid, meter_id)
        VALUES (89, '2012-2-23', false, 430);
INSERT INTO Meter_reading(value, date, paid, meter_id)
        VALUES (96, '2012-3-3', false, 430);
INSERT INTO Meter_reading(value, date, paid, meter_id)
        VALUES (99, '2012-3-14', false, 430);
INSERT INTO Meter_reading(value, date, paid, meter_id)
        VALUES (100, '2012-3-25', false, 430);
INSERT INTO Meter_reading(value, date, paid, meter_id)
        VALUES (101, '2012-4-9', false, 430);
INSERT INTO Meter_reading(value, date, paid, meter_id)
        VALUES (105, '2012-4-14', false, 430);
INSERT INTO Meter_reading(value, date, paid, meter_id)
        VALUES (104, '2012-1-16', false, 431);
INSERT INTO Meter_reading(value, date, paid, meter_id)
        VALUES (152, '2012-1-22', false, 431);
INSERT INTO Meter_reading(value, date, paid, meter_id)
        VALUES (159, '2012-2-6', false, 431);
INSERT INTO Meter_reading(value, date, paid, meter_id)
        VALUES (184, '2012-2-14', false, 431);
INSERT INTO Meter_reading(value, date, paid, meter_id)
        VALUES (215, '2012-2-23', false, 431);
INSERT INTO Meter_reading(value, date, paid, meter_id)
        VALUES (253, '2012-3-7', false, 431);
INSERT INTO Meter_reading(value, date, paid, meter_id)
        VALUES (261, '2012-3-16', false, 431);
INSERT INTO person(person_id, name, surname, paternal_name, registration_date, email, password_hash, is_admin) 
    VALUES (216, 'test216', 'test216', '', '01/01/2012', 'test216', '098f6bcd4621d373cade4e832627b4f6', false);
INSERT INTO dweller VALUES (216);
INSERT INTO flat(flat_id, area, flat_number, balance, cladr_id, building_id)
    VALUES (216, 63, 216, 0, 1, 1);
INSERT INTO dweller_lives_in_flat(person_id, flat_id)
    VALUES (216, 216);
INSERT INTO meter(meter_id, installation_date, type, title, meter_unit_id, active, flat_id)
    VALUES (432, '01/01/2012', 'Water', 'Cold water in kitchen test216', 1, true, 216);
INSERT INTO meter(meter_id, installation_date, type, title, meter_unit_id, active, flat_id)
    VALUES (433, '01/01/2012', 'Electricity', 'Electricity in hall test216', 2, true, 216);
INSERT INTO Meter_reading(value, date, paid, meter_id)
        VALUES (66, '2012-1-3', false, 432);
INSERT INTO Meter_reading(value, date, paid, meter_id)
        VALUES (76, '2012-1-5', false, 432);
INSERT INTO Meter_reading(value, date, paid, meter_id)
        VALUES (88, '2012-1-19', false, 432);
INSERT INTO Meter_reading(value, date, paid, meter_id)
        VALUES (98, '2012-1-24', false, 432);
INSERT INTO Meter_reading(value, date, paid, meter_id)
        VALUES (101, '2012-2-2', false, 432);
INSERT INTO Meter_reading(value, date, paid, meter_id)
        VALUES (109, '2012-1-16', false, 433);
INSERT INTO Meter_reading(value, date, paid, meter_id)
        VALUES (134, '2012-1-27', false, 433);
INSERT INTO Meter_reading(value, date, paid, meter_id)
        VALUES (156, '2012-2-10', false, 433);
INSERT INTO Meter_reading(value, date, paid, meter_id)
        VALUES (170, '2012-2-21', false, 433);
INSERT INTO Meter_reading(value, date, paid, meter_id)
        VALUES (182, '2012-3-7', false, 433);
INSERT INTO Meter_reading(value, date, paid, meter_id)
        VALUES (184, '2012-3-10', false, 433);
INSERT INTO Meter_reading(value, date, paid, meter_id)
        VALUES (210, '2012-3-14', false, 433);
INSERT INTO Meter_reading(value, date, paid, meter_id)
        VALUES (215, '2012-3-26', false, 433);
INSERT INTO Meter_reading(value, date, paid, meter_id)
        VALUES (230, '2012-4-5', false, 433);
INSERT INTO Meter_reading(value, date, paid, meter_id)
        VALUES (240, '2012-4-13', false, 433);
INSERT INTO Meter_reading(value, date, paid, meter_id)
        VALUES (264, '2012-4-17', false, 433);
INSERT INTO person(person_id, name, surname, paternal_name, registration_date, email, password_hash, is_admin) 
    VALUES (217, 'test217', 'test217', '', '01/01/2012', 'test217', '098f6bcd4621d373cade4e832627b4f6', false);
INSERT INTO dweller VALUES (217);
INSERT INTO flat(flat_id, area, flat_number, balance, cladr_id, building_id)
    VALUES (217, 188, 217, 0, 1, 1);
INSERT INTO dweller_lives_in_flat(person_id, flat_id)
    VALUES (217, 217);
INSERT INTO meter(meter_id, installation_date, type, title, meter_unit_id, active, flat_id)
    VALUES (434, '01/01/2012', 'Water', 'Cold water in kitchen test217', 1, true, 217);
INSERT INTO meter(meter_id, installation_date, type, title, meter_unit_id, active, flat_id)
    VALUES (435, '01/01/2012', 'Electricity', 'Electricity in hall test217', 2, true, 217);
INSERT INTO Meter_reading(value, date, paid, meter_id)
        VALUES (257, '2012-1-12', false, 434);
INSERT INTO Meter_reading(value, date, paid, meter_id)
        VALUES (270, '2012-1-25', false, 434);
INSERT INTO Meter_reading(value, date, paid, meter_id)
        VALUES (290, '2012-2-10', false, 434);
INSERT INTO Meter_reading(value, date, paid, meter_id)
        VALUES (302, '2012-2-11', false, 434);
INSERT INTO Meter_reading(value, date, paid, meter_id)
        VALUES (324, '2012-2-18', false, 434);
INSERT INTO Meter_reading(value, date, paid, meter_id)
        VALUES (348, '2012-2-27', false, 434);
INSERT INTO Meter_reading(value, date, paid, meter_id)
        VALUES (366, '2012-3-11', false, 434);
INSERT INTO Meter_reading(value, date, paid, meter_id)
        VALUES (370, '2012-3-18', false, 434);
INSERT INTO Meter_reading(value, date, paid, meter_id)
        VALUES (235, '2012-1-11', false, 435);
INSERT INTO Meter_reading(value, date, paid, meter_id)
        VALUES (239, '2012-1-16', false, 435);
INSERT INTO Meter_reading(value, date, paid, meter_id)
        VALUES (265, '2012-2-2', false, 435);
INSERT INTO Meter_reading(value, date, paid, meter_id)
        VALUES (281, '2012-2-15', false, 435);
INSERT INTO Meter_reading(value, date, paid, meter_id)
        VALUES (298, '2012-2-26', false, 435);
INSERT INTO Meter_reading(value, date, paid, meter_id)
        VALUES (302, '2012-3-5', false, 435);
INSERT INTO Meter_reading(value, date, paid, meter_id)
        VALUES (307, '2012-3-12', false, 435);
INSERT INTO Meter_reading(value, date, paid, meter_id)
        VALUES (325, '2012-3-20', false, 435);
INSERT INTO Meter_reading(value, date, paid, meter_id)
        VALUES (341, '2012-3-23', false, 435);
INSERT INTO Meter_reading(value, date, paid, meter_id)
        VALUES (347, '2012-4-8', false, 435);
INSERT INTO person(person_id, name, surname, paternal_name, registration_date, email, password_hash, is_admin) 
    VALUES (218, 'test218', 'test218', '', '01/01/2012', 'test218', '098f6bcd4621d373cade4e832627b4f6', false);
INSERT INTO dweller VALUES (218);
INSERT INTO flat(flat_id, area, flat_number, balance, cladr_id, building_id)
    VALUES (218, 295, 218, 0, 1, 1);
INSERT INTO dweller_lives_in_flat(person_id, flat_id)
    VALUES (218, 218);
INSERT INTO meter(meter_id, installation_date, type, title, meter_unit_id, active, flat_id)
    VALUES (436, '01/01/2012', 'Water', 'Cold water in kitchen test218', 1, true, 218);
INSERT INTO meter(meter_id, installation_date, type, title, meter_unit_id, active, flat_id)
    VALUES (437, '01/01/2012', 'Electricity', 'Electricity in hall test218', 2, true, 218);
INSERT INTO Meter_reading(value, date, paid, meter_id)
        VALUES (102, '2012-1-8', false, 436);
INSERT INTO Meter_reading(value, date, paid, meter_id)
        VALUES (129, '2012-1-22', false, 436);
INSERT INTO Meter_reading(value, date, paid, meter_id)
        VALUES (131, '2012-2-4', false, 436);
INSERT INTO Meter_reading(value, date, paid, meter_id)
        VALUES (150, '2012-2-17', false, 436);
INSERT INTO Meter_reading(value, date, paid, meter_id)
        VALUES (165, '2012-2-25', false, 436);
INSERT INTO Meter_reading(value, date, paid, meter_id)
        VALUES (166, '2012-3-1', false, 436);
INSERT INTO Meter_reading(value, date, paid, meter_id)
        VALUES (169, '2012-3-11', false, 436);
INSERT INTO Meter_reading(value, date, paid, meter_id)
        VALUES (188, '2012-3-21', false, 436);
INSERT INTO Meter_reading(value, date, paid, meter_id)
        VALUES (204, '2012-4-2', false, 436);
INSERT INTO Meter_reading(value, date, paid, meter_id)
        VALUES (230, '2012-4-9', false, 436);
INSERT INTO Meter_reading(value, date, paid, meter_id)
        VALUES (292, '2012-1-6', false, 437);
INSERT INTO Meter_reading(value, date, paid, meter_id)
        VALUES (301, '2012-1-13', false, 437);
INSERT INTO Meter_reading(value, date, paid, meter_id)
        VALUES (302, '2012-1-16', false, 437);
INSERT INTO Meter_reading(value, date, paid, meter_id)
        VALUES (304, '2012-2-1', false, 437);
INSERT INTO Meter_reading(value, date, paid, meter_id)
        VALUES (312, '2012-2-5', false, 437);
INSERT INTO person(person_id, name, surname, paternal_name, registration_date, email, password_hash, is_admin) 
    VALUES (219, 'test219', 'test219', '', '01/01/2012', 'test219', '098f6bcd4621d373cade4e832627b4f6', false);
INSERT INTO dweller VALUES (219);
INSERT INTO flat(flat_id, area, flat_number, balance, cladr_id, building_id)
    VALUES (219, 207, 219, 0, 1, 1);
INSERT INTO dweller_lives_in_flat(person_id, flat_id)
    VALUES (219, 219);
INSERT INTO meter(meter_id, installation_date, type, title, meter_unit_id, active, flat_id)
    VALUES (438, '01/01/2012', 'Water', 'Cold water in kitchen test219', 1, true, 219);
INSERT INTO meter(meter_id, installation_date, type, title, meter_unit_id, active, flat_id)
    VALUES (439, '01/01/2012', 'Electricity', 'Electricity in hall test219', 2, true, 219);
INSERT INTO Meter_reading(value, date, paid, meter_id)
        VALUES (218, '2012-1-15', false, 438);
INSERT INTO Meter_reading(value, date, paid, meter_id)
        VALUES (246, '2012-1-23', false, 438);
INSERT INTO Meter_reading(value, date, paid, meter_id)
        VALUES (266, '2012-2-4', false, 438);
INSERT INTO Meter_reading(value, date, paid, meter_id)
        VALUES (280, '2012-2-5', false, 438);
INSERT INTO Meter_reading(value, date, paid, meter_id)
        VALUES (309, '2012-2-17', false, 438);
INSERT INTO Meter_reading(value, date, paid, meter_id)
        VALUES (331, '2012-2-20', false, 438);
INSERT INTO Meter_reading(value, date, paid, meter_id)
        VALUES (340, '2012-3-1', false, 438);
INSERT INTO Meter_reading(value, date, paid, meter_id)
        VALUES (358, '2012-3-2', false, 438);
INSERT INTO Meter_reading(value, date, paid, meter_id)
        VALUES (376, '2012-3-12', false, 438);
INSERT INTO Meter_reading(value, date, paid, meter_id)
        VALUES (400, '2012-3-18', false, 438);
INSERT INTO Meter_reading(value, date, paid, meter_id)
        VALUES (409, '2012-4-5', false, 438);
INSERT INTO Meter_reading(value, date, paid, meter_id)
        VALUES (430, '2012-4-15', false, 438);
INSERT INTO Meter_reading(value, date, paid, meter_id)
        VALUES (444, '2012-4-23', false, 438);
INSERT INTO Meter_reading(value, date, paid, meter_id)
        VALUES (462, '2012-4-27', false, 438);
INSERT INTO Meter_reading(value, date, paid, meter_id)
        VALUES (237, '2012-1-10', false, 439);
INSERT INTO Meter_reading(value, date, paid, meter_id)
        VALUES (259, '2012-1-16', false, 439);
INSERT INTO Meter_reading(value, date, paid, meter_id)
        VALUES (280, '2012-2-1', false, 439);
INSERT INTO Meter_reading(value, date, paid, meter_id)
        VALUES (313, '2012-2-11', false, 439);
INSERT INTO Meter_reading(value, date, paid, meter_id)
        VALUES (331, '2012-2-19', false, 439);
INSERT INTO Meter_reading(value, date, paid, meter_id)
        VALUES (345, '2012-3-6', false, 439);
INSERT INTO Meter_reading(value, date, paid, meter_id)
        VALUES (374, '2012-3-15', false, 439);
INSERT INTO person(person_id, name, surname, paternal_name, registration_date, email, password_hash, is_admin) 
    VALUES (220, 'test220', 'test220', '', '01/01/2012', 'test220', '098f6bcd4621d373cade4e832627b4f6', false);
INSERT INTO dweller VALUES (220);
INSERT INTO flat(flat_id, area, flat_number, balance, cladr_id, building_id)
    VALUES (220, 239, 220, 0, 1, 1);
INSERT INTO dweller_lives_in_flat(person_id, flat_id)
    VALUES (220, 220);
INSERT INTO meter(meter_id, installation_date, type, title, meter_unit_id, active, flat_id)
    VALUES (440, '01/01/2012', 'Water', 'Cold water in kitchen test220', 1, true, 220);
INSERT INTO meter(meter_id, installation_date, type, title, meter_unit_id, active, flat_id)
    VALUES (441, '01/01/2012', 'Electricity', 'Electricity in hall test220', 2, true, 220);
INSERT INTO Meter_reading(value, date, paid, meter_id)
        VALUES (153, '2012-1-7', false, 440);
INSERT INTO Meter_reading(value, date, paid, meter_id)
        VALUES (166, '2012-1-10', false, 440);
INSERT INTO Meter_reading(value, date, paid, meter_id)
        VALUES (185, '2012-1-21', false, 440);
INSERT INTO Meter_reading(value, date, paid, meter_id)
        VALUES (191, '2012-1-26', false, 440);
INSERT INTO Meter_reading(value, date, paid, meter_id)
        VALUES (251, '2012-2-3', false, 440);
INSERT INTO Meter_reading(value, date, paid, meter_id)
        VALUES (261, '2012-2-6', false, 440);
INSERT INTO Meter_reading(value, date, paid, meter_id)
        VALUES (335, '2012-2-14', false, 440);
INSERT INTO Meter_reading(value, date, paid, meter_id)
        VALUES (362, '2012-2-23', false, 440);
INSERT INTO Meter_reading(value, date, paid, meter_id)
        VALUES (237, '2012-1-7', false, 441);
INSERT INTO Meter_reading(value, date, paid, meter_id)
        VALUES (240, '2012-1-14', false, 441);
INSERT INTO Meter_reading(value, date, paid, meter_id)
        VALUES (251, '2012-1-19', false, 441);
INSERT INTO Meter_reading(value, date, paid, meter_id)
        VALUES (276, '2012-1-23', false, 441);
INSERT INTO Meter_reading(value, date, paid, meter_id)
        VALUES (328, '2012-1-24', false, 441);
INSERT INTO Meter_reading(value, date, paid, meter_id)
        VALUES (377, '2012-1-27', false, 441);
INSERT INTO Meter_reading(value, date, paid, meter_id)
        VALUES (379, '2012-2-3', false, 441);
INSERT INTO Meter_reading(value, date, paid, meter_id)
        VALUES (381, '2012-2-9', false, 441);
INSERT INTO Meter_reading(value, date, paid, meter_id)
        VALUES (399, '2012-2-17', false, 441);
INSERT INTO Meter_reading(value, date, paid, meter_id)
        VALUES (426, '2012-2-22', false, 441);
INSERT INTO Meter_reading(value, date, paid, meter_id)
        VALUES (458, '2012-3-7', false, 441);
INSERT INTO Meter_reading(value, date, paid, meter_id)
        VALUES (479, '2012-3-20', false, 441);
INSERT INTO person(person_id, name, surname, paternal_name, registration_date, email, password_hash, is_admin) 
    VALUES (221, 'test221', 'test221', '', '01/01/2012', 'test221', '098f6bcd4621d373cade4e832627b4f6', false);
INSERT INTO dweller VALUES (221);
INSERT INTO flat(flat_id, area, flat_number, balance, cladr_id, building_id)
    VALUES (221, 181, 221, 0, 1, 1);
INSERT INTO dweller_lives_in_flat(person_id, flat_id)
    VALUES (221, 221);
INSERT INTO meter(meter_id, installation_date, type, title, meter_unit_id, active, flat_id)
    VALUES (442, '01/01/2012', 'Water', 'Cold water in kitchen test221', 1, true, 221);
INSERT INTO meter(meter_id, installation_date, type, title, meter_unit_id, active, flat_id)
    VALUES (443, '01/01/2012', 'Electricity', 'Electricity in hall test221', 2, true, 221);
INSERT INTO Meter_reading(value, date, paid, meter_id)
        VALUES (44, '2012-1-16', false, 442);
INSERT INTO Meter_reading(value, date, paid, meter_id)
        VALUES (46, '2012-1-21', false, 442);
INSERT INTO Meter_reading(value, date, paid, meter_id)
        VALUES (49, '2012-1-26', false, 442);
INSERT INTO Meter_reading(value, date, paid, meter_id)
        VALUES (50, '2012-2-13', false, 442);
INSERT INTO Meter_reading(value, date, paid, meter_id)
        VALUES (53, '2012-2-20', false, 442);
INSERT INTO Meter_reading(value, date, paid, meter_id)
        VALUES (73, '2012-1-3', false, 443);
INSERT INTO Meter_reading(value, date, paid, meter_id)
        VALUES (89, '2012-1-15', false, 443);
INSERT INTO Meter_reading(value, date, paid, meter_id)
        VALUES (100, '2012-1-23', false, 443);
INSERT INTO Meter_reading(value, date, paid, meter_id)
        VALUES (103, '2012-2-6', false, 443);
INSERT INTO Meter_reading(value, date, paid, meter_id)
        VALUES (108, '2012-2-16', false, 443);
INSERT INTO Meter_reading(value, date, paid, meter_id)
        VALUES (134, '2012-2-21', false, 443);
INSERT INTO Meter_reading(value, date, paid, meter_id)
        VALUES (144, '2012-3-6', false, 443);
INSERT INTO Meter_reading(value, date, paid, meter_id)
        VALUES (163, '2012-3-13', false, 443);
INSERT INTO Meter_reading(value, date, paid, meter_id)
        VALUES (168, '2012-3-20', false, 443);
INSERT INTO Meter_reading(value, date, paid, meter_id)
        VALUES (180, '2012-4-6', false, 443);
INSERT INTO Meter_reading(value, date, paid, meter_id)
        VALUES (208, '2012-4-15', false, 443);
INSERT INTO Meter_reading(value, date, paid, meter_id)
        VALUES (220, '2012-4-22', false, 443);
INSERT INTO person(person_id, name, surname, paternal_name, registration_date, email, password_hash, is_admin) 
    VALUES (222, 'test222', 'test222', '', '01/01/2012', 'test222', '098f6bcd4621d373cade4e832627b4f6', false);
INSERT INTO dweller VALUES (222);
INSERT INTO flat(flat_id, area, flat_number, balance, cladr_id, building_id)
    VALUES (222, 65, 222, 0, 1, 1);
INSERT INTO dweller_lives_in_flat(person_id, flat_id)
    VALUES (222, 222);
INSERT INTO meter(meter_id, installation_date, type, title, meter_unit_id, active, flat_id)
    VALUES (444, '01/01/2012', 'Water', 'Cold water in kitchen test222', 1, true, 222);
INSERT INTO meter(meter_id, installation_date, type, title, meter_unit_id, active, flat_id)
    VALUES (445, '01/01/2012', 'Electricity', 'Electricity in hall test222', 2, true, 222);
INSERT INTO Meter_reading(value, date, paid, meter_id)
        VALUES (124, '2012-1-11', false, 444);
INSERT INTO Meter_reading(value, date, paid, meter_id)
        VALUES (151, '2012-1-22', false, 444);
INSERT INTO Meter_reading(value, date, paid, meter_id)
        VALUES (177, '2012-2-5', false, 444);
INSERT INTO Meter_reading(value, date, paid, meter_id)
        VALUES (196, '2012-2-14', false, 444);
INSERT INTO Meter_reading(value, date, paid, meter_id)
        VALUES (217, '2012-2-17', false, 444);
INSERT INTO Meter_reading(value, date, paid, meter_id)
        VALUES (225, '2012-2-20', false, 444);
INSERT INTO Meter_reading(value, date, paid, meter_id)
        VALUES (247, '2012-3-3', false, 444);
INSERT INTO Meter_reading(value, date, paid, meter_id)
        VALUES (271, '2012-3-13', false, 444);
INSERT INTO Meter_reading(value, date, paid, meter_id)
        VALUES (299, '2012-3-24', false, 444);
INSERT INTO Meter_reading(value, date, paid, meter_id)
        VALUES (323, '2012-4-6', false, 444);
INSERT INTO Meter_reading(value, date, paid, meter_id)
        VALUES (332, '2012-4-17', false, 444);
INSERT INTO Meter_reading(value, date, paid, meter_id)
        VALUES (358, '2012-4-22', false, 444);
INSERT INTO Meter_reading(value, date, paid, meter_id)
        VALUES (384, '2012-5-3', false, 444);
INSERT INTO Meter_reading(value, date, paid, meter_id)
        VALUES (45, '2012-1-7', false, 445);
INSERT INTO Meter_reading(value, date, paid, meter_id)
        VALUES (54, '2012-1-17', false, 445);
INSERT INTO Meter_reading(value, date, paid, meter_id)
        VALUES (65, '2012-2-3', false, 445);
INSERT INTO Meter_reading(value, date, paid, meter_id)
        VALUES (69, '2012-2-11', false, 445);
INSERT INTO Meter_reading(value, date, paid, meter_id)
        VALUES (71, '2012-2-19', false, 445);
INSERT INTO person(person_id, name, surname, paternal_name, registration_date, email, password_hash, is_admin) 
    VALUES (223, 'test223', 'test223', '', '01/01/2012', 'test223', '098f6bcd4621d373cade4e832627b4f6', false);
INSERT INTO dweller VALUES (223);
INSERT INTO flat(flat_id, area, flat_number, balance, cladr_id, building_id)
    VALUES (223, 128, 223, 0, 1, 1);
INSERT INTO dweller_lives_in_flat(person_id, flat_id)
    VALUES (223, 223);
INSERT INTO meter(meter_id, installation_date, type, title, meter_unit_id, active, flat_id)
    VALUES (446, '01/01/2012', 'Water', 'Cold water in kitchen test223', 1, true, 223);
INSERT INTO meter(meter_id, installation_date, type, title, meter_unit_id, active, flat_id)
    VALUES (447, '01/01/2012', 'Electricity', 'Electricity in hall test223', 2, true, 223);
INSERT INTO Meter_reading(value, date, paid, meter_id)
        VALUES (26, '2012-1-9', false, 446);
INSERT INTO Meter_reading(value, date, paid, meter_id)
        VALUES (46, '2012-1-12', false, 446);
INSERT INTO Meter_reading(value, date, paid, meter_id)
        VALUES (49, '2012-1-20', false, 446);
INSERT INTO Meter_reading(value, date, paid, meter_id)
        VALUES (54, '2012-1-24', false, 446);
INSERT INTO Meter_reading(value, date, paid, meter_id)
        VALUES (66, '2012-1-26', false, 446);
INSERT INTO Meter_reading(value, date, paid, meter_id)
        VALUES (94, '2012-2-13', false, 446);
INSERT INTO Meter_reading(value, date, paid, meter_id)
        VALUES (121, '2012-2-16', false, 446);
INSERT INTO Meter_reading(value, date, paid, meter_id)
        VALUES (141, '2012-2-26', false, 446);
INSERT INTO Meter_reading(value, date, paid, meter_id)
        VALUES (164, '2012-3-8', false, 446);
INSERT INTO Meter_reading(value, date, paid, meter_id)
        VALUES (170, '2012-3-13', false, 446);
INSERT INTO Meter_reading(value, date, paid, meter_id)
        VALUES (183, '2012-3-27', false, 446);
INSERT INTO Meter_reading(value, date, paid, meter_id)
        VALUES (203, '2012-4-4', false, 446);
INSERT INTO Meter_reading(value, date, paid, meter_id)
        VALUES (212, '2012-4-16', false, 446);
INSERT INTO Meter_reading(value, date, paid, meter_id)
        VALUES (317, '2012-1-15', false, 447);
INSERT INTO Meter_reading(value, date, paid, meter_id)
        VALUES (340, '2012-1-22', false, 447);
INSERT INTO Meter_reading(value, date, paid, meter_id)
        VALUES (367, '2012-2-6', false, 447);
INSERT INTO Meter_reading(value, date, paid, meter_id)
        VALUES (376, '2012-2-8', false, 447);
INSERT INTO Meter_reading(value, date, paid, meter_id)
        VALUES (383, '2012-2-10', false, 447);
INSERT INTO Meter_reading(value, date, paid, meter_id)
        VALUES (389, '2012-2-16', false, 447);
INSERT INTO Meter_reading(value, date, paid, meter_id)
        VALUES (401, '2012-2-24', false, 447);
INSERT INTO Meter_reading(value, date, paid, meter_id)
        VALUES (428, '2012-3-2', false, 447);
INSERT INTO Meter_reading(value, date, paid, meter_id)
        VALUES (436, '2012-3-9', false, 447);
INSERT INTO Meter_reading(value, date, paid, meter_id)
        VALUES (441, '2012-3-12', false, 447);
INSERT INTO Meter_reading(value, date, paid, meter_id)
        VALUES (465, '2012-3-24', false, 447);
INSERT INTO Meter_reading(value, date, paid, meter_id)
        VALUES (487, '2012-4-10', false, 447);
INSERT INTO Meter_reading(value, date, paid, meter_id)
        VALUES (489, '2012-4-12', false, 447);
INSERT INTO person(person_id, name, surname, paternal_name, registration_date, email, password_hash, is_admin) 
    VALUES (224, 'test224', 'test224', '', '01/01/2012', 'test224', '098f6bcd4621d373cade4e832627b4f6', false);
INSERT INTO dweller VALUES (224);
INSERT INTO flat(flat_id, area, flat_number, balance, cladr_id, building_id)
    VALUES (224, 163, 224, 0, 1, 1);
INSERT INTO dweller_lives_in_flat(person_id, flat_id)
    VALUES (224, 224);
INSERT INTO meter(meter_id, installation_date, type, title, meter_unit_id, active, flat_id)
    VALUES (448, '01/01/2012', 'Water', 'Cold water in kitchen test224', 1, true, 224);
INSERT INTO meter(meter_id, installation_date, type, title, meter_unit_id, active, flat_id)
    VALUES (449, '01/01/2012', 'Electricity', 'Electricity in hall test224', 2, true, 224);
INSERT INTO Meter_reading(value, date, paid, meter_id)
        VALUES (256, '2012-1-10', false, 448);
INSERT INTO Meter_reading(value, date, paid, meter_id)
        VALUES (267, '2012-1-22', false, 448);
INSERT INTO Meter_reading(value, date, paid, meter_id)
        VALUES (295, '2012-2-1', false, 448);
INSERT INTO Meter_reading(value, date, paid, meter_id)
        VALUES (314, '2012-2-4', false, 448);
INSERT INTO Meter_reading(value, date, paid, meter_id)
        VALUES (341, '2012-2-14', false, 448);
INSERT INTO Meter_reading(value, date, paid, meter_id)
        VALUES (369, '2012-3-1', false, 448);
INSERT INTO Meter_reading(value, date, paid, meter_id)
        VALUES (374, '2012-3-10', false, 448);
INSERT INTO Meter_reading(value, date, paid, meter_id)
        VALUES (210, '2012-1-12', false, 449);
INSERT INTO Meter_reading(value, date, paid, meter_id)
        VALUES (260, '2012-1-13', false, 449);
INSERT INTO Meter_reading(value, date, paid, meter_id)
        VALUES (314, '2012-1-19', false, 449);
INSERT INTO Meter_reading(value, date, paid, meter_id)
        VALUES (333, '2012-1-27', false, 449);
INSERT INTO Meter_reading(value, date, paid, meter_id)
        VALUES (420, '2012-2-7', false, 449);
INSERT INTO Meter_reading(value, date, paid, meter_id)
        VALUES (484, '2012-2-20', false, 449);
INSERT INTO person(person_id, name, surname, paternal_name, registration_date, email, password_hash, is_admin) 
    VALUES (225, 'test225', 'test225', '', '01/01/2012', 'test225', '098f6bcd4621d373cade4e832627b4f6', false);
INSERT INTO dweller VALUES (225);
INSERT INTO flat(flat_id, area, flat_number, balance, cladr_id, building_id)
    VALUES (225, 203, 225, 0, 1, 1);
INSERT INTO dweller_lives_in_flat(person_id, flat_id)
    VALUES (225, 225);
INSERT INTO meter(meter_id, installation_date, type, title, meter_unit_id, active, flat_id)
    VALUES (450, '01/01/2012', 'Water', 'Cold water in kitchen test225', 1, true, 225);
INSERT INTO meter(meter_id, installation_date, type, title, meter_unit_id, active, flat_id)
    VALUES (451, '01/01/2012', 'Electricity', 'Electricity in hall test225', 2, true, 225);
INSERT INTO Meter_reading(value, date, paid, meter_id)
        VALUES (204, '2012-1-10', false, 450);
INSERT INTO Meter_reading(value, date, paid, meter_id)
        VALUES (234, '2012-1-18', false, 450);
INSERT INTO Meter_reading(value, date, paid, meter_id)
        VALUES (255, '2012-1-23', false, 450);
INSERT INTO Meter_reading(value, date, paid, meter_id)
        VALUES (263, '2012-1-27', false, 450);
INSERT INTO Meter_reading(value, date, paid, meter_id)
        VALUES (283, '2012-2-10', false, 450);
INSERT INTO Meter_reading(value, date, paid, meter_id)
        VALUES (331, '2012-2-18', false, 450);
INSERT INTO Meter_reading(value, date, paid, meter_id)
        VALUES (341, '2012-2-21', false, 450);
INSERT INTO Meter_reading(value, date, paid, meter_id)
        VALUES (358, '2012-3-8', false, 450);
INSERT INTO Meter_reading(value, date, paid, meter_id)
        VALUES (397, '2012-3-20', false, 450);
INSERT INTO Meter_reading(value, date, paid, meter_id)
        VALUES (410, '2012-3-27', false, 450);
INSERT INTO Meter_reading(value, date, paid, meter_id)
        VALUES (440, '2012-4-12', false, 450);
INSERT INTO Meter_reading(value, date, paid, meter_id)
        VALUES (464, '2012-4-14', false, 450);
INSERT INTO Meter_reading(value, date, paid, meter_id)
        VALUES (505, '2012-4-26', false, 450);
INSERT INTO Meter_reading(value, date, paid, meter_id)
        VALUES (521, '2012-5-11', false, 450);
INSERT INTO Meter_reading(value, date, paid, meter_id)
        VALUES (255, '2012-1-7', false, 451);
INSERT INTO Meter_reading(value, date, paid, meter_id)
        VALUES (264, '2012-1-11', false, 451);
INSERT INTO Meter_reading(value, date, paid, meter_id)
        VALUES (288, '2012-1-23', false, 451);
INSERT INTO Meter_reading(value, date, paid, meter_id)
        VALUES (293, '2012-1-27', false, 451);
INSERT INTO Meter_reading(value, date, paid, meter_id)
        VALUES (322, '2012-2-11', false, 451);
INSERT INTO Meter_reading(value, date, paid, meter_id)
        VALUES (334, '2012-2-17', false, 451);
INSERT INTO Meter_reading(value, date, paid, meter_id)
        VALUES (343, '2012-2-22', false, 451);
INSERT INTO Meter_reading(value, date, paid, meter_id)
        VALUES (367, '2012-3-5', false, 451);
INSERT INTO Meter_reading(value, date, paid, meter_id)
        VALUES (377, '2012-3-15', false, 451);
INSERT INTO person(person_id, name, surname, paternal_name, registration_date, email, password_hash, is_admin) 
    VALUES (226, 'test226', 'test226', '', '01/01/2012', 'test226', '098f6bcd4621d373cade4e832627b4f6', false);
INSERT INTO dweller VALUES (226);
INSERT INTO flat(flat_id, area, flat_number, balance, cladr_id, building_id)
    VALUES (226, 64, 226, 0, 1, 1);
INSERT INTO dweller_lives_in_flat(person_id, flat_id)
    VALUES (226, 226);
INSERT INTO meter(meter_id, installation_date, type, title, meter_unit_id, active, flat_id)
    VALUES (452, '01/01/2012', 'Water', 'Cold water in kitchen test226', 1, true, 226);
INSERT INTO meter(meter_id, installation_date, type, title, meter_unit_id, active, flat_id)
    VALUES (453, '01/01/2012', 'Electricity', 'Electricity in hall test226', 2, true, 226);
INSERT INTO Meter_reading(value, date, paid, meter_id)
        VALUES (165, '2012-1-14', false, 452);
INSERT INTO Meter_reading(value, date, paid, meter_id)
        VALUES (183, '2012-1-27', false, 452);
INSERT INTO Meter_reading(value, date, paid, meter_id)
        VALUES (196, '2012-2-5', false, 452);
INSERT INTO Meter_reading(value, date, paid, meter_id)
        VALUES (220, '2012-2-19', false, 452);
INSERT INTO Meter_reading(value, date, paid, meter_id)
        VALUES (229, '2012-3-5', false, 452);
INSERT INTO Meter_reading(value, date, paid, meter_id)
        VALUES (256, '2012-3-14', false, 452);
INSERT INTO Meter_reading(value, date, paid, meter_id)
        VALUES (276, '2012-3-16', false, 452);
INSERT INTO Meter_reading(value, date, paid, meter_id)
        VALUES (305, '2012-3-24', false, 452);
INSERT INTO Meter_reading(value, date, paid, meter_id)
        VALUES (319, '2012-4-4', false, 452);
INSERT INTO Meter_reading(value, date, paid, meter_id)
        VALUES (335, '2012-4-10', false, 452);
INSERT INTO Meter_reading(value, date, paid, meter_id)
        VALUES (59, '2012-1-3', false, 453);
INSERT INTO Meter_reading(value, date, paid, meter_id)
        VALUES (61, '2012-1-11', false, 453);
INSERT INTO Meter_reading(value, date, paid, meter_id)
        VALUES (81, '2012-1-21', false, 453);
INSERT INTO Meter_reading(value, date, paid, meter_id)
        VALUES (98, '2012-1-26', false, 453);
INSERT INTO Meter_reading(value, date, paid, meter_id)
        VALUES (127, '2012-2-1', false, 453);
INSERT INTO Meter_reading(value, date, paid, meter_id)
        VALUES (144, '2012-2-3', false, 453);
INSERT INTO Meter_reading(value, date, paid, meter_id)
        VALUES (159, '2012-2-15', false, 453);
INSERT INTO Meter_reading(value, date, paid, meter_id)
        VALUES (168, '2012-2-20', false, 453);
INSERT INTO Meter_reading(value, date, paid, meter_id)
        VALUES (178, '2012-3-6', false, 453);
INSERT INTO person(person_id, name, surname, paternal_name, registration_date, email, password_hash, is_admin) 
    VALUES (227, 'test227', 'test227', '', '01/01/2012', 'test227', '098f6bcd4621d373cade4e832627b4f6', false);
INSERT INTO dweller VALUES (227);
INSERT INTO flat(flat_id, area, flat_number, balance, cladr_id, building_id)
    VALUES (227, 298, 227, 0, 1, 1);
INSERT INTO dweller_lives_in_flat(person_id, flat_id)
    VALUES (227, 227);
INSERT INTO meter(meter_id, installation_date, type, title, meter_unit_id, active, flat_id)
    VALUES (454, '01/01/2012', 'Water', 'Cold water in kitchen test227', 1, true, 227);
INSERT INTO meter(meter_id, installation_date, type, title, meter_unit_id, active, flat_id)
    VALUES (455, '01/01/2012', 'Electricity', 'Electricity in hall test227', 2, true, 227);
INSERT INTO Meter_reading(value, date, paid, meter_id)
        VALUES (14, '2012-1-4', false, 454);
INSERT INTO Meter_reading(value, date, paid, meter_id)
        VALUES (36, '2012-1-8', false, 454);
INSERT INTO Meter_reading(value, date, paid, meter_id)
        VALUES (48, '2012-1-15', false, 454);
INSERT INTO Meter_reading(value, date, paid, meter_id)
        VALUES (70, '2012-1-21', false, 454);
INSERT INTO Meter_reading(value, date, paid, meter_id)
        VALUES (91, '2012-2-5', false, 454);
INSERT INTO Meter_reading(value, date, paid, meter_id)
        VALUES (37, '2012-1-7', false, 455);
INSERT INTO Meter_reading(value, date, paid, meter_id)
        VALUES (38, '2012-1-10', false, 455);
INSERT INTO Meter_reading(value, date, paid, meter_id)
        VALUES (67, '2012-1-21', false, 455);
INSERT INTO Meter_reading(value, date, paid, meter_id)
        VALUES (88, '2012-1-27', false, 455);
INSERT INTO Meter_reading(value, date, paid, meter_id)
        VALUES (99, '2012-2-5', false, 455);
INSERT INTO Meter_reading(value, date, paid, meter_id)
        VALUES (127, '2012-2-17', false, 455);
INSERT INTO Meter_reading(value, date, paid, meter_id)
        VALUES (129, '2012-2-19', false, 455);
INSERT INTO Meter_reading(value, date, paid, meter_id)
        VALUES (158, '2012-3-2', false, 455);
INSERT INTO person(person_id, name, surname, paternal_name, registration_date, email, password_hash, is_admin) 
    VALUES (228, 'test228', 'test228', '', '01/01/2012', 'test228', '098f6bcd4621d373cade4e832627b4f6', false);
INSERT INTO dweller VALUES (228);
INSERT INTO flat(flat_id, area, flat_number, balance, cladr_id, building_id)
    VALUES (228, 90, 228, 0, 1, 1);
INSERT INTO dweller_lives_in_flat(person_id, flat_id)
    VALUES (228, 228);
INSERT INTO meter(meter_id, installation_date, type, title, meter_unit_id, active, flat_id)
    VALUES (456, '01/01/2012', 'Water', 'Cold water in kitchen test228', 1, true, 228);
INSERT INTO meter(meter_id, installation_date, type, title, meter_unit_id, active, flat_id)
    VALUES (457, '01/01/2012', 'Electricity', 'Electricity in hall test228', 2, true, 228);
INSERT INTO Meter_reading(value, date, paid, meter_id)
        VALUES (148, '2012-1-11', false, 456);
INSERT INTO Meter_reading(value, date, paid, meter_id)
        VALUES (167, '2012-1-18', false, 456);
INSERT INTO Meter_reading(value, date, paid, meter_id)
        VALUES (194, '2012-2-4', false, 456);
INSERT INTO Meter_reading(value, date, paid, meter_id)
        VALUES (209, '2012-2-15', false, 456);
INSERT INTO Meter_reading(value, date, paid, meter_id)
        VALUES (215, '2012-2-27', false, 456);
INSERT INTO Meter_reading(value, date, paid, meter_id)
        VALUES (222, '2012-3-7', false, 456);
INSERT INTO Meter_reading(value, date, paid, meter_id)
        VALUES (229, '2012-3-14', false, 456);
INSERT INTO Meter_reading(value, date, paid, meter_id)
        VALUES (244, '2012-3-16', false, 456);
INSERT INTO Meter_reading(value, date, paid, meter_id)
        VALUES (258, '2012-3-24', false, 456);
INSERT INTO Meter_reading(value, date, paid, meter_id)
        VALUES (284, '2012-4-6', false, 456);
INSERT INTO Meter_reading(value, date, paid, meter_id)
        VALUES (286, '2012-4-15', false, 456);
INSERT INTO Meter_reading(value, date, paid, meter_id)
        VALUES (300, '2012-5-2', false, 456);
INSERT INTO Meter_reading(value, date, paid, meter_id)
        VALUES (305, '2012-5-12', false, 456);
INSERT INTO Meter_reading(value, date, paid, meter_id)
        VALUES (323, '2012-5-19', false, 456);
INSERT INTO Meter_reading(value, date, paid, meter_id)
        VALUES (175, '2012-1-13', false, 457);
INSERT INTO Meter_reading(value, date, paid, meter_id)
        VALUES (184, '2012-1-19', false, 457);
INSERT INTO Meter_reading(value, date, paid, meter_id)
        VALUES (191, '2012-2-5', false, 457);
INSERT INTO Meter_reading(value, date, paid, meter_id)
        VALUES (196, '2012-2-15', false, 457);
INSERT INTO Meter_reading(value, date, paid, meter_id)
        VALUES (211, '2012-2-20', false, 457);
INSERT INTO Meter_reading(value, date, paid, meter_id)
        VALUES (236, '2012-2-27', false, 457);
INSERT INTO Meter_reading(value, date, paid, meter_id)
        VALUES (241, '2012-3-14', false, 457);
INSERT INTO Meter_reading(value, date, paid, meter_id)
        VALUES (259, '2012-3-16', false, 457);
INSERT INTO Meter_reading(value, date, paid, meter_id)
        VALUES (281, '2012-3-19', false, 457);
INSERT INTO Meter_reading(value, date, paid, meter_id)
        VALUES (301, '2012-3-23', false, 457);
INSERT INTO Meter_reading(value, date, paid, meter_id)
        VALUES (305, '2012-4-5', false, 457);
INSERT INTO Meter_reading(value, date, paid, meter_id)
        VALUES (322, '2012-4-18', false, 457);
INSERT INTO Meter_reading(value, date, paid, meter_id)
        VALUES (340, '2012-4-22', false, 457);
INSERT INTO Meter_reading(value, date, paid, meter_id)
        VALUES (368, '2012-5-5', false, 457);
INSERT INTO person(person_id, name, surname, paternal_name, registration_date, email, password_hash, is_admin) 
    VALUES (229, 'test229', 'test229', '', '01/01/2012', 'test229', '098f6bcd4621d373cade4e832627b4f6', false);
INSERT INTO dweller VALUES (229);
INSERT INTO flat(flat_id, area, flat_number, balance, cladr_id, building_id)
    VALUES (229, 181, 229, 0, 1, 1);
INSERT INTO dweller_lives_in_flat(person_id, flat_id)
    VALUES (229, 229);
INSERT INTO meter(meter_id, installation_date, type, title, meter_unit_id, active, flat_id)
    VALUES (458, '01/01/2012', 'Water', 'Cold water in kitchen test229', 1, true, 229);
INSERT INTO meter(meter_id, installation_date, type, title, meter_unit_id, active, flat_id)
    VALUES (459, '01/01/2012', 'Electricity', 'Electricity in hall test229', 2, true, 229);
INSERT INTO Meter_reading(value, date, paid, meter_id)
        VALUES (120, '2012-1-6', false, 458);
INSERT INTO Meter_reading(value, date, paid, meter_id)
        VALUES (121, '2012-1-19', false, 458);
INSERT INTO Meter_reading(value, date, paid, meter_id)
        VALUES (123, '2012-1-27', false, 458);
INSERT INTO Meter_reading(value, date, paid, meter_id)
        VALUES (142, '2012-2-14', false, 458);
INSERT INTO Meter_reading(value, date, paid, meter_id)
        VALUES (149, '2012-2-24', false, 458);
INSERT INTO Meter_reading(value, date, paid, meter_id)
        VALUES (153, '2012-3-6', false, 458);
INSERT INTO Meter_reading(value, date, paid, meter_id)
        VALUES (168, '2012-3-20', false, 458);
INSERT INTO Meter_reading(value, date, paid, meter_id)
        VALUES (169, '2012-3-22', false, 458);
INSERT INTO Meter_reading(value, date, paid, meter_id)
        VALUES (301, '2012-1-15', false, 459);
INSERT INTO Meter_reading(value, date, paid, meter_id)
        VALUES (324, '2012-1-16', false, 459);
INSERT INTO Meter_reading(value, date, paid, meter_id)
        VALUES (345, '2012-1-20', false, 459);
INSERT INTO Meter_reading(value, date, paid, meter_id)
        VALUES (368, '2012-2-7', false, 459);
INSERT INTO Meter_reading(value, date, paid, meter_id)
        VALUES (381, '2012-2-14', false, 459);
INSERT INTO Meter_reading(value, date, paid, meter_id)
        VALUES (385, '2012-2-25', false, 459);
INSERT INTO Meter_reading(value, date, paid, meter_id)
        VALUES (394, '2012-2-27', false, 459);
INSERT INTO person(person_id, name, surname, paternal_name, registration_date, email, password_hash, is_admin) 
    VALUES (230, 'test230', 'test230', '', '01/01/2012', 'test230', '098f6bcd4621d373cade4e832627b4f6', false);
INSERT INTO dweller VALUES (230);
INSERT INTO flat(flat_id, area, flat_number, balance, cladr_id, building_id)
    VALUES (230, 114, 230, 0, 1, 1);
INSERT INTO dweller_lives_in_flat(person_id, flat_id)
    VALUES (230, 230);
INSERT INTO meter(meter_id, installation_date, type, title, meter_unit_id, active, flat_id)
    VALUES (460, '01/01/2012', 'Water', 'Cold water in kitchen test230', 1, true, 230);
INSERT INTO meter(meter_id, installation_date, type, title, meter_unit_id, active, flat_id)
    VALUES (461, '01/01/2012', 'Electricity', 'Electricity in hall test230', 2, true, 230);
INSERT INTO Meter_reading(value, date, paid, meter_id)
        VALUES (165, '2012-1-7', false, 460);
INSERT INTO Meter_reading(value, date, paid, meter_id)
        VALUES (184, '2012-1-11', false, 460);
INSERT INTO Meter_reading(value, date, paid, meter_id)
        VALUES (209, '2012-1-13', false, 460);
INSERT INTO Meter_reading(value, date, paid, meter_id)
        VALUES (220, '2012-1-27', false, 460);
INSERT INTO Meter_reading(value, date, paid, meter_id)
        VALUES (226, '2012-2-7', false, 460);
INSERT INTO Meter_reading(value, date, paid, meter_id)
        VALUES (140, '2012-1-13', false, 461);
INSERT INTO Meter_reading(value, date, paid, meter_id)
        VALUES (141, '2012-1-25', false, 461);
INSERT INTO Meter_reading(value, date, paid, meter_id)
        VALUES (143, '2012-2-9', false, 461);
INSERT INTO Meter_reading(value, date, paid, meter_id)
        VALUES (163, '2012-2-16', false, 461);
INSERT INTO Meter_reading(value, date, paid, meter_id)
        VALUES (184, '2012-3-3', false, 461);
INSERT INTO Meter_reading(value, date, paid, meter_id)
        VALUES (191, '2012-3-12', false, 461);
INSERT INTO Meter_reading(value, date, paid, meter_id)
        VALUES (206, '2012-3-23', false, 461);
INSERT INTO Meter_reading(value, date, paid, meter_id)
        VALUES (214, '2012-4-3', false, 461);
INSERT INTO person(person_id, name, surname, paternal_name, registration_date, email, password_hash, is_admin) 
    VALUES (231, 'test231', 'test231', '', '01/01/2012', 'test231', '098f6bcd4621d373cade4e832627b4f6', false);
INSERT INTO dweller VALUES (231);
INSERT INTO flat(flat_id, area, flat_number, balance, cladr_id, building_id)
    VALUES (231, 312, 231, 0, 1, 1);
INSERT INTO dweller_lives_in_flat(person_id, flat_id)
    VALUES (231, 231);
INSERT INTO meter(meter_id, installation_date, type, title, meter_unit_id, active, flat_id)
    VALUES (462, '01/01/2012', 'Water', 'Cold water in kitchen test231', 1, true, 231);
INSERT INTO meter(meter_id, installation_date, type, title, meter_unit_id, active, flat_id)
    VALUES (463, '01/01/2012', 'Electricity', 'Electricity in hall test231', 2, true, 231);
INSERT INTO Meter_reading(value, date, paid, meter_id)
        VALUES (310, '2012-1-9', false, 462);
INSERT INTO Meter_reading(value, date, paid, meter_id)
        VALUES (345, '2012-1-23', false, 462);
INSERT INTO Meter_reading(value, date, paid, meter_id)
        VALUES (422, '2012-1-26', false, 462);
INSERT INTO Meter_reading(value, date, paid, meter_id)
        VALUES (471, '2012-2-1', false, 462);
INSERT INTO Meter_reading(value, date, paid, meter_id)
        VALUES (529, '2012-2-5', false, 462);
INSERT INTO Meter_reading(value, date, paid, meter_id)
        VALUES (605, '2012-2-17', false, 462);
INSERT INTO Meter_reading(value, date, paid, meter_id)
        VALUES (644, '2012-2-20', false, 462);
INSERT INTO Meter_reading(value, date, paid, meter_id)
        VALUES (675, '2012-3-6', false, 462);
INSERT INTO Meter_reading(value, date, paid, meter_id)
        VALUES (683, '2012-3-10', false, 462);
INSERT INTO Meter_reading(value, date, paid, meter_id)
        VALUES (308, '2012-1-15', false, 463);
INSERT INTO Meter_reading(value, date, paid, meter_id)
        VALUES (322, '2012-1-17', false, 463);
INSERT INTO Meter_reading(value, date, paid, meter_id)
        VALUES (331, '2012-2-1', false, 463);
INSERT INTO Meter_reading(value, date, paid, meter_id)
        VALUES (358, '2012-2-11', false, 463);
INSERT INTO Meter_reading(value, date, paid, meter_id)
        VALUES (379, '2012-2-17', false, 463);
INSERT INTO Meter_reading(value, date, paid, meter_id)
        VALUES (395, '2012-2-26', false, 463);
INSERT INTO Meter_reading(value, date, paid, meter_id)
        VALUES (396, '2012-3-5', false, 463);
INSERT INTO Meter_reading(value, date, paid, meter_id)
        VALUES (426, '2012-3-18', false, 463);
INSERT INTO Meter_reading(value, date, paid, meter_id)
        VALUES (436, '2012-3-24', false, 463);
INSERT INTO Meter_reading(value, date, paid, meter_id)
        VALUES (471, '2012-4-4', false, 463);
INSERT INTO Meter_reading(value, date, paid, meter_id)
        VALUES (498, '2012-4-5', false, 463);
INSERT INTO Meter_reading(value, date, paid, meter_id)
        VALUES (515, '2012-4-17', false, 463);
INSERT INTO Meter_reading(value, date, paid, meter_id)
        VALUES (548, '2012-5-1', false, 463);
INSERT INTO person(person_id, name, surname, paternal_name, registration_date, email, password_hash, is_admin) 
    VALUES (232, 'test232', 'test232', '', '01/01/2012', 'test232', '098f6bcd4621d373cade4e832627b4f6', false);
INSERT INTO dweller VALUES (232);
INSERT INTO flat(flat_id, area, flat_number, balance, cladr_id, building_id)
    VALUES (232, 252, 232, 0, 1, 1);
INSERT INTO dweller_lives_in_flat(person_id, flat_id)
    VALUES (232, 232);
INSERT INTO meter(meter_id, installation_date, type, title, meter_unit_id, active, flat_id)
    VALUES (464, '01/01/2012', 'Water', 'Cold water in kitchen test232', 1, true, 232);
INSERT INTO meter(meter_id, installation_date, type, title, meter_unit_id, active, flat_id)
    VALUES (465, '01/01/2012', 'Electricity', 'Electricity in hall test232', 2, true, 232);
INSERT INTO Meter_reading(value, date, paid, meter_id)
        VALUES (157, '2012-1-4', false, 464);
INSERT INTO Meter_reading(value, date, paid, meter_id)
        VALUES (223, '2012-1-18', false, 464);
INSERT INTO Meter_reading(value, date, paid, meter_id)
        VALUES (275, '2012-1-25', false, 464);
INSERT INTO Meter_reading(value, date, paid, meter_id)
        VALUES (343, '2012-1-26', false, 464);
INSERT INTO Meter_reading(value, date, paid, meter_id)
        VALUES (359, '2012-2-2', false, 464);
INSERT INTO Meter_reading(value, date, paid, meter_id)
        VALUES (418, '2012-2-6', false, 464);
INSERT INTO Meter_reading(value, date, paid, meter_id)
        VALUES (320, '2012-1-14', false, 465);
INSERT INTO Meter_reading(value, date, paid, meter_id)
        VALUES (322, '2012-1-19', false, 465);
INSERT INTO Meter_reading(value, date, paid, meter_id)
        VALUES (381, '2012-1-22', false, 465);
INSERT INTO Meter_reading(value, date, paid, meter_id)
        VALUES (437, '2012-2-6', false, 465);
INSERT INTO Meter_reading(value, date, paid, meter_id)
        VALUES (470, '2012-2-15', false, 465);
INSERT INTO Meter_reading(value, date, paid, meter_id)
        VALUES (492, '2012-2-26', false, 465);
INSERT INTO Meter_reading(value, date, paid, meter_id)
        VALUES (557, '2012-3-4', false, 465);
INSERT INTO Meter_reading(value, date, paid, meter_id)
        VALUES (623, '2012-3-9', false, 465);
INSERT INTO Meter_reading(value, date, paid, meter_id)
        VALUES (675, '2012-3-11', false, 465);
INSERT INTO Meter_reading(value, date, paid, meter_id)
        VALUES (710, '2012-3-17', false, 465);
INSERT INTO person(person_id, name, surname, paternal_name, registration_date, email, password_hash, is_admin) 
    VALUES (233, 'test233', 'test233', '', '01/01/2012', 'test233', '098f6bcd4621d373cade4e832627b4f6', false);
INSERT INTO dweller VALUES (233);
INSERT INTO flat(flat_id, area, flat_number, balance, cladr_id, building_id)
    VALUES (233, 317, 233, 0, 1, 1);
INSERT INTO dweller_lives_in_flat(person_id, flat_id)
    VALUES (233, 233);
INSERT INTO meter(meter_id, installation_date, type, title, meter_unit_id, active, flat_id)
    VALUES (466, '01/01/2012', 'Water', 'Cold water in kitchen test233', 1, true, 233);
INSERT INTO meter(meter_id, installation_date, type, title, meter_unit_id, active, flat_id)
    VALUES (467, '01/01/2012', 'Electricity', 'Electricity in hall test233', 2, true, 233);
INSERT INTO Meter_reading(value, date, paid, meter_id)
        VALUES (242, '2012-1-12', false, 466);
INSERT INTO Meter_reading(value, date, paid, meter_id)
        VALUES (259, '2012-1-22', false, 466);
INSERT INTO Meter_reading(value, date, paid, meter_id)
        VALUES (274, '2012-2-9', false, 466);
INSERT INTO Meter_reading(value, date, paid, meter_id)
        VALUES (325, '2012-2-11', false, 466);
INSERT INTO Meter_reading(value, date, paid, meter_id)
        VALUES (363, '2012-2-13', false, 466);
INSERT INTO Meter_reading(value, date, paid, meter_id)
        VALUES (417, '2012-2-26', false, 466);
INSERT INTO Meter_reading(value, date, paid, meter_id)
        VALUES (238, '2012-1-8', false, 467);
INSERT INTO Meter_reading(value, date, paid, meter_id)
        VALUES (266, '2012-1-17', false, 467);
INSERT INTO Meter_reading(value, date, paid, meter_id)
        VALUES (285, '2012-1-21', false, 467);
INSERT INTO Meter_reading(value, date, paid, meter_id)
        VALUES (298, '2012-2-4', false, 467);
INSERT INTO Meter_reading(value, date, paid, meter_id)
        VALUES (326, '2012-2-9', false, 467);
INSERT INTO Meter_reading(value, date, paid, meter_id)
        VALUES (347, '2012-2-14', false, 467);
INSERT INTO Meter_reading(value, date, paid, meter_id)
        VALUES (353, '2012-2-16', false, 467);
INSERT INTO person(person_id, name, surname, paternal_name, registration_date, email, password_hash, is_admin) 
    VALUES (234, 'test234', 'test234', '', '01/01/2012', 'test234', '098f6bcd4621d373cade4e832627b4f6', false);
INSERT INTO dweller VALUES (234);
INSERT INTO flat(flat_id, area, flat_number, balance, cladr_id, building_id)
    VALUES (234, 285, 234, 0, 1, 1);
INSERT INTO dweller_lives_in_flat(person_id, flat_id)
    VALUES (234, 234);
INSERT INTO meter(meter_id, installation_date, type, title, meter_unit_id, active, flat_id)
    VALUES (468, '01/01/2012', 'Water', 'Cold water in kitchen test234', 1, true, 234);
INSERT INTO meter(meter_id, installation_date, type, title, meter_unit_id, active, flat_id)
    VALUES (469, '01/01/2012', 'Electricity', 'Electricity in hall test234', 2, true, 234);
INSERT INTO Meter_reading(value, date, paid, meter_id)
        VALUES (241, '2012-1-12', false, 468);
INSERT INTO Meter_reading(value, date, paid, meter_id)
        VALUES (259, '2012-1-13', false, 468);
INSERT INTO Meter_reading(value, date, paid, meter_id)
        VALUES (270, '2012-1-26', false, 468);
INSERT INTO Meter_reading(value, date, paid, meter_id)
        VALUES (286, '2012-2-9', false, 468);
INSERT INTO Meter_reading(value, date, paid, meter_id)
        VALUES (310, '2012-2-16', false, 468);
INSERT INTO Meter_reading(value, date, paid, meter_id)
        VALUES (326, '2012-2-26', false, 468);
INSERT INTO Meter_reading(value, date, paid, meter_id)
        VALUES (337, '2012-2-27', false, 468);
INSERT INTO Meter_reading(value, date, paid, meter_id)
        VALUES (338, '2012-3-9', false, 468);
INSERT INTO Meter_reading(value, date, paid, meter_id)
        VALUES (154, '2012-1-7', false, 469);
INSERT INTO Meter_reading(value, date, paid, meter_id)
        VALUES (174, '2012-1-8', false, 469);
INSERT INTO Meter_reading(value, date, paid, meter_id)
        VALUES (198, '2012-1-17', false, 469);
INSERT INTO Meter_reading(value, date, paid, meter_id)
        VALUES (224, '2012-2-4', false, 469);
INSERT INTO Meter_reading(value, date, paid, meter_id)
        VALUES (236, '2012-2-12', false, 469);
INSERT INTO Meter_reading(value, date, paid, meter_id)
        VALUES (243, '2012-2-19', false, 469);
INSERT INTO Meter_reading(value, date, paid, meter_id)
        VALUES (263, '2012-2-25', false, 469);
INSERT INTO Meter_reading(value, date, paid, meter_id)
        VALUES (286, '2012-3-2', false, 469);
INSERT INTO Meter_reading(value, date, paid, meter_id)
        VALUES (291, '2012-3-7', false, 469);
INSERT INTO Meter_reading(value, date, paid, meter_id)
        VALUES (313, '2012-3-13', false, 469);
INSERT INTO person(person_id, name, surname, paternal_name, registration_date, email, password_hash, is_admin) 
    VALUES (235, 'test235', 'test235', '', '01/01/2012', 'test235', '098f6bcd4621d373cade4e832627b4f6', false);
INSERT INTO dweller VALUES (235);
INSERT INTO flat(flat_id, area, flat_number, balance, cladr_id, building_id)
    VALUES (235, 111, 235, 0, 1, 1);
INSERT INTO dweller_lives_in_flat(person_id, flat_id)
    VALUES (235, 235);
INSERT INTO meter(meter_id, installation_date, type, title, meter_unit_id, active, flat_id)
    VALUES (470, '01/01/2012', 'Water', 'Cold water in kitchen test235', 1, true, 235);
INSERT INTO meter(meter_id, installation_date, type, title, meter_unit_id, active, flat_id)
    VALUES (471, '01/01/2012', 'Electricity', 'Electricity in hall test235', 2, true, 235);
INSERT INTO Meter_reading(value, date, paid, meter_id)
        VALUES (233, '2012-1-15', false, 470);
INSERT INTO Meter_reading(value, date, paid, meter_id)
        VALUES (281, '2012-1-22', false, 470);
INSERT INTO Meter_reading(value, date, paid, meter_id)
        VALUES (336, '2012-2-6', false, 470);
INSERT INTO Meter_reading(value, date, paid, meter_id)
        VALUES (399, '2012-2-11', false, 470);
INSERT INTO Meter_reading(value, date, paid, meter_id)
        VALUES (433, '2012-2-24', false, 470);
INSERT INTO Meter_reading(value, date, paid, meter_id)
        VALUES (489, '2012-2-27', false, 470);
INSERT INTO Meter_reading(value, date, paid, meter_id)
        VALUES (506, '2012-3-3', false, 470);
INSERT INTO Meter_reading(value, date, paid, meter_id)
        VALUES (576, '2012-3-4', false, 470);
INSERT INTO Meter_reading(value, date, paid, meter_id)
        VALUES (108, '2012-1-6', false, 471);
INSERT INTO Meter_reading(value, date, paid, meter_id)
        VALUES (113, '2012-1-8', false, 471);
INSERT INTO Meter_reading(value, date, paid, meter_id)
        VALUES (115, '2012-1-17', false, 471);
INSERT INTO Meter_reading(value, date, paid, meter_id)
        VALUES (128, '2012-1-19', false, 471);
INSERT INTO Meter_reading(value, date, paid, meter_id)
        VALUES (130, '2012-2-6', false, 471);
INSERT INTO Meter_reading(value, date, paid, meter_id)
        VALUES (134, '2012-2-13', false, 471);
INSERT INTO Meter_reading(value, date, paid, meter_id)
        VALUES (148, '2012-2-26', false, 471);
INSERT INTO Meter_reading(value, date, paid, meter_id)
        VALUES (159, '2012-3-9', false, 471);
INSERT INTO Meter_reading(value, date, paid, meter_id)
        VALUES (171, '2012-3-15', false, 471);
INSERT INTO Meter_reading(value, date, paid, meter_id)
        VALUES (198, '2012-3-17', false, 471);
INSERT INTO Meter_reading(value, date, paid, meter_id)
        VALUES (212, '2012-3-20', false, 471);
INSERT INTO Meter_reading(value, date, paid, meter_id)
        VALUES (213, '2012-3-25', false, 471);
INSERT INTO person(person_id, name, surname, paternal_name, registration_date, email, password_hash, is_admin) 
    VALUES (236, 'test236', 'test236', '', '01/01/2012', 'test236', '098f6bcd4621d373cade4e832627b4f6', false);
INSERT INTO dweller VALUES (236);
INSERT INTO flat(flat_id, area, flat_number, balance, cladr_id, building_id)
    VALUES (236, 163, 236, 0, 1, 1);
INSERT INTO dweller_lives_in_flat(person_id, flat_id)
    VALUES (236, 236);
INSERT INTO meter(meter_id, installation_date, type, title, meter_unit_id, active, flat_id)
    VALUES (472, '01/01/2012', 'Water', 'Cold water in kitchen test236', 1, true, 236);
INSERT INTO meter(meter_id, installation_date, type, title, meter_unit_id, active, flat_id)
    VALUES (473, '01/01/2012', 'Electricity', 'Electricity in hall test236', 2, true, 236);
INSERT INTO Meter_reading(value, date, paid, meter_id)
        VALUES (55, '2012-1-16', false, 472);
INSERT INTO Meter_reading(value, date, paid, meter_id)
        VALUES (56, '2012-2-1', false, 472);
INSERT INTO Meter_reading(value, date, paid, meter_id)
        VALUES (60, '2012-2-6', false, 472);
INSERT INTO Meter_reading(value, date, paid, meter_id)
        VALUES (81, '2012-2-10', false, 472);
INSERT INTO Meter_reading(value, date, paid, meter_id)
        VALUES (82, '2012-2-17', false, 472);
INSERT INTO Meter_reading(value, date, paid, meter_id)
        VALUES (180, '2012-1-3', false, 473);
INSERT INTO Meter_reading(value, date, paid, meter_id)
        VALUES (191, '2012-1-15', false, 473);
INSERT INTO Meter_reading(value, date, paid, meter_id)
        VALUES (208, '2012-1-17', false, 473);
INSERT INTO Meter_reading(value, date, paid, meter_id)
        VALUES (237, '2012-2-3', false, 473);
INSERT INTO Meter_reading(value, date, paid, meter_id)
        VALUES (268, '2012-2-6', false, 473);
INSERT INTO Meter_reading(value, date, paid, meter_id)
        VALUES (280, '2012-2-15', false, 473);
INSERT INTO Meter_reading(value, date, paid, meter_id)
        VALUES (283, '2012-2-22', false, 473);
INSERT INTO Meter_reading(value, date, paid, meter_id)
        VALUES (298, '2012-2-26', false, 473);
INSERT INTO Meter_reading(value, date, paid, meter_id)
        VALUES (340, '2012-3-9', false, 473);
INSERT INTO Meter_reading(value, date, paid, meter_id)
        VALUES (366, '2012-3-11', false, 473);
INSERT INTO Meter_reading(value, date, paid, meter_id)
        VALUES (368, '2012-3-18', false, 473);
INSERT INTO Meter_reading(value, date, paid, meter_id)
        VALUES (380, '2012-3-19', false, 473);
INSERT INTO Meter_reading(value, date, paid, meter_id)
        VALUES (421, '2012-4-2', false, 473);
INSERT INTO person(person_id, name, surname, paternal_name, registration_date, email, password_hash, is_admin) 
    VALUES (237, 'test237', 'test237', '', '01/01/2012', 'test237', '098f6bcd4621d373cade4e832627b4f6', false);
INSERT INTO dweller VALUES (237);
INSERT INTO flat(flat_id, area, flat_number, balance, cladr_id, building_id)
    VALUES (237, 176, 237, 0, 1, 1);
INSERT INTO dweller_lives_in_flat(person_id, flat_id)
    VALUES (237, 237);
INSERT INTO meter(meter_id, installation_date, type, title, meter_unit_id, active, flat_id)
    VALUES (474, '01/01/2012', 'Water', 'Cold water in kitchen test237', 1, true, 237);
INSERT INTO meter(meter_id, installation_date, type, title, meter_unit_id, active, flat_id)
    VALUES (475, '01/01/2012', 'Electricity', 'Electricity in hall test237', 2, true, 237);
INSERT INTO Meter_reading(value, date, paid, meter_id)
        VALUES (10, '2012-1-9', false, 474);
INSERT INTO Meter_reading(value, date, paid, meter_id)
        VALUES (24, '2012-1-14', false, 474);
INSERT INTO Meter_reading(value, date, paid, meter_id)
        VALUES (83, '2012-1-26', false, 474);
INSERT INTO Meter_reading(value, date, paid, meter_id)
        VALUES (85, '2012-2-13', false, 474);
INSERT INTO Meter_reading(value, date, paid, meter_id)
        VALUES (145, '2012-2-25', false, 474);
INSERT INTO Meter_reading(value, date, paid, meter_id)
        VALUES (176, '2012-2-26', false, 474);
INSERT INTO Meter_reading(value, date, paid, meter_id)
        VALUES (216, '2012-3-2', false, 474);
INSERT INTO Meter_reading(value, date, paid, meter_id)
        VALUES (221, '2012-3-7', false, 474);
INSERT INTO Meter_reading(value, date, paid, meter_id)
        VALUES (245, '2012-3-13', false, 474);
INSERT INTO Meter_reading(value, date, paid, meter_id)
        VALUES (291, '2012-3-23', false, 474);
INSERT INTO Meter_reading(value, date, paid, meter_id)
        VALUES (331, '2012-4-9', false, 474);
INSERT INTO Meter_reading(value, date, paid, meter_id)
        VALUES (365, '2012-4-23', false, 474);
INSERT INTO Meter_reading(value, date, paid, meter_id)
        VALUES (399, '2012-5-3', false, 474);
INSERT INTO Meter_reading(value, date, paid, meter_id)
        VALUES (490, '2012-5-16', false, 474);
INSERT INTO Meter_reading(value, date, paid, meter_id)
        VALUES (116, '2012-1-8', false, 475);
INSERT INTO Meter_reading(value, date, paid, meter_id)
        VALUES (128, '2012-1-21', false, 475);
INSERT INTO Meter_reading(value, date, paid, meter_id)
        VALUES (157, '2012-2-7', false, 475);
INSERT INTO Meter_reading(value, date, paid, meter_id)
        VALUES (181, '2012-2-11', false, 475);
INSERT INTO Meter_reading(value, date, paid, meter_id)
        VALUES (203, '2012-2-25', false, 475);
INSERT INTO Meter_reading(value, date, paid, meter_id)
        VALUES (220, '2012-3-11', false, 475);
INSERT INTO person(person_id, name, surname, paternal_name, registration_date, email, password_hash, is_admin) 
    VALUES (238, 'test238', 'test238', '', '01/01/2012', 'test238', '098f6bcd4621d373cade4e832627b4f6', false);
INSERT INTO dweller VALUES (238);
INSERT INTO flat(flat_id, area, flat_number, balance, cladr_id, building_id)
    VALUES (238, 298, 238, 0, 1, 1);
INSERT INTO dweller_lives_in_flat(person_id, flat_id)
    VALUES (238, 238);
INSERT INTO meter(meter_id, installation_date, type, title, meter_unit_id, active, flat_id)
    VALUES (476, '01/01/2012', 'Water', 'Cold water in kitchen test238', 1, true, 238);
INSERT INTO meter(meter_id, installation_date, type, title, meter_unit_id, active, flat_id)
    VALUES (477, '01/01/2012', 'Electricity', 'Electricity in hall test238', 2, true, 238);
INSERT INTO Meter_reading(value, date, paid, meter_id)
        VALUES (108, '2012-1-3', false, 476);
INSERT INTO Meter_reading(value, date, paid, meter_id)
        VALUES (130, '2012-1-5', false, 476);
INSERT INTO Meter_reading(value, date, paid, meter_id)
        VALUES (133, '2012-1-17', false, 476);
INSERT INTO Meter_reading(value, date, paid, meter_id)
        VALUES (160, '2012-1-21', false, 476);
INSERT INTO Meter_reading(value, date, paid, meter_id)
        VALUES (186, '2012-1-27', false, 476);
INSERT INTO Meter_reading(value, date, paid, meter_id)
        VALUES (197, '2012-2-8', false, 476);
INSERT INTO Meter_reading(value, date, paid, meter_id)
        VALUES (217, '2012-2-18', false, 476);
INSERT INTO Meter_reading(value, date, paid, meter_id)
        VALUES (220, '2012-2-23', false, 476);
INSERT INTO Meter_reading(value, date, paid, meter_id)
        VALUES (240, '2012-2-25', false, 476);
INSERT INTO Meter_reading(value, date, paid, meter_id)
        VALUES (260, '2012-3-11', false, 476);
INSERT INTO Meter_reading(value, date, paid, meter_id)
        VALUES (279, '2012-3-20', false, 476);
INSERT INTO Meter_reading(value, date, paid, meter_id)
        VALUES (294, '2012-1-3', false, 477);
INSERT INTO Meter_reading(value, date, paid, meter_id)
        VALUES (300, '2012-1-12', false, 477);
INSERT INTO Meter_reading(value, date, paid, meter_id)
        VALUES (314, '2012-1-15', false, 477);
INSERT INTO Meter_reading(value, date, paid, meter_id)
        VALUES (330, '2012-1-18', false, 477);
INSERT INTO Meter_reading(value, date, paid, meter_id)
        VALUES (344, '2012-1-21', false, 477);
INSERT INTO person(person_id, name, surname, paternal_name, registration_date, email, password_hash, is_admin) 
    VALUES (239, 'test239', 'test239', '', '01/01/2012', 'test239', '098f6bcd4621d373cade4e832627b4f6', false);
INSERT INTO dweller VALUES (239);
INSERT INTO flat(flat_id, area, flat_number, balance, cladr_id, building_id)
    VALUES (239, 184, 239, 0, 1, 1);
INSERT INTO dweller_lives_in_flat(person_id, flat_id)
    VALUES (239, 239);
INSERT INTO meter(meter_id, installation_date, type, title, meter_unit_id, active, flat_id)
    VALUES (478, '01/01/2012', 'Water', 'Cold water in kitchen test239', 1, true, 239);
INSERT INTO meter(meter_id, installation_date, type, title, meter_unit_id, active, flat_id)
    VALUES (479, '01/01/2012', 'Electricity', 'Electricity in hall test239', 2, true, 239);
INSERT INTO Meter_reading(value, date, paid, meter_id)
        VALUES (296, '2012-1-12', false, 478);
INSERT INTO Meter_reading(value, date, paid, meter_id)
        VALUES (316, '2012-1-23', false, 478);
INSERT INTO Meter_reading(value, date, paid, meter_id)
        VALUES (342, '2012-2-10', false, 478);
INSERT INTO Meter_reading(value, date, paid, meter_id)
        VALUES (372, '2012-2-14', false, 478);
INSERT INTO Meter_reading(value, date, paid, meter_id)
        VALUES (379, '2012-2-17', false, 478);
INSERT INTO Meter_reading(value, date, paid, meter_id)
        VALUES (409, '2012-2-23', false, 478);
INSERT INTO Meter_reading(value, date, paid, meter_id)
        VALUES (440, '2012-2-27', false, 478);
INSERT INTO Meter_reading(value, date, paid, meter_id)
        VALUES (447, '2012-3-6', false, 478);
INSERT INTO Meter_reading(value, date, paid, meter_id)
        VALUES (475, '2012-3-8', false, 478);
INSERT INTO Meter_reading(value, date, paid, meter_id)
        VALUES (494, '2012-3-15', false, 478);
INSERT INTO Meter_reading(value, date, paid, meter_id)
        VALUES (498, '2012-4-2', false, 478);
INSERT INTO Meter_reading(value, date, paid, meter_id)
        VALUES (529, '2012-4-3', false, 478);
INSERT INTO Meter_reading(value, date, paid, meter_id)
        VALUES (558, '2012-4-14', false, 478);
INSERT INTO Meter_reading(value, date, paid, meter_id)
        VALUES (559, '2012-4-15', false, 478);
INSERT INTO Meter_reading(value, date, paid, meter_id)
        VALUES (224, '2012-1-6', false, 479);
INSERT INTO Meter_reading(value, date, paid, meter_id)
        VALUES (227, '2012-1-19', false, 479);
INSERT INTO Meter_reading(value, date, paid, meter_id)
        VALUES (231, '2012-2-4', false, 479);
INSERT INTO Meter_reading(value, date, paid, meter_id)
        VALUES (233, '2012-2-9', false, 479);
INSERT INTO Meter_reading(value, date, paid, meter_id)
        VALUES (238, '2012-2-10', false, 479);
INSERT INTO Meter_reading(value, date, paid, meter_id)
        VALUES (239, '2012-2-20', false, 479);
INSERT INTO Meter_reading(value, date, paid, meter_id)
        VALUES (243, '2012-3-2', false, 479);
INSERT INTO Meter_reading(value, date, paid, meter_id)
        VALUES (245, '2012-3-12', false, 479);
INSERT INTO Meter_reading(value, date, paid, meter_id)
        VALUES (252, '2012-3-24', false, 479);
INSERT INTO Meter_reading(value, date, paid, meter_id)
        VALUES (259, '2012-4-7', false, 479);
INSERT INTO Meter_reading(value, date, paid, meter_id)
        VALUES (261, '2012-4-16', false, 479);
INSERT INTO Meter_reading(value, date, paid, meter_id)
        VALUES (263, '2012-4-26', false, 479);
INSERT INTO person(person_id, name, surname, paternal_name, registration_date, email, password_hash, is_admin) 
    VALUES (240, 'test240', 'test240', '', '01/01/2012', 'test240', '098f6bcd4621d373cade4e832627b4f6', false);
INSERT INTO dweller VALUES (240);
INSERT INTO flat(flat_id, area, flat_number, balance, cladr_id, building_id)
    VALUES (240, 310, 240, 0, 1, 1);
INSERT INTO dweller_lives_in_flat(person_id, flat_id)
    VALUES (240, 240);
INSERT INTO meter(meter_id, installation_date, type, title, meter_unit_id, active, flat_id)
    VALUES (480, '01/01/2012', 'Water', 'Cold water in kitchen test240', 1, true, 240);
INSERT INTO meter(meter_id, installation_date, type, title, meter_unit_id, active, flat_id)
    VALUES (481, '01/01/2012', 'Electricity', 'Electricity in hall test240', 2, true, 240);
INSERT INTO Meter_reading(value, date, paid, meter_id)
        VALUES (106, '2012-1-12', false, 480);
INSERT INTO Meter_reading(value, date, paid, meter_id)
        VALUES (134, '2012-1-20', false, 480);
INSERT INTO Meter_reading(value, date, paid, meter_id)
        VALUES (135, '2012-2-2', false, 480);
INSERT INTO Meter_reading(value, date, paid, meter_id)
        VALUES (150, '2012-2-4', false, 480);
INSERT INTO Meter_reading(value, date, paid, meter_id)
        VALUES (158, '2012-2-13', false, 480);
INSERT INTO Meter_reading(value, date, paid, meter_id)
        VALUES (162, '2012-2-20', false, 480);
INSERT INTO Meter_reading(value, date, paid, meter_id)
        VALUES (180, '2012-2-25', false, 480);
INSERT INTO Meter_reading(value, date, paid, meter_id)
        VALUES (216, '2012-3-10', false, 480);
INSERT INTO Meter_reading(value, date, paid, meter_id)
        VALUES (221, '2012-3-20', false, 480);
INSERT INTO Meter_reading(value, date, paid, meter_id)
        VALUES (260, '2012-3-26', false, 480);
INSERT INTO Meter_reading(value, date, paid, meter_id)
        VALUES (223, '2012-1-16', false, 481);
INSERT INTO Meter_reading(value, date, paid, meter_id)
        VALUES (238, '2012-1-23', false, 481);
INSERT INTO Meter_reading(value, date, paid, meter_id)
        VALUES (261, '2012-2-1', false, 481);
INSERT INTO Meter_reading(value, date, paid, meter_id)
        VALUES (265, '2012-2-9', false, 481);
INSERT INTO Meter_reading(value, date, paid, meter_id)
        VALUES (285, '2012-2-18', false, 481);
INSERT INTO Meter_reading(value, date, paid, meter_id)
        VALUES (304, '2012-3-3', false, 481);
INSERT INTO person(person_id, name, surname, paternal_name, registration_date, email, password_hash, is_admin) 
    VALUES (241, 'test241', 'test241', '', '01/01/2012', 'test241', '098f6bcd4621d373cade4e832627b4f6', false);
INSERT INTO dweller VALUES (241);
INSERT INTO flat(flat_id, area, flat_number, balance, cladr_id, building_id)
    VALUES (241, 80, 241, 0, 1, 1);
INSERT INTO dweller_lives_in_flat(person_id, flat_id)
    VALUES (241, 241);
INSERT INTO meter(meter_id, installation_date, type, title, meter_unit_id, active, flat_id)
    VALUES (482, '01/01/2012', 'Water', 'Cold water in kitchen test241', 1, true, 241);
INSERT INTO meter(meter_id, installation_date, type, title, meter_unit_id, active, flat_id)
    VALUES (483, '01/01/2012', 'Electricity', 'Electricity in hall test241', 2, true, 241);
INSERT INTO Meter_reading(value, date, paid, meter_id)
        VALUES (21, '2012-1-13', false, 482);
INSERT INTO Meter_reading(value, date, paid, meter_id)
        VALUES (38, '2012-1-19', false, 482);
INSERT INTO Meter_reading(value, date, paid, meter_id)
        VALUES (39, '2012-2-2', false, 482);
INSERT INTO Meter_reading(value, date, paid, meter_id)
        VALUES (61, '2012-2-7', false, 482);
INSERT INTO Meter_reading(value, date, paid, meter_id)
        VALUES (73, '2012-2-21', false, 482);
INSERT INTO Meter_reading(value, date, paid, meter_id)
        VALUES (75, '2012-2-25', false, 482);
INSERT INTO Meter_reading(value, date, paid, meter_id)
        VALUES (87, '2012-3-10', false, 482);
INSERT INTO Meter_reading(value, date, paid, meter_id)
        VALUES (100, '2012-3-17', false, 482);
INSERT INTO Meter_reading(value, date, paid, meter_id)
        VALUES (125, '2012-4-3', false, 482);
INSERT INTO Meter_reading(value, date, paid, meter_id)
        VALUES (311, '2012-1-16', false, 483);
INSERT INTO Meter_reading(value, date, paid, meter_id)
        VALUES (344, '2012-2-3', false, 483);
INSERT INTO Meter_reading(value, date, paid, meter_id)
        VALUES (372, '2012-2-11', false, 483);
INSERT INTO Meter_reading(value, date, paid, meter_id)
        VALUES (403, '2012-2-25', false, 483);
INSERT INTO Meter_reading(value, date, paid, meter_id)
        VALUES (423, '2012-3-4', false, 483);
INSERT INTO Meter_reading(value, date, paid, meter_id)
        VALUES (462, '2012-3-14', false, 483);
INSERT INTO person(person_id, name, surname, paternal_name, registration_date, email, password_hash, is_admin) 
    VALUES (242, 'test242', 'test242', '', '01/01/2012', 'test242', '098f6bcd4621d373cade4e832627b4f6', false);
INSERT INTO dweller VALUES (242);
INSERT INTO flat(flat_id, area, flat_number, balance, cladr_id, building_id)
    VALUES (242, 96, 242, 0, 1, 1);
INSERT INTO dweller_lives_in_flat(person_id, flat_id)
    VALUES (242, 242);
INSERT INTO meter(meter_id, installation_date, type, title, meter_unit_id, active, flat_id)
    VALUES (484, '01/01/2012', 'Water', 'Cold water in kitchen test242', 1, true, 242);
INSERT INTO meter(meter_id, installation_date, type, title, meter_unit_id, active, flat_id)
    VALUES (485, '01/01/2012', 'Electricity', 'Electricity in hall test242', 2, true, 242);
INSERT INTO Meter_reading(value, date, paid, meter_id)
        VALUES (209, '2012-1-13', false, 484);
INSERT INTO Meter_reading(value, date, paid, meter_id)
        VALUES (245, '2012-1-24', false, 484);
INSERT INTO Meter_reading(value, date, paid, meter_id)
        VALUES (293, '2012-2-5', false, 484);
INSERT INTO Meter_reading(value, date, paid, meter_id)
        VALUES (294, '2012-2-18', false, 484);
INSERT INTO Meter_reading(value, date, paid, meter_id)
        VALUES (370, '2012-2-26', false, 484);
INSERT INTO Meter_reading(value, date, paid, meter_id)
        VALUES (385, '2012-3-13', false, 484);
INSERT INTO Meter_reading(value, date, paid, meter_id)
        VALUES (399, '2012-3-26', false, 484);
INSERT INTO Meter_reading(value, date, paid, meter_id)
        VALUES (463, '2012-4-8', false, 484);
INSERT INTO Meter_reading(value, date, paid, meter_id)
        VALUES (471, '2012-4-13', false, 484);
INSERT INTO Meter_reading(value, date, paid, meter_id)
        VALUES (527, '2012-4-15', false, 484);
INSERT INTO Meter_reading(value, date, paid, meter_id)
        VALUES (565, '2012-4-22', false, 484);
INSERT INTO Meter_reading(value, date, paid, meter_id)
        VALUES (638, '2012-4-24', false, 484);
INSERT INTO Meter_reading(value, date, paid, meter_id)
        VALUES (692, '2012-5-7', false, 484);
INSERT INTO Meter_reading(value, date, paid, meter_id)
        VALUES (57, '2012-1-9', false, 485);
INSERT INTO Meter_reading(value, date, paid, meter_id)
        VALUES (75, '2012-1-19', false, 485);
INSERT INTO Meter_reading(value, date, paid, meter_id)
        VALUES (93, '2012-1-26', false, 485);
INSERT INTO Meter_reading(value, date, paid, meter_id)
        VALUES (116, '2012-2-9', false, 485);
INSERT INTO Meter_reading(value, date, paid, meter_id)
        VALUES (122, '2012-2-17', false, 485);
INSERT INTO Meter_reading(value, date, paid, meter_id)
        VALUES (130, '2012-2-27', false, 485);
INSERT INTO Meter_reading(value, date, paid, meter_id)
        VALUES (142, '2012-3-9', false, 485);
INSERT INTO person(person_id, name, surname, paternal_name, registration_date, email, password_hash, is_admin) 
    VALUES (243, 'test243', 'test243', '', '01/01/2012', 'test243', '098f6bcd4621d373cade4e832627b4f6', false);
INSERT INTO dweller VALUES (243);
INSERT INTO flat(flat_id, area, flat_number, balance, cladr_id, building_id)
    VALUES (243, 287, 243, 0, 1, 1);
INSERT INTO dweller_lives_in_flat(person_id, flat_id)
    VALUES (243, 243);
INSERT INTO meter(meter_id, installation_date, type, title, meter_unit_id, active, flat_id)
    VALUES (486, '01/01/2012', 'Water', 'Cold water in kitchen test243', 1, true, 243);
INSERT INTO meter(meter_id, installation_date, type, title, meter_unit_id, active, flat_id)
    VALUES (487, '01/01/2012', 'Electricity', 'Electricity in hall test243', 2, true, 243);
INSERT INTO Meter_reading(value, date, paid, meter_id)
        VALUES (181, '2012-1-11', false, 486);
INSERT INTO Meter_reading(value, date, paid, meter_id)
        VALUES (205, '2012-1-24', false, 486);
INSERT INTO Meter_reading(value, date, paid, meter_id)
        VALUES (222, '2012-2-9', false, 486);
INSERT INTO Meter_reading(value, date, paid, meter_id)
        VALUES (241, '2012-2-21', false, 486);
INSERT INTO Meter_reading(value, date, paid, meter_id)
        VALUES (249, '2012-2-25', false, 486);
INSERT INTO Meter_reading(value, date, paid, meter_id)
        VALUES (269, '2012-3-11', false, 486);
INSERT INTO Meter_reading(value, date, paid, meter_id)
        VALUES (278, '2012-3-24', false, 486);
INSERT INTO Meter_reading(value, date, paid, meter_id)
        VALUES (288, '2012-4-8', false, 486);
INSERT INTO Meter_reading(value, date, paid, meter_id)
        VALUES (292, '2012-4-21', false, 486);
INSERT INTO Meter_reading(value, date, paid, meter_id)
        VALUES (300, '2012-4-25', false, 486);
INSERT INTO Meter_reading(value, date, paid, meter_id)
        VALUES (325, '2012-5-7', false, 486);
INSERT INTO Meter_reading(value, date, paid, meter_id)
        VALUES (345, '2012-5-21', false, 486);
INSERT INTO Meter_reading(value, date, paid, meter_id)
        VALUES (187, '2012-1-11', false, 487);
INSERT INTO Meter_reading(value, date, paid, meter_id)
        VALUES (189, '2012-1-25', false, 487);
INSERT INTO Meter_reading(value, date, paid, meter_id)
        VALUES (194, '2012-1-27', false, 487);
INSERT INTO Meter_reading(value, date, paid, meter_id)
        VALUES (221, '2012-2-13', false, 487);
INSERT INTO Meter_reading(value, date, paid, meter_id)
        VALUES (238, '2012-2-26', false, 487);
INSERT INTO Meter_reading(value, date, paid, meter_id)
        VALUES (242, '2012-3-5', false, 487);
INSERT INTO Meter_reading(value, date, paid, meter_id)
        VALUES (246, '2012-3-12', false, 487);
INSERT INTO Meter_reading(value, date, paid, meter_id)
        VALUES (252, '2012-3-20', false, 487);
INSERT INTO Meter_reading(value, date, paid, meter_id)
        VALUES (280, '2012-3-24', false, 487);
INSERT INTO Meter_reading(value, date, paid, meter_id)
        VALUES (286, '2012-3-25', false, 487);
INSERT INTO Meter_reading(value, date, paid, meter_id)
        VALUES (296, '2012-4-8', false, 487);
INSERT INTO Meter_reading(value, date, paid, meter_id)
        VALUES (308, '2012-4-22', false, 487);
INSERT INTO person(person_id, name, surname, paternal_name, registration_date, email, password_hash, is_admin) 
    VALUES (244, 'test244', 'test244', '', '01/01/2012', 'test244', '098f6bcd4621d373cade4e832627b4f6', false);
INSERT INTO dweller VALUES (244);
INSERT INTO flat(flat_id, area, flat_number, balance, cladr_id, building_id)
    VALUES (244, 272, 244, 0, 1, 1);
INSERT INTO dweller_lives_in_flat(person_id, flat_id)
    VALUES (244, 244);
INSERT INTO meter(meter_id, installation_date, type, title, meter_unit_id, active, flat_id)
    VALUES (488, '01/01/2012', 'Water', 'Cold water in kitchen test244', 1, true, 244);
INSERT INTO meter(meter_id, installation_date, type, title, meter_unit_id, active, flat_id)
    VALUES (489, '01/01/2012', 'Electricity', 'Electricity in hall test244', 2, true, 244);
INSERT INTO Meter_reading(value, date, paid, meter_id)
        VALUES (76, '2012-1-15', false, 488);
INSERT INTO Meter_reading(value, date, paid, meter_id)
        VALUES (100, '2012-1-20', false, 488);
INSERT INTO Meter_reading(value, date, paid, meter_id)
        VALUES (123, '2012-1-27', false, 488);
INSERT INTO Meter_reading(value, date, paid, meter_id)
        VALUES (138, '2012-2-14', false, 488);
INSERT INTO Meter_reading(value, date, paid, meter_id)
        VALUES (147, '2012-2-20', false, 488);
INSERT INTO Meter_reading(value, date, paid, meter_id)
        VALUES (150, '2012-3-3', false, 488);
INSERT INTO Meter_reading(value, date, paid, meter_id)
        VALUES (167, '2012-3-10', false, 488);
INSERT INTO Meter_reading(value, date, paid, meter_id)
        VALUES (180, '2012-3-22', false, 488);
INSERT INTO Meter_reading(value, date, paid, meter_id)
        VALUES (198, '2012-4-4', false, 488);
INSERT INTO Meter_reading(value, date, paid, meter_id)
        VALUES (219, '2012-4-14', false, 488);
INSERT INTO Meter_reading(value, date, paid, meter_id)
        VALUES (244, '2012-5-1', false, 488);
INSERT INTO Meter_reading(value, date, paid, meter_id)
        VALUES (247, '2012-5-15', false, 488);
INSERT INTO Meter_reading(value, date, paid, meter_id)
        VALUES (163, '2012-1-13', false, 489);
INSERT INTO Meter_reading(value, date, paid, meter_id)
        VALUES (186, '2012-1-15', false, 489);
INSERT INTO Meter_reading(value, date, paid, meter_id)
        VALUES (208, '2012-1-22', false, 489);
INSERT INTO Meter_reading(value, date, paid, meter_id)
        VALUES (228, '2012-1-27', false, 489);
INSERT INTO Meter_reading(value, date, paid, meter_id)
        VALUES (242, '2012-2-11', false, 489);
INSERT INTO Meter_reading(value, date, paid, meter_id)
        VALUES (250, '2012-2-22', false, 489);
INSERT INTO Meter_reading(value, date, paid, meter_id)
        VALUES (276, '2012-3-8', false, 489);
INSERT INTO Meter_reading(value, date, paid, meter_id)
        VALUES (293, '2012-3-22', false, 489);
INSERT INTO Meter_reading(value, date, paid, meter_id)
        VALUES (312, '2012-4-7', false, 489);
INSERT INTO Meter_reading(value, date, paid, meter_id)
        VALUES (340, '2012-4-19', false, 489);
INSERT INTO Meter_reading(value, date, paid, meter_id)
        VALUES (358, '2012-5-4', false, 489);
INSERT INTO person(person_id, name, surname, paternal_name, registration_date, email, password_hash, is_admin) 
    VALUES (245, 'test245', 'test245', '', '01/01/2012', 'test245', '098f6bcd4621d373cade4e832627b4f6', false);
INSERT INTO dweller VALUES (245);
INSERT INTO flat(flat_id, area, flat_number, balance, cladr_id, building_id)
    VALUES (245, 148, 245, 0, 1, 1);
INSERT INTO dweller_lives_in_flat(person_id, flat_id)
    VALUES (245, 245);
INSERT INTO meter(meter_id, installation_date, type, title, meter_unit_id, active, flat_id)
    VALUES (490, '01/01/2012', 'Water', 'Cold water in kitchen test245', 1, true, 245);
INSERT INTO meter(meter_id, installation_date, type, title, meter_unit_id, active, flat_id)
    VALUES (491, '01/01/2012', 'Electricity', 'Electricity in hall test245', 2, true, 245);
INSERT INTO Meter_reading(value, date, paid, meter_id)
        VALUES (43, '2012-1-14', false, 490);
INSERT INTO Meter_reading(value, date, paid, meter_id)
        VALUES (86, '2012-1-23', false, 490);
INSERT INTO Meter_reading(value, date, paid, meter_id)
        VALUES (141, '2012-2-7', false, 490);
INSERT INTO Meter_reading(value, date, paid, meter_id)
        VALUES (150, '2012-2-19', false, 490);
INSERT INTO Meter_reading(value, date, paid, meter_id)
        VALUES (199, '2012-3-5', false, 490);
INSERT INTO Meter_reading(value, date, paid, meter_id)
        VALUES (233, '2012-3-15', false, 490);
INSERT INTO Meter_reading(value, date, paid, meter_id)
        VALUES (260, '2012-3-26', false, 490);
INSERT INTO Meter_reading(value, date, paid, meter_id)
        VALUES (271, '2012-4-11', false, 490);
INSERT INTO Meter_reading(value, date, paid, meter_id)
        VALUES (319, '2012-4-21', false, 490);
INSERT INTO Meter_reading(value, date, paid, meter_id)
        VALUES (371, '2012-4-23', false, 490);
INSERT INTO Meter_reading(value, date, paid, meter_id)
        VALUES (410, '2012-5-4', false, 490);
INSERT INTO Meter_reading(value, date, paid, meter_id)
        VALUES (450, '2012-5-14', false, 490);
INSERT INTO Meter_reading(value, date, paid, meter_id)
        VALUES (514, '2012-5-16', false, 490);
INSERT INTO Meter_reading(value, date, paid, meter_id)
        VALUES (528, '2012-5-22', false, 490);
INSERT INTO Meter_reading(value, date, paid, meter_id)
        VALUES (33, '2012-1-13', false, 491);
INSERT INTO Meter_reading(value, date, paid, meter_id)
        VALUES (35, '2012-1-25', false, 491);
INSERT INTO Meter_reading(value, date, paid, meter_id)
        VALUES (49, '2012-2-6', false, 491);
INSERT INTO Meter_reading(value, date, paid, meter_id)
        VALUES (71, '2012-2-15', false, 491);
INSERT INTO Meter_reading(value, date, paid, meter_id)
        VALUES (82, '2012-2-25', false, 491);
INSERT INTO Meter_reading(value, date, paid, meter_id)
        VALUES (105, '2012-3-1', false, 491);
INSERT INTO Meter_reading(value, date, paid, meter_id)
        VALUES (114, '2012-3-6', false, 491);
INSERT INTO Meter_reading(value, date, paid, meter_id)
        VALUES (124, '2012-3-18', false, 491);
INSERT INTO Meter_reading(value, date, paid, meter_id)
        VALUES (129, '2012-3-25', false, 491);
INSERT INTO Meter_reading(value, date, paid, meter_id)
        VALUES (156, '2012-4-8', false, 491);
INSERT INTO Meter_reading(value, date, paid, meter_id)
        VALUES (184, '2012-4-16', false, 491);
INSERT INTO Meter_reading(value, date, paid, meter_id)
        VALUES (208, '2012-5-1', false, 491);
INSERT INTO Meter_reading(value, date, paid, meter_id)
        VALUES (213, '2012-5-4', false, 491);
INSERT INTO Meter_reading(value, date, paid, meter_id)
        VALUES (221, '2012-5-11', false, 491);
INSERT INTO person(person_id, name, surname, paternal_name, registration_date, email, password_hash, is_admin) 
    VALUES (246, 'test246', 'test246', '', '01/01/2012', 'test246', '098f6bcd4621d373cade4e832627b4f6', false);
INSERT INTO dweller VALUES (246);
INSERT INTO flat(flat_id, area, flat_number, balance, cladr_id, building_id)
    VALUES (246, 230, 246, 0, 1, 1);
INSERT INTO dweller_lives_in_flat(person_id, flat_id)
    VALUES (246, 246);
INSERT INTO meter(meter_id, installation_date, type, title, meter_unit_id, active, flat_id)
    VALUES (492, '01/01/2012', 'Water', 'Cold water in kitchen test246', 1, true, 246);
INSERT INTO meter(meter_id, installation_date, type, title, meter_unit_id, active, flat_id)
    VALUES (493, '01/01/2012', 'Electricity', 'Electricity in hall test246', 2, true, 246);
INSERT INTO Meter_reading(value, date, paid, meter_id)
        VALUES (225, '2012-1-5', false, 492);
INSERT INTO Meter_reading(value, date, paid, meter_id)
        VALUES (232, '2012-1-12', false, 492);
INSERT INTO Meter_reading(value, date, paid, meter_id)
        VALUES (238, '2012-1-13', false, 492);
INSERT INTO Meter_reading(value, date, paid, meter_id)
        VALUES (248, '2012-1-18', false, 492);
INSERT INTO Meter_reading(value, date, paid, meter_id)
        VALUES (250, '2012-1-25', false, 492);
INSERT INTO Meter_reading(value, date, paid, meter_id)
        VALUES (259, '2012-2-2', false, 492);
INSERT INTO Meter_reading(value, date, paid, meter_id)
        VALUES (270, '2012-2-5', false, 492);
INSERT INTO Meter_reading(value, date, paid, meter_id)
        VALUES (279, '2012-2-12', false, 492);
INSERT INTO Meter_reading(value, date, paid, meter_id)
        VALUES (289, '2012-2-20', false, 492);
INSERT INTO Meter_reading(value, date, paid, meter_id)
        VALUES (301, '2012-3-4', false, 492);
INSERT INTO Meter_reading(value, date, paid, meter_id)
        VALUES (303, '2012-3-9', false, 492);
INSERT INTO Meter_reading(value, date, paid, meter_id)
        VALUES (220, '2012-1-9', false, 493);
INSERT INTO Meter_reading(value, date, paid, meter_id)
        VALUES (249, '2012-1-16', false, 493);
INSERT INTO Meter_reading(value, date, paid, meter_id)
        VALUES (261, '2012-1-19', false, 493);
INSERT INTO Meter_reading(value, date, paid, meter_id)
        VALUES (289, '2012-1-27', false, 493);
INSERT INTO Meter_reading(value, date, paid, meter_id)
        VALUES (304, '2012-2-3', false, 493);
INSERT INTO person(person_id, name, surname, paternal_name, registration_date, email, password_hash, is_admin) 
    VALUES (247, 'test247', 'test247', '', '01/01/2012', 'test247', '098f6bcd4621d373cade4e832627b4f6', false);
INSERT INTO dweller VALUES (247);
INSERT INTO flat(flat_id, area, flat_number, balance, cladr_id, building_id)
    VALUES (247, 194, 247, 0, 1, 1);
INSERT INTO dweller_lives_in_flat(person_id, flat_id)
    VALUES (247, 247);
INSERT INTO meter(meter_id, installation_date, type, title, meter_unit_id, active, flat_id)
    VALUES (494, '01/01/2012', 'Water', 'Cold water in kitchen test247', 1, true, 247);
INSERT INTO meter(meter_id, installation_date, type, title, meter_unit_id, active, flat_id)
    VALUES (495, '01/01/2012', 'Electricity', 'Electricity in hall test247', 2, true, 247);
INSERT INTO Meter_reading(value, date, paid, meter_id)
        VALUES (277, '2012-1-5', false, 494);
INSERT INTO Meter_reading(value, date, paid, meter_id)
        VALUES (289, '2012-1-12', false, 494);
INSERT INTO Meter_reading(value, date, paid, meter_id)
        VALUES (307, '2012-1-15', false, 494);
INSERT INTO Meter_reading(value, date, paid, meter_id)
        VALUES (328, '2012-1-21', false, 494);
INSERT INTO Meter_reading(value, date, paid, meter_id)
        VALUES (329, '2012-1-23', false, 494);
INSERT INTO Meter_reading(value, date, paid, meter_id)
        VALUES (331, '2012-1-25', false, 494);
INSERT INTO Meter_reading(value, date, paid, meter_id)
        VALUES (333, '2012-2-9', false, 494);
INSERT INTO Meter_reading(value, date, paid, meter_id)
        VALUES (355, '2012-2-10', false, 494);
INSERT INTO Meter_reading(value, date, paid, meter_id)
        VALUES (376, '2012-2-24', false, 494);
INSERT INTO Meter_reading(value, date, paid, meter_id)
        VALUES (388, '2012-3-6', false, 494);
INSERT INTO Meter_reading(value, date, paid, meter_id)
        VALUES (246, '2012-1-11', false, 495);
INSERT INTO Meter_reading(value, date, paid, meter_id)
        VALUES (253, '2012-1-20', false, 495);
INSERT INTO Meter_reading(value, date, paid, meter_id)
        VALUES (259, '2012-2-2', false, 495);
INSERT INTO Meter_reading(value, date, paid, meter_id)
        VALUES (271, '2012-2-11', false, 495);
INSERT INTO Meter_reading(value, date, paid, meter_id)
        VALUES (299, '2012-2-15', false, 495);
INSERT INTO Meter_reading(value, date, paid, meter_id)
        VALUES (317, '2012-2-19', false, 495);
INSERT INTO person(person_id, name, surname, paternal_name, registration_date, email, password_hash, is_admin) 
    VALUES (248, 'test248', 'test248', '', '01/01/2012', 'test248', '098f6bcd4621d373cade4e832627b4f6', false);
INSERT INTO dweller VALUES (248);
INSERT INTO flat(flat_id, area, flat_number, balance, cladr_id, building_id)
    VALUES (248, 76, 248, 0, 1, 1);
INSERT INTO dweller_lives_in_flat(person_id, flat_id)
    VALUES (248, 248);
INSERT INTO meter(meter_id, installation_date, type, title, meter_unit_id, active, flat_id)
    VALUES (496, '01/01/2012', 'Water', 'Cold water in kitchen test248', 1, true, 248);
INSERT INTO meter(meter_id, installation_date, type, title, meter_unit_id, active, flat_id)
    VALUES (497, '01/01/2012', 'Electricity', 'Electricity in hall test248', 2, true, 248);
INSERT INTO Meter_reading(value, date, paid, meter_id)
        VALUES (181, '2012-1-15', false, 496);
INSERT INTO Meter_reading(value, date, paid, meter_id)
        VALUES (196, '2012-1-19', false, 496);
INSERT INTO Meter_reading(value, date, paid, meter_id)
        VALUES (234, '2012-1-24', false, 496);
INSERT INTO Meter_reading(value, date, paid, meter_id)
        VALUES (279, '2012-2-10', false, 496);
INSERT INTO Meter_reading(value, date, paid, meter_id)
        VALUES (294, '2012-2-22', false, 496);
INSERT INTO Meter_reading(value, date, paid, meter_id)
        VALUES (324, '2012-3-1', false, 496);
INSERT INTO Meter_reading(value, date, paid, meter_id)
        VALUES (374, '2012-3-14', false, 496);
INSERT INTO Meter_reading(value, date, paid, meter_id)
        VALUES (384, '2012-3-20', false, 496);
INSERT INTO Meter_reading(value, date, paid, meter_id)
        VALUES (433, '2012-4-4', false, 496);
INSERT INTO Meter_reading(value, date, paid, meter_id)
        VALUES (471, '2012-4-9', false, 496);
INSERT INTO Meter_reading(value, date, paid, meter_id)
        VALUES (354, '2012-1-13', false, 497);
INSERT INTO Meter_reading(value, date, paid, meter_id)
        VALUES (412, '2012-1-14', false, 497);
INSERT INTO Meter_reading(value, date, paid, meter_id)
        VALUES (474, '2012-1-26', false, 497);
INSERT INTO Meter_reading(value, date, paid, meter_id)
        VALUES (512, '2012-2-7', false, 497);
INSERT INTO Meter_reading(value, date, paid, meter_id)
        VALUES (548, '2012-2-14', false, 497);
INSERT INTO Meter_reading(value, date, paid, meter_id)
        VALUES (590, '2012-2-18', false, 497);
INSERT INTO Meter_reading(value, date, paid, meter_id)
        VALUES (640, '2012-2-19', false, 497);
INSERT INTO Meter_reading(value, date, paid, meter_id)
        VALUES (696, '2012-3-6', false, 497);
INSERT INTO person(person_id, name, surname, paternal_name, registration_date, email, password_hash, is_admin) 
    VALUES (249, 'test249', 'test249', '', '01/01/2012', 'test249', '098f6bcd4621d373cade4e832627b4f6', false);
INSERT INTO dweller VALUES (249);
INSERT INTO flat(flat_id, area, flat_number, balance, cladr_id, building_id)
    VALUES (249, 128, 249, 0, 1, 1);
INSERT INTO dweller_lives_in_flat(person_id, flat_id)
    VALUES (249, 249);
INSERT INTO meter(meter_id, installation_date, type, title, meter_unit_id, active, flat_id)
    VALUES (498, '01/01/2012', 'Water', 'Cold water in kitchen test249', 1, true, 249);
INSERT INTO meter(meter_id, installation_date, type, title, meter_unit_id, active, flat_id)
    VALUES (499, '01/01/2012', 'Electricity', 'Electricity in hall test249', 2, true, 249);
INSERT INTO Meter_reading(value, date, paid, meter_id)
        VALUES (143, '2012-1-8', false, 498);
INSERT INTO Meter_reading(value, date, paid, meter_id)
        VALUES (145, '2012-1-21', false, 498);
INSERT INTO Meter_reading(value, date, paid, meter_id)
        VALUES (162, '2012-2-2', false, 498);
INSERT INTO Meter_reading(value, date, paid, meter_id)
        VALUES (182, '2012-2-14', false, 498);
INSERT INTO Meter_reading(value, date, paid, meter_id)
        VALUES (194, '2012-2-23', false, 498);
INSERT INTO Meter_reading(value, date, paid, meter_id)
        VALUES (221, '2012-3-10', false, 498);
INSERT INTO Meter_reading(value, date, paid, meter_id)
        VALUES (226, '2012-3-23', false, 498);
INSERT INTO Meter_reading(value, date, paid, meter_id)
        VALUES (235, '2012-4-7', false, 498);
INSERT INTO Meter_reading(value, date, paid, meter_id)
        VALUES (259, '2012-4-11', false, 498);
INSERT INTO Meter_reading(value, date, paid, meter_id)
        VALUES (269, '2012-4-17', false, 498);
INSERT INTO Meter_reading(value, date, paid, meter_id)
        VALUES (190, '2012-1-11', false, 499);
INSERT INTO Meter_reading(value, date, paid, meter_id)
        VALUES (214, '2012-1-23', false, 499);
INSERT INTO Meter_reading(value, date, paid, meter_id)
        VALUES (219, '2012-2-4', false, 499);
INSERT INTO Meter_reading(value, date, paid, meter_id)
        VALUES (236, '2012-2-10', false, 499);
INSERT INTO Meter_reading(value, date, paid, meter_id)
        VALUES (241, '2012-2-20', false, 499);
INSERT INTO person(person_id, name, surname, paternal_name, registration_date, email, password_hash, is_admin) 
    VALUES (250, 'test250', 'test250', '', '01/01/2012', 'test250', '098f6bcd4621d373cade4e832627b4f6', false);
INSERT INTO dweller VALUES (250);
INSERT INTO flat(flat_id, area, flat_number, balance, cladr_id, building_id)
    VALUES (250, 211, 250, 0, 1, 1);
INSERT INTO dweller_lives_in_flat(person_id, flat_id)
    VALUES (250, 250);
INSERT INTO meter(meter_id, installation_date, type, title, meter_unit_id, active, flat_id)
    VALUES (500, '01/01/2012', 'Water', 'Cold water in kitchen test250', 1, true, 250);
INSERT INTO meter(meter_id, installation_date, type, title, meter_unit_id, active, flat_id)
    VALUES (501, '01/01/2012', 'Electricity', 'Electricity in hall test250', 2, true, 250);
INSERT INTO Meter_reading(value, date, paid, meter_id)
        VALUES (313, '2012-1-16', false, 500);
INSERT INTO Meter_reading(value, date, paid, meter_id)
        VALUES (359, '2012-1-18', false, 500);
INSERT INTO Meter_reading(value, date, paid, meter_id)
        VALUES (364, '2012-1-20', false, 500);
INSERT INTO Meter_reading(value, date, paid, meter_id)
        VALUES (410, '2012-1-24', false, 500);
INSERT INTO Meter_reading(value, date, paid, meter_id)
        VALUES (440, '2012-2-3', false, 500);
INSERT INTO Meter_reading(value, date, paid, meter_id)
        VALUES (451, '2012-2-10', false, 500);
INSERT INTO Meter_reading(value, date, paid, meter_id)
        VALUES (478, '2012-2-11', false, 500);
INSERT INTO Meter_reading(value, date, paid, meter_id)
        VALUES (514, '2012-2-25', false, 500);
INSERT INTO Meter_reading(value, date, paid, meter_id)
        VALUES (525, '2012-2-26', false, 500);
INSERT INTO Meter_reading(value, date, paid, meter_id)
        VALUES (124, '2012-1-15', false, 501);
INSERT INTO Meter_reading(value, date, paid, meter_id)
        VALUES (138, '2012-1-27', false, 501);
INSERT INTO Meter_reading(value, date, paid, meter_id)
        VALUES (158, '2012-2-7', false, 501);
INSERT INTO Meter_reading(value, date, paid, meter_id)
        VALUES (173, '2012-2-14', false, 501);
INSERT INTO Meter_reading(value, date, paid, meter_id)
        VALUES (201, '2012-3-1', false, 501);
INSERT INTO Meter_reading(value, date, paid, meter_id)
        VALUES (228, '2012-3-11', false, 501);
INSERT INTO Meter_reading(value, date, paid, meter_id)
        VALUES (238, '2012-3-21', false, 501);
INSERT INTO Meter_reading(value, date, paid, meter_id)
        VALUES (241, '2012-3-26', false, 501);
INSERT INTO person(person_id, name, surname, paternal_name, registration_date, email, password_hash, is_admin) 
    VALUES (251, 'test251', 'test251', '', '01/01/2012', 'test251', '098f6bcd4621d373cade4e832627b4f6', false);
INSERT INTO dweller VALUES (251);
INSERT INTO flat(flat_id, area, flat_number, balance, cladr_id, building_id)
    VALUES (251, 245, 251, 0, 1, 1);
INSERT INTO dweller_lives_in_flat(person_id, flat_id)
    VALUES (251, 251);
INSERT INTO meter(meter_id, installation_date, type, title, meter_unit_id, active, flat_id)
    VALUES (502, '01/01/2012', 'Water', 'Cold water in kitchen test251', 1, true, 251);
INSERT INTO meter(meter_id, installation_date, type, title, meter_unit_id, active, flat_id)
    VALUES (503, '01/01/2012', 'Electricity', 'Electricity in hall test251', 2, true, 251);
INSERT INTO Meter_reading(value, date, paid, meter_id)
        VALUES (32, '2012-1-14', false, 502);
INSERT INTO Meter_reading(value, date, paid, meter_id)
        VALUES (48, '2012-1-16', false, 502);
INSERT INTO Meter_reading(value, date, paid, meter_id)
        VALUES (77, '2012-1-20', false, 502);
INSERT INTO Meter_reading(value, date, paid, meter_id)
        VALUES (90, '2012-1-22', false, 502);
INSERT INTO Meter_reading(value, date, paid, meter_id)
        VALUES (95, '2012-2-4', false, 502);
INSERT INTO Meter_reading(value, date, paid, meter_id)
        VALUES (107, '2012-2-12', false, 502);
INSERT INTO Meter_reading(value, date, paid, meter_id)
        VALUES (133, '2012-2-22', false, 502);
INSERT INTO Meter_reading(value, date, paid, meter_id)
        VALUES (224, '2012-1-8', false, 503);
INSERT INTO Meter_reading(value, date, paid, meter_id)
        VALUES (251, '2012-1-19', false, 503);
INSERT INTO Meter_reading(value, date, paid, meter_id)
        VALUES (264, '2012-2-6', false, 503);
INSERT INTO Meter_reading(value, date, paid, meter_id)
        VALUES (277, '2012-2-19', false, 503);
INSERT INTO Meter_reading(value, date, paid, meter_id)
        VALUES (294, '2012-2-23', false, 503);
INSERT INTO Meter_reading(value, date, paid, meter_id)
        VALUES (318, '2012-3-4', false, 503);
INSERT INTO Meter_reading(value, date, paid, meter_id)
        VALUES (344, '2012-3-5', false, 503);
INSERT INTO person(person_id, name, surname, paternal_name, registration_date, email, password_hash, is_admin) 
    VALUES (252, 'test252', 'test252', '', '01/01/2012', 'test252', '098f6bcd4621d373cade4e832627b4f6', false);
INSERT INTO dweller VALUES (252);
INSERT INTO flat(flat_id, area, flat_number, balance, cladr_id, building_id)
    VALUES (252, 314, 252, 0, 1, 1);
INSERT INTO dweller_lives_in_flat(person_id, flat_id)
    VALUES (252, 252);
INSERT INTO meter(meter_id, installation_date, type, title, meter_unit_id, active, flat_id)
    VALUES (504, '01/01/2012', 'Water', 'Cold water in kitchen test252', 1, true, 252);
INSERT INTO meter(meter_id, installation_date, type, title, meter_unit_id, active, flat_id)
    VALUES (505, '01/01/2012', 'Electricity', 'Electricity in hall test252', 2, true, 252);
INSERT INTO Meter_reading(value, date, paid, meter_id)
        VALUES (248, '2012-1-4', false, 504);
INSERT INTO Meter_reading(value, date, paid, meter_id)
        VALUES (252, '2012-1-14', false, 504);
INSERT INTO Meter_reading(value, date, paid, meter_id)
        VALUES (253, '2012-1-20', false, 504);
INSERT INTO Meter_reading(value, date, paid, meter_id)
        VALUES (262, '2012-1-23', false, 504);
INSERT INTO Meter_reading(value, date, paid, meter_id)
        VALUES (267, '2012-1-27', false, 504);
INSERT INTO Meter_reading(value, date, paid, meter_id)
        VALUES (285, '2012-2-8', false, 504);
INSERT INTO Meter_reading(value, date, paid, meter_id)
        VALUES (299, '2012-2-16', false, 504);
INSERT INTO Meter_reading(value, date, paid, meter_id)
        VALUES (320, '2012-3-3', false, 504);
INSERT INTO Meter_reading(value, date, paid, meter_id)
        VALUES (333, '2012-3-12', false, 504);
INSERT INTO Meter_reading(value, date, paid, meter_id)
        VALUES (335, '2012-3-18', false, 504);
INSERT INTO Meter_reading(value, date, paid, meter_id)
        VALUES (357, '2012-3-25', false, 504);
INSERT INTO Meter_reading(value, date, paid, meter_id)
        VALUES (378, '2012-4-5', false, 504);
INSERT INTO Meter_reading(value, date, paid, meter_id)
        VALUES (145, '2012-1-8', false, 505);
INSERT INTO Meter_reading(value, date, paid, meter_id)
        VALUES (174, '2012-1-22', false, 505);
INSERT INTO Meter_reading(value, date, paid, meter_id)
        VALUES (200, '2012-1-27', false, 505);
INSERT INTO Meter_reading(value, date, paid, meter_id)
        VALUES (223, '2012-2-3', false, 505);
INSERT INTO Meter_reading(value, date, paid, meter_id)
        VALUES (252, '2012-2-17', false, 505);
INSERT INTO Meter_reading(value, date, paid, meter_id)
        VALUES (255, '2012-3-4', false, 505);
INSERT INTO person(person_id, name, surname, paternal_name, registration_date, email, password_hash, is_admin) 
    VALUES (253, 'test253', 'test253', '', '01/01/2012', 'test253', '098f6bcd4621d373cade4e832627b4f6', false);
INSERT INTO dweller VALUES (253);
INSERT INTO flat(flat_id, area, flat_number, balance, cladr_id, building_id)
    VALUES (253, 262, 253, 0, 1, 1);
INSERT INTO dweller_lives_in_flat(person_id, flat_id)
    VALUES (253, 253);
INSERT INTO meter(meter_id, installation_date, type, title, meter_unit_id, active, flat_id)
    VALUES (506, '01/01/2012', 'Water', 'Cold water in kitchen test253', 1, true, 253);
INSERT INTO meter(meter_id, installation_date, type, title, meter_unit_id, active, flat_id)
    VALUES (507, '01/01/2012', 'Electricity', 'Electricity in hall test253', 2, true, 253);
INSERT INTO Meter_reading(value, date, paid, meter_id)
        VALUES (316, '2012-1-11', false, 506);
INSERT INTO Meter_reading(value, date, paid, meter_id)
        VALUES (336, '2012-1-24', false, 506);
INSERT INTO Meter_reading(value, date, paid, meter_id)
        VALUES (344, '2012-2-1', false, 506);
INSERT INTO Meter_reading(value, date, paid, meter_id)
        VALUES (351, '2012-2-14', false, 506);
INSERT INTO Meter_reading(value, date, paid, meter_id)
        VALUES (352, '2012-2-16', false, 506);
INSERT INTO Meter_reading(value, date, paid, meter_id)
        VALUES (360, '2012-2-21', false, 506);
INSERT INTO Meter_reading(value, date, paid, meter_id)
        VALUES (387, '2012-2-25', false, 506);
INSERT INTO Meter_reading(value, date, paid, meter_id)
        VALUES (406, '2012-3-3', false, 506);
INSERT INTO Meter_reading(value, date, paid, meter_id)
        VALUES (429, '2012-3-4', false, 506);
INSERT INTO Meter_reading(value, date, paid, meter_id)
        VALUES (447, '2012-3-16', false, 506);
INSERT INTO Meter_reading(value, date, paid, meter_id)
        VALUES (460, '2012-3-22', false, 506);
INSERT INTO Meter_reading(value, date, paid, meter_id)
        VALUES (280, '2012-1-10', false, 507);
INSERT INTO Meter_reading(value, date, paid, meter_id)
        VALUES (303, '2012-1-13', false, 507);
INSERT INTO Meter_reading(value, date, paid, meter_id)
        VALUES (319, '2012-1-19', false, 507);
INSERT INTO Meter_reading(value, date, paid, meter_id)
        VALUES (340, '2012-1-22', false, 507);
INSERT INTO Meter_reading(value, date, paid, meter_id)
        VALUES (344, '2012-2-7', false, 507);
INSERT INTO Meter_reading(value, date, paid, meter_id)
        VALUES (345, '2012-2-10', false, 507);
INSERT INTO Meter_reading(value, date, paid, meter_id)
        VALUES (347, '2012-2-22', false, 507);
INSERT INTO Meter_reading(value, date, paid, meter_id)
        VALUES (355, '2012-3-2', false, 507);
INSERT INTO Meter_reading(value, date, paid, meter_id)
        VALUES (377, '2012-3-8', false, 507);
INSERT INTO Meter_reading(value, date, paid, meter_id)
        VALUES (405, '2012-3-13', false, 507);
INSERT INTO Meter_reading(value, date, paid, meter_id)
        VALUES (406, '2012-3-15', false, 507);
INSERT INTO Meter_reading(value, date, paid, meter_id)
        VALUES (432, '2012-3-23', false, 507);
INSERT INTO Meter_reading(value, date, paid, meter_id)
        VALUES (457, '2012-4-3', false, 507);
INSERT INTO person(person_id, name, surname, paternal_name, registration_date, email, password_hash, is_admin) 
    VALUES (254, 'test254', 'test254', '', '01/01/2012', 'test254', '098f6bcd4621d373cade4e832627b4f6', false);
INSERT INTO dweller VALUES (254);
INSERT INTO flat(flat_id, area, flat_number, balance, cladr_id, building_id)
    VALUES (254, 138, 254, 0, 1, 1);
INSERT INTO dweller_lives_in_flat(person_id, flat_id)
    VALUES (254, 254);
INSERT INTO meter(meter_id, installation_date, type, title, meter_unit_id, active, flat_id)
    VALUES (508, '01/01/2012', 'Water', 'Cold water in kitchen test254', 1, true, 254);
INSERT INTO meter(meter_id, installation_date, type, title, meter_unit_id, active, flat_id)
    VALUES (509, '01/01/2012', 'Electricity', 'Electricity in hall test254', 2, true, 254);
INSERT INTO Meter_reading(value, date, paid, meter_id)
        VALUES (32, '2012-1-7', false, 508);
INSERT INTO Meter_reading(value, date, paid, meter_id)
        VALUES (63, '2012-1-11', false, 508);
INSERT INTO Meter_reading(value, date, paid, meter_id)
        VALUES (67, '2012-1-22', false, 508);
INSERT INTO Meter_reading(value, date, paid, meter_id)
        VALUES (68, '2012-2-5', false, 508);
INSERT INTO Meter_reading(value, date, paid, meter_id)
        VALUES (100, '2012-2-12', false, 508);
INSERT INTO Meter_reading(value, date, paid, meter_id)
        VALUES (137, '2012-2-23', false, 508);
INSERT INTO Meter_reading(value, date, paid, meter_id)
        VALUES (142, '2012-2-27', false, 508);
INSERT INTO Meter_reading(value, date, paid, meter_id)
        VALUES (169, '2012-3-10', false, 508);
INSERT INTO Meter_reading(value, date, paid, meter_id)
        VALUES (187, '2012-3-12', false, 508);
INSERT INTO Meter_reading(value, date, paid, meter_id)
        VALUES (191, '2012-3-21', false, 508);
INSERT INTO Meter_reading(value, date, paid, meter_id)
        VALUES (187, '2012-1-16', false, 509);
INSERT INTO Meter_reading(value, date, paid, meter_id)
        VALUES (191, '2012-1-18', false, 509);
INSERT INTO Meter_reading(value, date, paid, meter_id)
        VALUES (205, '2012-1-27', false, 509);
INSERT INTO Meter_reading(value, date, paid, meter_id)
        VALUES (232, '2012-2-3', false, 509);
INSERT INTO Meter_reading(value, date, paid, meter_id)
        VALUES (240, '2012-2-7', false, 509);
INSERT INTO Meter_reading(value, date, paid, meter_id)
        VALUES (252, '2012-2-9', false, 509);
INSERT INTO person(person_id, name, surname, paternal_name, registration_date, email, password_hash, is_admin) 
    VALUES (255, 'test255', 'test255', '', '01/01/2012', 'test255', '098f6bcd4621d373cade4e832627b4f6', false);
INSERT INTO dweller VALUES (255);
INSERT INTO flat(flat_id, area, flat_number, balance, cladr_id, building_id)
    VALUES (255, 269, 255, 0, 1, 1);
INSERT INTO dweller_lives_in_flat(person_id, flat_id)
    VALUES (255, 255);
INSERT INTO meter(meter_id, installation_date, type, title, meter_unit_id, active, flat_id)
    VALUES (510, '01/01/2012', 'Water', 'Cold water in kitchen test255', 1, true, 255);
INSERT INTO meter(meter_id, installation_date, type, title, meter_unit_id, active, flat_id)
    VALUES (511, '01/01/2012', 'Electricity', 'Electricity in hall test255', 2, true, 255);
INSERT INTO Meter_reading(value, date, paid, meter_id)
        VALUES (177, '2012-1-16', false, 510);
INSERT INTO Meter_reading(value, date, paid, meter_id)
        VALUES (181, '2012-1-18', false, 510);
INSERT INTO Meter_reading(value, date, paid, meter_id)
        VALUES (197, '2012-2-1', false, 510);
INSERT INTO Meter_reading(value, date, paid, meter_id)
        VALUES (220, '2012-2-2', false, 510);
INSERT INTO Meter_reading(value, date, paid, meter_id)
        VALUES (233, '2012-2-3', false, 510);
INSERT INTO Meter_reading(value, date, paid, meter_id)
        VALUES (258, '2012-2-16', false, 510);
INSERT INTO Meter_reading(value, date, paid, meter_id)
        VALUES (279, '2012-3-2', false, 510);
INSERT INTO Meter_reading(value, date, paid, meter_id)
        VALUES (301, '2012-3-16', false, 510);
INSERT INTO Meter_reading(value, date, paid, meter_id)
        VALUES (203, '2012-1-9', false, 511);
INSERT INTO Meter_reading(value, date, paid, meter_id)
        VALUES (210, '2012-1-19', false, 511);
INSERT INTO Meter_reading(value, date, paid, meter_id)
        VALUES (222, '2012-1-21', false, 511);
INSERT INTO Meter_reading(value, date, paid, meter_id)
        VALUES (243, '2012-2-6', false, 511);
INSERT INTO Meter_reading(value, date, paid, meter_id)
        VALUES (255, '2012-2-17', false, 511);
INSERT INTO Meter_reading(value, date, paid, meter_id)
        VALUES (270, '2012-2-25', false, 511);
INSERT INTO Meter_reading(value, date, paid, meter_id)
        VALUES (276, '2012-3-6', false, 511);
INSERT INTO Meter_reading(value, date, paid, meter_id)
        VALUES (277, '2012-3-9', false, 511);
INSERT INTO Meter_reading(value, date, paid, meter_id)
        VALUES (294, '2012-3-18', false, 511);
INSERT INTO Meter_reading(value, date, paid, meter_id)
        VALUES (310, '2012-3-19', false, 511);
INSERT INTO Meter_reading(value, date, paid, meter_id)
        VALUES (312, '2012-4-4', false, 511);
INSERT INTO Meter_reading(value, date, paid, meter_id)
        VALUES (319, '2012-4-6', false, 511);
INSERT INTO Meter_reading(value, date, paid, meter_id)
        VALUES (340, '2012-4-15', false, 511);
INSERT INTO person(person_id, name, surname, paternal_name, registration_date, email, password_hash, is_admin) 
    VALUES (256, 'test256', 'test256', '', '01/01/2012', 'test256', '098f6bcd4621d373cade4e832627b4f6', false);
INSERT INTO dweller VALUES (256);
INSERT INTO flat(flat_id, area, flat_number, balance, cladr_id, building_id)
    VALUES (256, 266, 256, 0, 1, 1);
INSERT INTO dweller_lives_in_flat(person_id, flat_id)
    VALUES (256, 256);
INSERT INTO meter(meter_id, installation_date, type, title, meter_unit_id, active, flat_id)
    VALUES (512, '01/01/2012', 'Water', 'Cold water in kitchen test256', 1, true, 256);
INSERT INTO meter(meter_id, installation_date, type, title, meter_unit_id, active, flat_id)
    VALUES (513, '01/01/2012', 'Electricity', 'Electricity in hall test256', 2, true, 256);
INSERT INTO Meter_reading(value, date, paid, meter_id)
        VALUES (53, '2012-1-4', false, 512);
INSERT INTO Meter_reading(value, date, paid, meter_id)
        VALUES (63, '2012-1-11', false, 512);
INSERT INTO Meter_reading(value, date, paid, meter_id)
        VALUES (71, '2012-1-25', false, 512);
INSERT INTO Meter_reading(value, date, paid, meter_id)
        VALUES (86, '2012-2-5', false, 512);
INSERT INTO Meter_reading(value, date, paid, meter_id)
        VALUES (96, '2012-2-12', false, 512);
INSERT INTO Meter_reading(value, date, paid, meter_id)
        VALUES (120, '2012-2-22', false, 512);
INSERT INTO Meter_reading(value, date, paid, meter_id)
        VALUES (124, '2012-3-3', false, 512);
INSERT INTO Meter_reading(value, date, paid, meter_id)
        VALUES (140, '2012-3-8', false, 512);
INSERT INTO Meter_reading(value, date, paid, meter_id)
        VALUES (42, '2012-1-3', false, 513);
INSERT INTO Meter_reading(value, date, paid, meter_id)
        VALUES (46, '2012-1-9', false, 513);
INSERT INTO Meter_reading(value, date, paid, meter_id)
        VALUES (49, '2012-1-16', false, 513);
INSERT INTO Meter_reading(value, date, paid, meter_id)
        VALUES (50, '2012-1-18', false, 513);
INSERT INTO Meter_reading(value, date, paid, meter_id)
        VALUES (54, '2012-1-23', false, 513);
INSERT INTO Meter_reading(value, date, paid, meter_id)
        VALUES (55, '2012-2-5', false, 513);
INSERT INTO Meter_reading(value, date, paid, meter_id)
        VALUES (58, '2012-2-10', false, 513);
INSERT INTO Meter_reading(value, date, paid, meter_id)
        VALUES (59, '2012-2-18', false, 513);
INSERT INTO Meter_reading(value, date, paid, meter_id)
        VALUES (63, '2012-3-4', false, 513);
INSERT INTO Meter_reading(value, date, paid, meter_id)
        VALUES (67, '2012-3-15', false, 513);
INSERT INTO Meter_reading(value, date, paid, meter_id)
        VALUES (71, '2012-3-25', false, 513);
INSERT INTO Meter_reading(value, date, paid, meter_id)
        VALUES (75, '2012-4-3', false, 513);
INSERT INTO Meter_reading(value, date, paid, meter_id)
        VALUES (79, '2012-4-6', false, 513);
INSERT INTO person(person_id, name, surname, paternal_name, registration_date, email, password_hash, is_admin) 
    VALUES (257, 'test257', 'test257', '', '01/01/2012', 'test257', '098f6bcd4621d373cade4e832627b4f6', false);
INSERT INTO dweller VALUES (257);
INSERT INTO flat(flat_id, area, flat_number, balance, cladr_id, building_id)
    VALUES (257, 89, 257, 0, 1, 1);
INSERT INTO dweller_lives_in_flat(person_id, flat_id)
    VALUES (257, 257);
INSERT INTO meter(meter_id, installation_date, type, title, meter_unit_id, active, flat_id)
    VALUES (514, '01/01/2012', 'Water', 'Cold water in kitchen test257', 1, true, 257);
INSERT INTO meter(meter_id, installation_date, type, title, meter_unit_id, active, flat_id)
    VALUES (515, '01/01/2012', 'Electricity', 'Electricity in hall test257', 2, true, 257);
INSERT INTO Meter_reading(value, date, paid, meter_id)
        VALUES (157, '2012-1-5', false, 514);
INSERT INTO Meter_reading(value, date, paid, meter_id)
        VALUES (170, '2012-1-10', false, 514);
INSERT INTO Meter_reading(value, date, paid, meter_id)
        VALUES (249, '2012-1-18', false, 514);
INSERT INTO Meter_reading(value, date, paid, meter_id)
        VALUES (261, '2012-1-25', false, 514);
INSERT INTO Meter_reading(value, date, paid, meter_id)
        VALUES (339, '2012-2-10', false, 514);
INSERT INTO Meter_reading(value, date, paid, meter_id)
        VALUES (424, '2012-2-22', false, 514);
INSERT INTO Meter_reading(value, date, paid, meter_id)
        VALUES (508, '2012-2-24', false, 514);
INSERT INTO Meter_reading(value, date, paid, meter_id)
        VALUES (580, '2012-2-27', false, 514);
INSERT INTO Meter_reading(value, date, paid, meter_id)
        VALUES (628, '2012-3-3', false, 514);
INSERT INTO Meter_reading(value, date, paid, meter_id)
        VALUES (254, '2012-1-15', false, 515);
INSERT INTO Meter_reading(value, date, paid, meter_id)
        VALUES (265, '2012-1-18', false, 515);
INSERT INTO Meter_reading(value, date, paid, meter_id)
        VALUES (275, '2012-1-20', false, 515);
INSERT INTO Meter_reading(value, date, paid, meter_id)
        VALUES (294, '2012-2-6', false, 515);
INSERT INTO Meter_reading(value, date, paid, meter_id)
        VALUES (322, '2012-2-9', false, 515);
INSERT INTO Meter_reading(value, date, paid, meter_id)
        VALUES (349, '2012-2-18', false, 515);
INSERT INTO Meter_reading(value, date, paid, meter_id)
        VALUES (362, '2012-3-3', false, 515);
INSERT INTO person(person_id, name, surname, paternal_name, registration_date, email, password_hash, is_admin) 
    VALUES (258, 'test258', 'test258', '', '01/01/2012', 'test258', '098f6bcd4621d373cade4e832627b4f6', false);
INSERT INTO dweller VALUES (258);
INSERT INTO flat(flat_id, area, flat_number, balance, cladr_id, building_id)
    VALUES (258, 170, 258, 0, 1, 1);
INSERT INTO dweller_lives_in_flat(person_id, flat_id)
    VALUES (258, 258);
INSERT INTO meter(meter_id, installation_date, type, title, meter_unit_id, active, flat_id)
    VALUES (516, '01/01/2012', 'Water', 'Cold water in kitchen test258', 1, true, 258);
INSERT INTO meter(meter_id, installation_date, type, title, meter_unit_id, active, flat_id)
    VALUES (517, '01/01/2012', 'Electricity', 'Electricity in hall test258', 2, true, 258);
INSERT INTO Meter_reading(value, date, paid, meter_id)
        VALUES (66, '2012-1-12', false, 516);
INSERT INTO Meter_reading(value, date, paid, meter_id)
        VALUES (91, '2012-1-20', false, 516);
INSERT INTO Meter_reading(value, date, paid, meter_id)
        VALUES (108, '2012-1-22', false, 516);
INSERT INTO Meter_reading(value, date, paid, meter_id)
        VALUES (136, '2012-2-4', false, 516);
INSERT INTO Meter_reading(value, date, paid, meter_id)
        VALUES (142, '2012-2-12', false, 516);
INSERT INTO Meter_reading(value, date, paid, meter_id)
        VALUES (153, '2012-2-15', false, 516);
INSERT INTO Meter_reading(value, date, paid, meter_id)
        VALUES (175, '2012-2-25', false, 516);
INSERT INTO Meter_reading(value, date, paid, meter_id)
        VALUES (198, '2012-3-4', false, 516);
INSERT INTO Meter_reading(value, date, paid, meter_id)
        VALUES (95, '2012-1-4', false, 517);
INSERT INTO Meter_reading(value, date, paid, meter_id)
        VALUES (124, '2012-1-17', false, 517);
INSERT INTO Meter_reading(value, date, paid, meter_id)
        VALUES (144, '2012-1-27', false, 517);
INSERT INTO Meter_reading(value, date, paid, meter_id)
        VALUES (157, '2012-2-9', false, 517);
INSERT INTO Meter_reading(value, date, paid, meter_id)
        VALUES (176, '2012-2-21', false, 517);
INSERT INTO Meter_reading(value, date, paid, meter_id)
        VALUES (191, '2012-3-2', false, 517);
INSERT INTO person(person_id, name, surname, paternal_name, registration_date, email, password_hash, is_admin) 
    VALUES (259, 'test259', 'test259', '', '01/01/2012', 'test259', '098f6bcd4621d373cade4e832627b4f6', false);
INSERT INTO dweller VALUES (259);
INSERT INTO flat(flat_id, area, flat_number, balance, cladr_id, building_id)
    VALUES (259, 145, 259, 0, 1, 1);
INSERT INTO dweller_lives_in_flat(person_id, flat_id)
    VALUES (259, 259);
INSERT INTO meter(meter_id, installation_date, type, title, meter_unit_id, active, flat_id)
    VALUES (518, '01/01/2012', 'Water', 'Cold water in kitchen test259', 1, true, 259);
INSERT INTO meter(meter_id, installation_date, type, title, meter_unit_id, active, flat_id)
    VALUES (519, '01/01/2012', 'Electricity', 'Electricity in hall test259', 2, true, 259);
INSERT INTO Meter_reading(value, date, paid, meter_id)
        VALUES (262, '2012-1-15', false, 518);
INSERT INTO Meter_reading(value, date, paid, meter_id)
        VALUES (269, '2012-2-2', false, 518);
INSERT INTO Meter_reading(value, date, paid, meter_id)
        VALUES (325, '2012-2-8', false, 518);
INSERT INTO Meter_reading(value, date, paid, meter_id)
        VALUES (373, '2012-2-9', false, 518);
INSERT INTO Meter_reading(value, date, paid, meter_id)
        VALUES (392, '2012-2-21', false, 518);
INSERT INTO Meter_reading(value, date, paid, meter_id)
        VALUES (469, '2012-3-4', false, 518);
INSERT INTO Meter_reading(value, date, paid, meter_id)
        VALUES (506, '2012-3-9', false, 518);
INSERT INTO Meter_reading(value, date, paid, meter_id)
        VALUES (555, '2012-3-11', false, 518);
INSERT INTO Meter_reading(value, date, paid, meter_id)
        VALUES (580, '2012-3-24', false, 518);
INSERT INTO Meter_reading(value, date, paid, meter_id)
        VALUES (650, '2012-4-11', false, 518);
INSERT INTO Meter_reading(value, date, paid, meter_id)
        VALUES (723, '2012-4-20', false, 518);
INSERT INTO Meter_reading(value, date, paid, meter_id)
        VALUES (734, '2012-5-5', false, 518);
INSERT INTO Meter_reading(value, date, paid, meter_id)
        VALUES (49, '2012-1-8', false, 519);
INSERT INTO Meter_reading(value, date, paid, meter_id)
        VALUES (54, '2012-1-21', false, 519);
INSERT INTO Meter_reading(value, date, paid, meter_id)
        VALUES (59, '2012-1-25', false, 519);
INSERT INTO Meter_reading(value, date, paid, meter_id)
        VALUES (67, '2012-2-4', false, 519);
INSERT INTO Meter_reading(value, date, paid, meter_id)
        VALUES (74, '2012-2-12', false, 519);
INSERT INTO Meter_reading(value, date, paid, meter_id)
        VALUES (75, '2012-2-23', false, 519);
INSERT INTO Meter_reading(value, date, paid, meter_id)
        VALUES (79, '2012-3-4', false, 519);
INSERT INTO Meter_reading(value, date, paid, meter_id)
        VALUES (83, '2012-3-16', false, 519);
INSERT INTO Meter_reading(value, date, paid, meter_id)
        VALUES (92, '2012-3-24', false, 519);
INSERT INTO Meter_reading(value, date, paid, meter_id)
        VALUES (103, '2012-3-27', false, 519);
INSERT INTO Meter_reading(value, date, paid, meter_id)
        VALUES (112, '2012-4-8', false, 519);
INSERT INTO Meter_reading(value, date, paid, meter_id)
        VALUES (115, '2012-4-15', false, 519);
INSERT INTO Meter_reading(value, date, paid, meter_id)
        VALUES (118, '2012-4-23', false, 519);
INSERT INTO person(person_id, name, surname, paternal_name, registration_date, email, password_hash, is_admin) 
    VALUES (260, 'test260', 'test260', '', '01/01/2012', 'test260', '098f6bcd4621d373cade4e832627b4f6', false);
INSERT INTO dweller VALUES (260);
INSERT INTO flat(flat_id, area, flat_number, balance, cladr_id, building_id)
    VALUES (260, 140, 260, 0, 1, 1);
INSERT INTO dweller_lives_in_flat(person_id, flat_id)
    VALUES (260, 260);
INSERT INTO meter(meter_id, installation_date, type, title, meter_unit_id, active, flat_id)
    VALUES (520, '01/01/2012', 'Water', 'Cold water in kitchen test260', 1, true, 260);
INSERT INTO meter(meter_id, installation_date, type, title, meter_unit_id, active, flat_id)
    VALUES (521, '01/01/2012', 'Electricity', 'Electricity in hall test260', 2, true, 260);
INSERT INTO Meter_reading(value, date, paid, meter_id)
        VALUES (153, '2012-1-7', false, 520);
INSERT INTO Meter_reading(value, date, paid, meter_id)
        VALUES (181, '2012-1-8', false, 520);
INSERT INTO Meter_reading(value, date, paid, meter_id)
        VALUES (182, '2012-1-22', false, 520);
INSERT INTO Meter_reading(value, date, paid, meter_id)
        VALUES (183, '2012-1-26', false, 520);
INSERT INTO Meter_reading(value, date, paid, meter_id)
        VALUES (187, '2012-2-8', false, 520);
INSERT INTO Meter_reading(value, date, paid, meter_id)
        VALUES (212, '2012-2-9', false, 520);
INSERT INTO Meter_reading(value, date, paid, meter_id)
        VALUES (240, '2012-2-14', false, 520);
INSERT INTO Meter_reading(value, date, paid, meter_id)
        VALUES (250, '2012-2-21', false, 520);
INSERT INTO Meter_reading(value, date, paid, meter_id)
        VALUES (264, '2012-3-1', false, 520);
INSERT INTO Meter_reading(value, date, paid, meter_id)
        VALUES (268, '2012-3-5', false, 520);
INSERT INTO Meter_reading(value, date, paid, meter_id)
        VALUES (277, '2012-3-7', false, 520);
INSERT INTO Meter_reading(value, date, paid, meter_id)
        VALUES (153, '2012-1-8', false, 521);
INSERT INTO Meter_reading(value, date, paid, meter_id)
        VALUES (156, '2012-1-19', false, 521);
INSERT INTO Meter_reading(value, date, paid, meter_id)
        VALUES (179, '2012-2-6', false, 521);
INSERT INTO Meter_reading(value, date, paid, meter_id)
        VALUES (199, '2012-2-9', false, 521);
INSERT INTO Meter_reading(value, date, paid, meter_id)
        VALUES (202, '2012-2-10', false, 521);
INSERT INTO Meter_reading(value, date, paid, meter_id)
        VALUES (205, '2012-2-21', false, 521);
INSERT INTO Meter_reading(value, date, paid, meter_id)
        VALUES (225, '2012-2-23', false, 521);
INSERT INTO Meter_reading(value, date, paid, meter_id)
        VALUES (249, '2012-2-25', false, 521);
INSERT INTO Meter_reading(value, date, paid, meter_id)
        VALUES (283, '2012-3-7', false, 521);
INSERT INTO Meter_reading(value, date, paid, meter_id)
        VALUES (307, '2012-3-8', false, 521);
INSERT INTO Meter_reading(value, date, paid, meter_id)
        VALUES (323, '2012-3-19', false, 521);
INSERT INTO Meter_reading(value, date, paid, meter_id)
        VALUES (347, '2012-4-5', false, 521);
INSERT INTO person(person_id, name, surname, paternal_name, registration_date, email, password_hash, is_admin) 
    VALUES (261, 'test261', 'test261', '', '01/01/2012', 'test261', '098f6bcd4621d373cade4e832627b4f6', false);
INSERT INTO dweller VALUES (261);
INSERT INTO flat(flat_id, area, flat_number, balance, cladr_id, building_id)
    VALUES (261, 203, 261, 0, 1, 1);
INSERT INTO dweller_lives_in_flat(person_id, flat_id)
    VALUES (261, 261);
INSERT INTO meter(meter_id, installation_date, type, title, meter_unit_id, active, flat_id)
    VALUES (522, '01/01/2012', 'Water', 'Cold water in kitchen test261', 1, true, 261);
INSERT INTO meter(meter_id, installation_date, type, title, meter_unit_id, active, flat_id)
    VALUES (523, '01/01/2012', 'Electricity', 'Electricity in hall test261', 2, true, 261);
INSERT INTO Meter_reading(value, date, paid, meter_id)
        VALUES (297, '2012-1-11', false, 522);
INSERT INTO Meter_reading(value, date, paid, meter_id)
        VALUES (317, '2012-1-14', false, 522);
INSERT INTO Meter_reading(value, date, paid, meter_id)
        VALUES (351, '2012-1-26', false, 522);
INSERT INTO Meter_reading(value, date, paid, meter_id)
        VALUES (377, '2012-2-8', false, 522);
INSERT INTO Meter_reading(value, date, paid, meter_id)
        VALUES (404, '2012-2-10', false, 522);
INSERT INTO Meter_reading(value, date, paid, meter_id)
        VALUES (407, '2012-2-24', false, 522);
INSERT INTO Meter_reading(value, date, paid, meter_id)
        VALUES (429, '2012-2-26', false, 522);
INSERT INTO Meter_reading(value, date, paid, meter_id)
        VALUES (435, '2012-3-10', false, 522);
INSERT INTO Meter_reading(value, date, paid, meter_id)
        VALUES (454, '2012-3-24', false, 522);
INSERT INTO Meter_reading(value, date, paid, meter_id)
        VALUES (475, '2012-4-9', false, 522);
INSERT INTO Meter_reading(value, date, paid, meter_id)
        VALUES (485, '2012-4-16', false, 522);
INSERT INTO Meter_reading(value, date, paid, meter_id)
        VALUES (84, '2012-1-13', false, 523);
INSERT INTO Meter_reading(value, date, paid, meter_id)
        VALUES (88, '2012-1-17', false, 523);
INSERT INTO Meter_reading(value, date, paid, meter_id)
        VALUES (112, '2012-1-23', false, 523);
INSERT INTO Meter_reading(value, date, paid, meter_id)
        VALUES (125, '2012-2-2', false, 523);
INSERT INTO Meter_reading(value, date, paid, meter_id)
        VALUES (147, '2012-2-14', false, 523);
INSERT INTO Meter_reading(value, date, paid, meter_id)
        VALUES (165, '2012-2-24', false, 523);
INSERT INTO Meter_reading(value, date, paid, meter_id)
        VALUES (172, '2012-3-3', false, 523);
INSERT INTO Meter_reading(value, date, paid, meter_id)
        VALUES (195, '2012-3-8', false, 523);
INSERT INTO Meter_reading(value, date, paid, meter_id)
        VALUES (220, '2012-3-18', false, 523);
INSERT INTO Meter_reading(value, date, paid, meter_id)
        VALUES (222, '2012-4-1', false, 523);
INSERT INTO Meter_reading(value, date, paid, meter_id)
        VALUES (226, '2012-4-8', false, 523);
INSERT INTO Meter_reading(value, date, paid, meter_id)
        VALUES (228, '2012-4-9', false, 523);
INSERT INTO person(person_id, name, surname, paternal_name, registration_date, email, password_hash, is_admin) 
    VALUES (262, 'test262', 'test262', '', '01/01/2012', 'test262', '098f6bcd4621d373cade4e832627b4f6', false);
INSERT INTO dweller VALUES (262);
INSERT INTO flat(flat_id, area, flat_number, balance, cladr_id, building_id)
    VALUES (262, 128, 262, 0, 1, 1);
INSERT INTO dweller_lives_in_flat(person_id, flat_id)
    VALUES (262, 262);
INSERT INTO meter(meter_id, installation_date, type, title, meter_unit_id, active, flat_id)
    VALUES (524, '01/01/2012', 'Water', 'Cold water in kitchen test262', 1, true, 262);
INSERT INTO meter(meter_id, installation_date, type, title, meter_unit_id, active, flat_id)
    VALUES (525, '01/01/2012', 'Electricity', 'Electricity in hall test262', 2, true, 262);
INSERT INTO Meter_reading(value, date, paid, meter_id)
        VALUES (162, '2012-1-15', false, 524);
INSERT INTO Meter_reading(value, date, paid, meter_id)
        VALUES (219, '2012-1-26', false, 524);
INSERT INTO Meter_reading(value, date, paid, meter_id)
        VALUES (269, '2012-2-3', false, 524);
INSERT INTO Meter_reading(value, date, paid, meter_id)
        VALUES (344, '2012-2-9', false, 524);
INSERT INTO Meter_reading(value, date, paid, meter_id)
        VALUES (395, '2012-2-19', false, 524);
INSERT INTO Meter_reading(value, date, paid, meter_id)
        VALUES (425, '2012-2-25', false, 524);
INSERT INTO Meter_reading(value, date, paid, meter_id)
        VALUES (442, '2012-3-9', false, 524);
INSERT INTO Meter_reading(value, date, paid, meter_id)
        VALUES (509, '2012-3-12', false, 524);
INSERT INTO Meter_reading(value, date, paid, meter_id)
        VALUES (520, '2012-3-21', false, 524);
INSERT INTO Meter_reading(value, date, paid, meter_id)
        VALUES (84, '2012-1-15', false, 525);
INSERT INTO Meter_reading(value, date, paid, meter_id)
        VALUES (112, '2012-1-24', false, 525);
INSERT INTO Meter_reading(value, date, paid, meter_id)
        VALUES (113, '2012-1-27', false, 525);
INSERT INTO Meter_reading(value, date, paid, meter_id)
        VALUES (121, '2012-2-8', false, 525);
INSERT INTO Meter_reading(value, date, paid, meter_id)
        VALUES (122, '2012-2-11', false, 525);
INSERT INTO Meter_reading(value, date, paid, meter_id)
        VALUES (149, '2012-2-17', false, 525);
INSERT INTO Meter_reading(value, date, paid, meter_id)
        VALUES (152, '2012-3-1', false, 525);
INSERT INTO Meter_reading(value, date, paid, meter_id)
        VALUES (166, '2012-3-14', false, 525);
INSERT INTO Meter_reading(value, date, paid, meter_id)
        VALUES (174, '2012-3-23', false, 525);
INSERT INTO Meter_reading(value, date, paid, meter_id)
        VALUES (199, '2012-3-27', false, 525);
INSERT INTO Meter_reading(value, date, paid, meter_id)
        VALUES (215, '2012-4-11', false, 525);
INSERT INTO person(person_id, name, surname, paternal_name, registration_date, email, password_hash, is_admin) 
    VALUES (263, 'test263', 'test263', '', '01/01/2012', 'test263', '098f6bcd4621d373cade4e832627b4f6', false);
INSERT INTO dweller VALUES (263);
INSERT INTO flat(flat_id, area, flat_number, balance, cladr_id, building_id)
    VALUES (263, 246, 263, 0, 1, 1);
INSERT INTO dweller_lives_in_flat(person_id, flat_id)
    VALUES (263, 263);
INSERT INTO meter(meter_id, installation_date, type, title, meter_unit_id, active, flat_id)
    VALUES (526, '01/01/2012', 'Water', 'Cold water in kitchen test263', 1, true, 263);
INSERT INTO meter(meter_id, installation_date, type, title, meter_unit_id, active, flat_id)
    VALUES (527, '01/01/2012', 'Electricity', 'Electricity in hall test263', 2, true, 263);
INSERT INTO Meter_reading(value, date, paid, meter_id)
        VALUES (64, '2012-1-7', false, 526);
INSERT INTO Meter_reading(value, date, paid, meter_id)
        VALUES (79, '2012-1-19', false, 526);
INSERT INTO Meter_reading(value, date, paid, meter_id)
        VALUES (115, '2012-2-2', false, 526);
INSERT INTO Meter_reading(value, date, paid, meter_id)
        VALUES (131, '2012-2-14', false, 526);
INSERT INTO Meter_reading(value, date, paid, meter_id)
        VALUES (139, '2012-2-23', false, 526);
INSERT INTO Meter_reading(value, date, paid, meter_id)
        VALUES (174, '2012-3-7', false, 526);
INSERT INTO Meter_reading(value, date, paid, meter_id)
        VALUES (208, '2012-3-14', false, 526);
INSERT INTO Meter_reading(value, date, paid, meter_id)
        VALUES (220, '2012-3-15', false, 526);
INSERT INTO Meter_reading(value, date, paid, meter_id)
        VALUES (227, '2012-3-26', false, 526);
INSERT INTO Meter_reading(value, date, paid, meter_id)
        VALUES (246, '2012-4-13', false, 526);
INSERT INTO Meter_reading(value, date, paid, meter_id)
        VALUES (150, '2012-1-3', false, 527);
INSERT INTO Meter_reading(value, date, paid, meter_id)
        VALUES (169, '2012-1-11', false, 527);
INSERT INTO Meter_reading(value, date, paid, meter_id)
        VALUES (189, '2012-1-21', false, 527);
INSERT INTO Meter_reading(value, date, paid, meter_id)
        VALUES (197, '2012-2-8', false, 527);
INSERT INTO Meter_reading(value, date, paid, meter_id)
        VALUES (223, '2012-2-11', false, 527);
INSERT INTO Meter_reading(value, date, paid, meter_id)
        VALUES (244, '2012-2-25', false, 527);
INSERT INTO Meter_reading(value, date, paid, meter_id)
        VALUES (263, '2012-3-7', false, 527);
INSERT INTO Meter_reading(value, date, paid, meter_id)
        VALUES (279, '2012-3-10', false, 527);
INSERT INTO Meter_reading(value, date, paid, meter_id)
        VALUES (282, '2012-3-13', false, 527);
INSERT INTO Meter_reading(value, date, paid, meter_id)
        VALUES (304, '2012-3-27', false, 527);
INSERT INTO Meter_reading(value, date, paid, meter_id)
        VALUES (323, '2012-4-2', false, 527);
INSERT INTO person(person_id, name, surname, paternal_name, registration_date, email, password_hash, is_admin) 
    VALUES (264, 'test264', 'test264', '', '01/01/2012', 'test264', '098f6bcd4621d373cade4e832627b4f6', false);
INSERT INTO dweller VALUES (264);
INSERT INTO flat(flat_id, area, flat_number, balance, cladr_id, building_id)
    VALUES (264, 308, 264, 0, 1, 1);
INSERT INTO dweller_lives_in_flat(person_id, flat_id)
    VALUES (264, 264);
INSERT INTO meter(meter_id, installation_date, type, title, meter_unit_id, active, flat_id)
    VALUES (528, '01/01/2012', 'Water', 'Cold water in kitchen test264', 1, true, 264);
INSERT INTO meter(meter_id, installation_date, type, title, meter_unit_id, active, flat_id)
    VALUES (529, '01/01/2012', 'Electricity', 'Electricity in hall test264', 2, true, 264);
INSERT INTO Meter_reading(value, date, paid, meter_id)
        VALUES (133, '2012-1-4', false, 528);
INSERT INTO Meter_reading(value, date, paid, meter_id)
        VALUES (134, '2012-1-16', false, 528);
INSERT INTO Meter_reading(value, date, paid, meter_id)
        VALUES (178, '2012-1-17', false, 528);
INSERT INTO Meter_reading(value, date, paid, meter_id)
        VALUES (208, '2012-1-25', false, 528);
INSERT INTO Meter_reading(value, date, paid, meter_id)
        VALUES (263, '2012-2-8', false, 528);
INSERT INTO Meter_reading(value, date, paid, meter_id)
        VALUES (300, '2012-2-18', false, 528);
INSERT INTO Meter_reading(value, date, paid, meter_id)
        VALUES (335, '2012-2-23', false, 528);
INSERT INTO Meter_reading(value, date, paid, meter_id)
        VALUES (342, '2012-3-4', false, 528);
INSERT INTO Meter_reading(value, date, paid, meter_id)
        VALUES (173, '2012-1-15', false, 529);
INSERT INTO Meter_reading(value, date, paid, meter_id)
        VALUES (191, '2012-1-23', false, 529);
INSERT INTO Meter_reading(value, date, paid, meter_id)
        VALUES (215, '2012-2-4', false, 529);
INSERT INTO Meter_reading(value, date, paid, meter_id)
        VALUES (232, '2012-2-16', false, 529);
INSERT INTO Meter_reading(value, date, paid, meter_id)
        VALUES (239, '2012-2-22', false, 529);
INSERT INTO Meter_reading(value, date, paid, meter_id)
        VALUES (262, '2012-3-2', false, 529);
INSERT INTO Meter_reading(value, date, paid, meter_id)
        VALUES (264, '2012-3-14', false, 529);
INSERT INTO person(person_id, name, surname, paternal_name, registration_date, email, password_hash, is_admin) 
    VALUES (265, 'test265', 'test265', '', '01/01/2012', 'test265', '098f6bcd4621d373cade4e832627b4f6', false);
INSERT INTO dweller VALUES (265);
INSERT INTO flat(flat_id, area, flat_number, balance, cladr_id, building_id)
    VALUES (265, 115, 265, 0, 1, 1);
INSERT INTO dweller_lives_in_flat(person_id, flat_id)
    VALUES (265, 265);
INSERT INTO meter(meter_id, installation_date, type, title, meter_unit_id, active, flat_id)
    VALUES (530, '01/01/2012', 'Water', 'Cold water in kitchen test265', 1, true, 265);
INSERT INTO meter(meter_id, installation_date, type, title, meter_unit_id, active, flat_id)
    VALUES (531, '01/01/2012', 'Electricity', 'Electricity in hall test265', 2, true, 265);
INSERT INTO Meter_reading(value, date, paid, meter_id)
        VALUES (186, '2012-1-16', false, 530);
INSERT INTO Meter_reading(value, date, paid, meter_id)
        VALUES (192, '2012-2-2', false, 530);
INSERT INTO Meter_reading(value, date, paid, meter_id)
        VALUES (196, '2012-2-11', false, 530);
INSERT INTO Meter_reading(value, date, paid, meter_id)
        VALUES (197, '2012-2-19', false, 530);
INSERT INTO Meter_reading(value, date, paid, meter_id)
        VALUES (224, '2012-2-21', false, 530);
INSERT INTO Meter_reading(value, date, paid, meter_id)
        VALUES (251, '2012-2-22', false, 530);
INSERT INTO Meter_reading(value, date, paid, meter_id)
        VALUES (275, '2012-2-27', false, 530);
INSERT INTO Meter_reading(value, date, paid, meter_id)
        VALUES (287, '2012-1-10', false, 531);
INSERT INTO Meter_reading(value, date, paid, meter_id)
        VALUES (341, '2012-1-13', false, 531);
INSERT INTO Meter_reading(value, date, paid, meter_id)
        VALUES (386, '2012-1-25', false, 531);
INSERT INTO Meter_reading(value, date, paid, meter_id)
        VALUES (412, '2012-2-8', false, 531);
INSERT INTO Meter_reading(value, date, paid, meter_id)
        VALUES (481, '2012-2-19', false, 531);
INSERT INTO Meter_reading(value, date, paid, meter_id)
        VALUES (527, '2012-2-23', false, 531);
INSERT INTO Meter_reading(value, date, paid, meter_id)
        VALUES (535, '2012-2-26', false, 531);
INSERT INTO Meter_reading(value, date, paid, meter_id)
        VALUES (605, '2012-3-5', false, 531);
INSERT INTO person(person_id, name, surname, paternal_name, registration_date, email, password_hash, is_admin) 
    VALUES (266, 'test266', 'test266', '', '01/01/2012', 'test266', '098f6bcd4621d373cade4e832627b4f6', false);
INSERT INTO dweller VALUES (266);
INSERT INTO flat(flat_id, area, flat_number, balance, cladr_id, building_id)
    VALUES (266, 81, 266, 0, 1, 1);
INSERT INTO dweller_lives_in_flat(person_id, flat_id)
    VALUES (266, 266);
INSERT INTO meter(meter_id, installation_date, type, title, meter_unit_id, active, flat_id)
    VALUES (532, '01/01/2012', 'Water', 'Cold water in kitchen test266', 1, true, 266);
INSERT INTO meter(meter_id, installation_date, type, title, meter_unit_id, active, flat_id)
    VALUES (533, '01/01/2012', 'Electricity', 'Electricity in hall test266', 2, true, 266);
INSERT INTO Meter_reading(value, date, paid, meter_id)
        VALUES (235, '2012-1-6', false, 532);
INSERT INTO Meter_reading(value, date, paid, meter_id)
        VALUES (243, '2012-1-16', false, 532);
INSERT INTO Meter_reading(value, date, paid, meter_id)
        VALUES (262, '2012-2-2', false, 532);
INSERT INTO Meter_reading(value, date, paid, meter_id)
        VALUES (266, '2012-2-5', false, 532);
INSERT INTO Meter_reading(value, date, paid, meter_id)
        VALUES (267, '2012-2-18', false, 532);
INSERT INTO Meter_reading(value, date, paid, meter_id)
        VALUES (268, '2012-2-22', false, 532);
INSERT INTO Meter_reading(value, date, paid, meter_id)
        VALUES (273, '2012-3-5', false, 532);
INSERT INTO Meter_reading(value, date, paid, meter_id)
        VALUES (277, '2012-3-7', false, 532);
INSERT INTO Meter_reading(value, date, paid, meter_id)
        VALUES (291, '2012-3-15', false, 532);
INSERT INTO Meter_reading(value, date, paid, meter_id)
        VALUES (299, '2012-3-20', false, 532);
INSERT INTO Meter_reading(value, date, paid, meter_id)
        VALUES (134, '2012-1-10', false, 533);
INSERT INTO Meter_reading(value, date, paid, meter_id)
        VALUES (149, '2012-1-20', false, 533);
INSERT INTO Meter_reading(value, date, paid, meter_id)
        VALUES (164, '2012-1-23', false, 533);
INSERT INTO Meter_reading(value, date, paid, meter_id)
        VALUES (189, '2012-2-7', false, 533);
INSERT INTO Meter_reading(value, date, paid, meter_id)
        VALUES (197, '2012-2-9', false, 533);
INSERT INTO Meter_reading(value, date, paid, meter_id)
        VALUES (204, '2012-2-11', false, 533);
INSERT INTO Meter_reading(value, date, paid, meter_id)
        VALUES (214, '2012-2-17', false, 533);
INSERT INTO Meter_reading(value, date, paid, meter_id)
        VALUES (232, '2012-2-18', false, 533);
INSERT INTO Meter_reading(value, date, paid, meter_id)
        VALUES (234, '2012-3-3', false, 533);
INSERT INTO Meter_reading(value, date, paid, meter_id)
        VALUES (237, '2012-3-10', false, 533);
INSERT INTO person(person_id, name, surname, paternal_name, registration_date, email, password_hash, is_admin) 
    VALUES (267, 'test267', 'test267', '', '01/01/2012', 'test267', '098f6bcd4621d373cade4e832627b4f6', false);
INSERT INTO dweller VALUES (267);
INSERT INTO flat(flat_id, area, flat_number, balance, cladr_id, building_id)
    VALUES (267, 164, 267, 0, 1, 1);
INSERT INTO dweller_lives_in_flat(person_id, flat_id)
    VALUES (267, 267);
INSERT INTO meter(meter_id, installation_date, type, title, meter_unit_id, active, flat_id)
    VALUES (534, '01/01/2012', 'Water', 'Cold water in kitchen test267', 1, true, 267);
INSERT INTO meter(meter_id, installation_date, type, title, meter_unit_id, active, flat_id)
    VALUES (535, '01/01/2012', 'Electricity', 'Electricity in hall test267', 2, true, 267);
INSERT INTO Meter_reading(value, date, paid, meter_id)
        VALUES (34, '2012-1-3', false, 534);
INSERT INTO Meter_reading(value, date, paid, meter_id)
        VALUES (39, '2012-1-13', false, 534);
INSERT INTO Meter_reading(value, date, paid, meter_id)
        VALUES (50, '2012-1-15', false, 534);
INSERT INTO Meter_reading(value, date, paid, meter_id)
        VALUES (66, '2012-1-26', false, 534);
INSERT INTO Meter_reading(value, date, paid, meter_id)
        VALUES (84, '2012-2-3', false, 534);
INSERT INTO Meter_reading(value, date, paid, meter_id)
        VALUES (94, '2012-2-12', false, 534);
INSERT INTO Meter_reading(value, date, paid, meter_id)
        VALUES (118, '2012-2-17', false, 534);
INSERT INTO Meter_reading(value, date, paid, meter_id)
        VALUES (138, '2012-2-18', false, 534);
INSERT INTO Meter_reading(value, date, paid, meter_id)
        VALUES (130, '2012-1-14', false, 535);
INSERT INTO Meter_reading(value, date, paid, meter_id)
        VALUES (135, '2012-1-19', false, 535);
INSERT INTO Meter_reading(value, date, paid, meter_id)
        VALUES (160, '2012-1-20', false, 535);
INSERT INTO Meter_reading(value, date, paid, meter_id)
        VALUES (188, '2012-1-23', false, 535);
INSERT INTO Meter_reading(value, date, paid, meter_id)
        VALUES (202, '2012-2-8', false, 535);
INSERT INTO Meter_reading(value, date, paid, meter_id)
        VALUES (209, '2012-2-17', false, 535);
INSERT INTO person(person_id, name, surname, paternal_name, registration_date, email, password_hash, is_admin) 
    VALUES (268, 'test268', 'test268', '', '01/01/2012', 'test268', '098f6bcd4621d373cade4e832627b4f6', false);
INSERT INTO dweller VALUES (268);
INSERT INTO flat(flat_id, area, flat_number, balance, cladr_id, building_id)
    VALUES (268, 117, 268, 0, 1, 1);
INSERT INTO dweller_lives_in_flat(person_id, flat_id)
    VALUES (268, 268);
INSERT INTO meter(meter_id, installation_date, type, title, meter_unit_id, active, flat_id)
    VALUES (536, '01/01/2012', 'Water', 'Cold water in kitchen test268', 1, true, 268);
INSERT INTO meter(meter_id, installation_date, type, title, meter_unit_id, active, flat_id)
    VALUES (537, '01/01/2012', 'Electricity', 'Electricity in hall test268', 2, true, 268);
INSERT INTO Meter_reading(value, date, paid, meter_id)
        VALUES (202, '2012-1-3', false, 536);
INSERT INTO Meter_reading(value, date, paid, meter_id)
        VALUES (209, '2012-1-8', false, 536);
INSERT INTO Meter_reading(value, date, paid, meter_id)
        VALUES (232, '2012-1-20', false, 536);
INSERT INTO Meter_reading(value, date, paid, meter_id)
        VALUES (247, '2012-2-3', false, 536);
INSERT INTO Meter_reading(value, date, paid, meter_id)
        VALUES (254, '2012-2-6', false, 536);
INSERT INTO Meter_reading(value, date, paid, meter_id)
        VALUES (265, '2012-2-18', false, 536);
INSERT INTO Meter_reading(value, date, paid, meter_id)
        VALUES (291, '2012-2-26', false, 536);
INSERT INTO Meter_reading(value, date, paid, meter_id)
        VALUES (314, '2012-3-6', false, 536);
INSERT INTO Meter_reading(value, date, paid, meter_id)
        VALUES (271, '2012-1-3', false, 537);
INSERT INTO Meter_reading(value, date, paid, meter_id)
        VALUES (293, '2012-1-12', false, 537);
INSERT INTO Meter_reading(value, date, paid, meter_id)
        VALUES (295, '2012-1-26', false, 537);
INSERT INTO Meter_reading(value, date, paid, meter_id)
        VALUES (317, '2012-2-5', false, 537);
INSERT INTO Meter_reading(value, date, paid, meter_id)
        VALUES (319, '2012-2-9', false, 537);
INSERT INTO Meter_reading(value, date, paid, meter_id)
        VALUES (331, '2012-2-12', false, 537);
INSERT INTO Meter_reading(value, date, paid, meter_id)
        VALUES (360, '2012-2-15', false, 537);
INSERT INTO Meter_reading(value, date, paid, meter_id)
        VALUES (387, '2012-2-20', false, 537);
INSERT INTO Meter_reading(value, date, paid, meter_id)
        VALUES (416, '2012-3-5', false, 537);
INSERT INTO Meter_reading(value, date, paid, meter_id)
        VALUES (424, '2012-3-11', false, 537);
INSERT INTO Meter_reading(value, date, paid, meter_id)
        VALUES (427, '2012-3-19', false, 537);
INSERT INTO Meter_reading(value, date, paid, meter_id)
        VALUES (431, '2012-4-2', false, 537);
INSERT INTO Meter_reading(value, date, paid, meter_id)
        VALUES (450, '2012-4-8', false, 537);
INSERT INTO person(person_id, name, surname, paternal_name, registration_date, email, password_hash, is_admin) 
    VALUES (269, 'test269', 'test269', '', '01/01/2012', 'test269', '098f6bcd4621d373cade4e832627b4f6', false);
INSERT INTO dweller VALUES (269);
INSERT INTO flat(flat_id, area, flat_number, balance, cladr_id, building_id)
    VALUES (269, 173, 269, 0, 1, 1);
INSERT INTO dweller_lives_in_flat(person_id, flat_id)
    VALUES (269, 269);
INSERT INTO meter(meter_id, installation_date, type, title, meter_unit_id, active, flat_id)
    VALUES (538, '01/01/2012', 'Water', 'Cold water in kitchen test269', 1, true, 269);
INSERT INTO meter(meter_id, installation_date, type, title, meter_unit_id, active, flat_id)
    VALUES (539, '01/01/2012', 'Electricity', 'Electricity in hall test269', 2, true, 269);
INSERT INTO Meter_reading(value, date, paid, meter_id)
        VALUES (79, '2012-1-9', false, 538);
INSERT INTO Meter_reading(value, date, paid, meter_id)
        VALUES (92, '2012-1-23', false, 538);
INSERT INTO Meter_reading(value, date, paid, meter_id)
        VALUES (101, '2012-2-7', false, 538);
INSERT INTO Meter_reading(value, date, paid, meter_id)
        VALUES (115, '2012-2-13', false, 538);
INSERT INTO Meter_reading(value, date, paid, meter_id)
        VALUES (119, '2012-2-18', false, 538);
INSERT INTO Meter_reading(value, date, paid, meter_id)
        VALUES (126, '2012-2-20', false, 538);
INSERT INTO Meter_reading(value, date, paid, meter_id)
        VALUES (149, '2012-2-22', false, 538);
INSERT INTO Meter_reading(value, date, paid, meter_id)
        VALUES (154, '2012-3-1', false, 538);
INSERT INTO Meter_reading(value, date, paid, meter_id)
        VALUES (161, '2012-3-2', false, 538);
INSERT INTO Meter_reading(value, date, paid, meter_id)
        VALUES (187, '2012-3-16', false, 538);
INSERT INTO Meter_reading(value, date, paid, meter_id)
        VALUES (191, '2012-3-19', false, 538);
INSERT INTO Meter_reading(value, date, paid, meter_id)
        VALUES (216, '2012-4-6', false, 538);
INSERT INTO Meter_reading(value, date, paid, meter_id)
        VALUES (235, '2012-4-18', false, 538);
INSERT INTO Meter_reading(value, date, paid, meter_id)
        VALUES (262, '2012-5-4', false, 538);
INSERT INTO Meter_reading(value, date, paid, meter_id)
        VALUES (155, '2012-1-3', false, 539);
INSERT INTO Meter_reading(value, date, paid, meter_id)
        VALUES (175, '2012-1-10', false, 539);
INSERT INTO Meter_reading(value, date, paid, meter_id)
        VALUES (187, '2012-1-23', false, 539);
INSERT INTO Meter_reading(value, date, paid, meter_id)
        VALUES (201, '2012-1-24', false, 539);
INSERT INTO Meter_reading(value, date, paid, meter_id)
        VALUES (220, '2012-2-9', false, 539);
INSERT INTO Meter_reading(value, date, paid, meter_id)
        VALUES (242, '2012-2-22', false, 539);
INSERT INTO Meter_reading(value, date, paid, meter_id)
        VALUES (245, '2012-2-26', false, 539);
INSERT INTO Meter_reading(value, date, paid, meter_id)
        VALUES (268, '2012-3-2', false, 539);
INSERT INTO person(person_id, name, surname, paternal_name, registration_date, email, password_hash, is_admin) 
    VALUES (270, 'test270', 'test270', '', '01/01/2012', 'test270', '098f6bcd4621d373cade4e832627b4f6', false);
INSERT INTO dweller VALUES (270);
INSERT INTO flat(flat_id, area, flat_number, balance, cladr_id, building_id)
    VALUES (270, 232, 270, 0, 1, 1);
INSERT INTO dweller_lives_in_flat(person_id, flat_id)
    VALUES (270, 270);
INSERT INTO meter(meter_id, installation_date, type, title, meter_unit_id, active, flat_id)
    VALUES (540, '01/01/2012', 'Water', 'Cold water in kitchen test270', 1, true, 270);
INSERT INTO meter(meter_id, installation_date, type, title, meter_unit_id, active, flat_id)
    VALUES (541, '01/01/2012', 'Electricity', 'Electricity in hall test270', 2, true, 270);
INSERT INTO Meter_reading(value, date, paid, meter_id)
        VALUES (97, '2012-1-6', false, 540);
INSERT INTO Meter_reading(value, date, paid, meter_id)
        VALUES (119, '2012-1-12', false, 540);
INSERT INTO Meter_reading(value, date, paid, meter_id)
        VALUES (148, '2012-1-13', false, 540);
INSERT INTO Meter_reading(value, date, paid, meter_id)
        VALUES (155, '2012-1-16', false, 540);
INSERT INTO Meter_reading(value, date, paid, meter_id)
        VALUES (184, '2012-2-3', false, 540);
INSERT INTO Meter_reading(value, date, paid, meter_id)
        VALUES (197, '2012-2-5', false, 540);
INSERT INTO Meter_reading(value, date, paid, meter_id)
        VALUES (203, '2012-2-15', false, 540);
INSERT INTO Meter_reading(value, date, paid, meter_id)
        VALUES (224, '2012-2-20', false, 540);
INSERT INTO Meter_reading(value, date, paid, meter_id)
        VALUES (110, '2012-1-14', false, 541);
INSERT INTO Meter_reading(value, date, paid, meter_id)
        VALUES (134, '2012-1-19', false, 541);
INSERT INTO Meter_reading(value, date, paid, meter_id)
        VALUES (142, '2012-2-6', false, 541);
INSERT INTO Meter_reading(value, date, paid, meter_id)
        VALUES (147, '2012-2-11', false, 541);
INSERT INTO Meter_reading(value, date, paid, meter_id)
        VALUES (163, '2012-2-18', false, 541);
INSERT INTO Meter_reading(value, date, paid, meter_id)
        VALUES (186, '2012-2-22', false, 541);
INSERT INTO Meter_reading(value, date, paid, meter_id)
        VALUES (187, '2012-3-2', false, 541);
INSERT INTO Meter_reading(value, date, paid, meter_id)
        VALUES (200, '2012-3-10', false, 541);
INSERT INTO Meter_reading(value, date, paid, meter_id)
        VALUES (210, '2012-3-20', false, 541);
INSERT INTO Meter_reading(value, date, paid, meter_id)
        VALUES (214, '2012-4-1', false, 541);
INSERT INTO Meter_reading(value, date, paid, meter_id)
        VALUES (221, '2012-4-11', false, 541);
INSERT INTO person(person_id, name, surname, paternal_name, registration_date, email, password_hash, is_admin) 
    VALUES (271, 'test271', 'test271', '', '01/01/2012', 'test271', '098f6bcd4621d373cade4e832627b4f6', false);
INSERT INTO dweller VALUES (271);
INSERT INTO flat(flat_id, area, flat_number, balance, cladr_id, building_id)
    VALUES (271, 187, 271, 0, 1, 1);
INSERT INTO dweller_lives_in_flat(person_id, flat_id)
    VALUES (271, 271);
INSERT INTO meter(meter_id, installation_date, type, title, meter_unit_id, active, flat_id)
    VALUES (542, '01/01/2012', 'Water', 'Cold water in kitchen test271', 1, true, 271);
INSERT INTO meter(meter_id, installation_date, type, title, meter_unit_id, active, flat_id)
    VALUES (543, '01/01/2012', 'Electricity', 'Electricity in hall test271', 2, true, 271);
INSERT INTO Meter_reading(value, date, paid, meter_id)
        VALUES (215, '2012-1-8', false, 542);
INSERT INTO Meter_reading(value, date, paid, meter_id)
        VALUES (229, '2012-1-16', false, 542);
INSERT INTO Meter_reading(value, date, paid, meter_id)
        VALUES (255, '2012-1-25', false, 542);
INSERT INTO Meter_reading(value, date, paid, meter_id)
        VALUES (271, '2012-2-7', false, 542);
INSERT INTO Meter_reading(value, date, paid, meter_id)
        VALUES (278, '2012-2-20', false, 542);
INSERT INTO Meter_reading(value, date, paid, meter_id)
        VALUES (306, '2012-2-22', false, 542);
INSERT INTO Meter_reading(value, date, paid, meter_id)
        VALUES (322, '2012-3-7', false, 542);
INSERT INTO Meter_reading(value, date, paid, meter_id)
        VALUES (328, '2012-3-18', false, 542);
INSERT INTO Meter_reading(value, date, paid, meter_id)
        VALUES (351, '2012-4-5', false, 542);
INSERT INTO Meter_reading(value, date, paid, meter_id)
        VALUES (211, '2012-1-9', false, 543);
INSERT INTO Meter_reading(value, date, paid, meter_id)
        VALUES (263, '2012-1-19', false, 543);
INSERT INTO Meter_reading(value, date, paid, meter_id)
        VALUES (327, '2012-1-27', false, 543);
INSERT INTO Meter_reading(value, date, paid, meter_id)
        VALUES (389, '2012-2-14', false, 543);
INSERT INTO Meter_reading(value, date, paid, meter_id)
        VALUES (440, '2012-2-25', false, 543);
INSERT INTO Meter_reading(value, date, paid, meter_id)
        VALUES (514, '2012-3-2', false, 543);
INSERT INTO Meter_reading(value, date, paid, meter_id)
        VALUES (600, '2012-3-3', false, 543);
INSERT INTO Meter_reading(value, date, paid, meter_id)
        VALUES (677, '2012-3-14', false, 543);
INSERT INTO Meter_reading(value, date, paid, meter_id)
        VALUES (696, '2012-3-18', false, 543);
INSERT INTO Meter_reading(value, date, paid, meter_id)
        VALUES (705, '2012-4-2', false, 543);
INSERT INTO Meter_reading(value, date, paid, meter_id)
        VALUES (781, '2012-4-5', false, 543);
INSERT INTO person(person_id, name, surname, paternal_name, registration_date, email, password_hash, is_admin) 
    VALUES (272, 'test272', 'test272', '', '01/01/2012', 'test272', '098f6bcd4621d373cade4e832627b4f6', false);
INSERT INTO dweller VALUES (272);
INSERT INTO flat(flat_id, area, flat_number, balance, cladr_id, building_id)
    VALUES (272, 268, 272, 0, 1, 1);
INSERT INTO dweller_lives_in_flat(person_id, flat_id)
    VALUES (272, 272);
INSERT INTO meter(meter_id, installation_date, type, title, meter_unit_id, active, flat_id)
    VALUES (544, '01/01/2012', 'Water', 'Cold water in kitchen test272', 1, true, 272);
INSERT INTO meter(meter_id, installation_date, type, title, meter_unit_id, active, flat_id)
    VALUES (545, '01/01/2012', 'Electricity', 'Electricity in hall test272', 2, true, 272);
INSERT INTO Meter_reading(value, date, paid, meter_id)
        VALUES (120, '2012-1-10', false, 544);
INSERT INTO Meter_reading(value, date, paid, meter_id)
        VALUES (135, '2012-1-18', false, 544);
INSERT INTO Meter_reading(value, date, paid, meter_id)
        VALUES (152, '2012-1-22', false, 544);
INSERT INTO Meter_reading(value, date, paid, meter_id)
        VALUES (157, '2012-2-7', false, 544);
INSERT INTO Meter_reading(value, date, paid, meter_id)
        VALUES (175, '2012-2-21', false, 544);
INSERT INTO Meter_reading(value, date, paid, meter_id)
        VALUES (184, '2012-3-4', false, 544);
INSERT INTO Meter_reading(value, date, paid, meter_id)
        VALUES (208, '2012-1-15', false, 545);
INSERT INTO Meter_reading(value, date, paid, meter_id)
        VALUES (212, '2012-1-16', false, 545);
INSERT INTO Meter_reading(value, date, paid, meter_id)
        VALUES (238, '2012-1-17', false, 545);
INSERT INTO Meter_reading(value, date, paid, meter_id)
        VALUES (261, '2012-1-22', false, 545);
INSERT INTO Meter_reading(value, date, paid, meter_id)
        VALUES (278, '2012-1-26', false, 545);
INSERT INTO person(person_id, name, surname, paternal_name, registration_date, email, password_hash, is_admin) 
    VALUES (273, 'test273', 'test273', '', '01/01/2012', 'test273', '098f6bcd4621d373cade4e832627b4f6', false);
INSERT INTO dweller VALUES (273);
INSERT INTO flat(flat_id, area, flat_number, balance, cladr_id, building_id)
    VALUES (273, 186, 273, 0, 1, 1);
INSERT INTO dweller_lives_in_flat(person_id, flat_id)
    VALUES (273, 273);
INSERT INTO meter(meter_id, installation_date, type, title, meter_unit_id, active, flat_id)
    VALUES (546, '01/01/2012', 'Water', 'Cold water in kitchen test273', 1, true, 273);
INSERT INTO meter(meter_id, installation_date, type, title, meter_unit_id, active, flat_id)
    VALUES (547, '01/01/2012', 'Electricity', 'Electricity in hall test273', 2, true, 273);
INSERT INTO Meter_reading(value, date, paid, meter_id)
        VALUES (40, '2012-1-14', false, 546);
INSERT INTO Meter_reading(value, date, paid, meter_id)
        VALUES (65, '2012-1-25', false, 546);
INSERT INTO Meter_reading(value, date, paid, meter_id)
        VALUES (86, '2012-2-3', false, 546);
INSERT INTO Meter_reading(value, date, paid, meter_id)
        VALUES (108, '2012-2-6', false, 546);
INSERT INTO Meter_reading(value, date, paid, meter_id)
        VALUES (121, '2012-2-8', false, 546);
INSERT INTO Meter_reading(value, date, paid, meter_id)
        VALUES (138, '2012-2-19', false, 546);
INSERT INTO Meter_reading(value, date, paid, meter_id)
        VALUES (158, '2012-3-2', false, 546);
INSERT INTO Meter_reading(value, date, paid, meter_id)
        VALUES (173, '2012-3-8', false, 546);
INSERT INTO Meter_reading(value, date, paid, meter_id)
        VALUES (179, '2012-3-15', false, 546);
INSERT INTO Meter_reading(value, date, paid, meter_id)
        VALUES (198, '2012-3-16', false, 546);
INSERT INTO Meter_reading(value, date, paid, meter_id)
        VALUES (213, '2012-3-24', false, 546);
INSERT INTO Meter_reading(value, date, paid, meter_id)
        VALUES (214, '2012-4-11', false, 546);
INSERT INTO Meter_reading(value, date, paid, meter_id)
        VALUES (231, '2012-4-19', false, 546);
INSERT INTO Meter_reading(value, date, paid, meter_id)
        VALUES (189, '2012-1-5', false, 547);
INSERT INTO Meter_reading(value, date, paid, meter_id)
        VALUES (202, '2012-1-10', false, 547);
INSERT INTO Meter_reading(value, date, paid, meter_id)
        VALUES (211, '2012-1-13', false, 547);
INSERT INTO Meter_reading(value, date, paid, meter_id)
        VALUES (227, '2012-1-18', false, 547);
INSERT INTO Meter_reading(value, date, paid, meter_id)
        VALUES (239, '2012-2-1', false, 547);
INSERT INTO Meter_reading(value, date, paid, meter_id)
        VALUES (262, '2012-2-9', false, 547);
INSERT INTO Meter_reading(value, date, paid, meter_id)
        VALUES (274, '2012-2-23', false, 547);
INSERT INTO Meter_reading(value, date, paid, meter_id)
        VALUES (293, '2012-3-3', false, 547);
INSERT INTO person(person_id, name, surname, paternal_name, registration_date, email, password_hash, is_admin) 
    VALUES (274, 'test274', 'test274', '', '01/01/2012', 'test274', '098f6bcd4621d373cade4e832627b4f6', false);
INSERT INTO dweller VALUES (274);
INSERT INTO flat(flat_id, area, flat_number, balance, cladr_id, building_id)
    VALUES (274, 247, 274, 0, 1, 1);
INSERT INTO dweller_lives_in_flat(person_id, flat_id)
    VALUES (274, 274);
INSERT INTO meter(meter_id, installation_date, type, title, meter_unit_id, active, flat_id)
    VALUES (548, '01/01/2012', 'Water', 'Cold water in kitchen test274', 1, true, 274);
INSERT INTO meter(meter_id, installation_date, type, title, meter_unit_id, active, flat_id)
    VALUES (549, '01/01/2012', 'Electricity', 'Electricity in hall test274', 2, true, 274);
INSERT INTO Meter_reading(value, date, paid, meter_id)
        VALUES (234, '2012-1-16', false, 548);
INSERT INTO Meter_reading(value, date, paid, meter_id)
        VALUES (244, '2012-1-21', false, 548);
INSERT INTO Meter_reading(value, date, paid, meter_id)
        VALUES (303, '2012-1-22', false, 548);
INSERT INTO Meter_reading(value, date, paid, meter_id)
        VALUES (343, '2012-2-7', false, 548);
INSERT INTO Meter_reading(value, date, paid, meter_id)
        VALUES (346, '2012-2-21', false, 548);
INSERT INTO Meter_reading(value, date, paid, meter_id)
        VALUES (388, '2012-2-27', false, 548);
INSERT INTO Meter_reading(value, date, paid, meter_id)
        VALUES (421, '2012-3-7', false, 548);
INSERT INTO Meter_reading(value, date, paid, meter_id)
        VALUES (462, '2012-3-19', false, 548);
INSERT INTO Meter_reading(value, date, paid, meter_id)
        VALUES (515, '2012-4-1', false, 548);
INSERT INTO Meter_reading(value, date, paid, meter_id)
        VALUES (543, '2012-4-8', false, 548);
INSERT INTO Meter_reading(value, date, paid, meter_id)
        VALUES (618, '2012-4-16', false, 548);
INSERT INTO Meter_reading(value, date, paid, meter_id)
        VALUES (620, '2012-4-18', false, 548);
INSERT INTO Meter_reading(value, date, paid, meter_id)
        VALUES (694, '2012-5-2', false, 548);
INSERT INTO Meter_reading(value, date, paid, meter_id)
        VALUES (735, '2012-5-8', false, 548);
INSERT INTO Meter_reading(value, date, paid, meter_id)
        VALUES (194, '2012-1-10', false, 549);
INSERT INTO Meter_reading(value, date, paid, meter_id)
        VALUES (215, '2012-1-19', false, 549);
INSERT INTO Meter_reading(value, date, paid, meter_id)
        VALUES (244, '2012-2-1', false, 549);
INSERT INTO Meter_reading(value, date, paid, meter_id)
        VALUES (252, '2012-2-11', false, 549);
INSERT INTO Meter_reading(value, date, paid, meter_id)
        VALUES (257, '2012-2-22', false, 549);
INSERT INTO Meter_reading(value, date, paid, meter_id)
        VALUES (279, '2012-2-26', false, 549);
INSERT INTO Meter_reading(value, date, paid, meter_id)
        VALUES (291, '2012-2-27', false, 549);
INSERT INTO Meter_reading(value, date, paid, meter_id)
        VALUES (313, '2012-3-5', false, 549);
INSERT INTO Meter_reading(value, date, paid, meter_id)
        VALUES (314, '2012-3-13', false, 549);
INSERT INTO Meter_reading(value, date, paid, meter_id)
        VALUES (334, '2012-3-16', false, 549);
INSERT INTO Meter_reading(value, date, paid, meter_id)
        VALUES (361, '2012-3-19', false, 549);
INSERT INTO Meter_reading(value, date, paid, meter_id)
        VALUES (367, '2012-4-1', false, 549);
INSERT INTO Meter_reading(value, date, paid, meter_id)
        VALUES (396, '2012-4-5', false, 549);
INSERT INTO person(person_id, name, surname, paternal_name, registration_date, email, password_hash, is_admin) 
    VALUES (275, 'test275', 'test275', '', '01/01/2012', 'test275', '098f6bcd4621d373cade4e832627b4f6', false);
INSERT INTO dweller VALUES (275);
INSERT INTO flat(flat_id, area, flat_number, balance, cladr_id, building_id)
    VALUES (275, 84, 275, 0, 1, 1);
INSERT INTO dweller_lives_in_flat(person_id, flat_id)
    VALUES (275, 275);
INSERT INTO meter(meter_id, installation_date, type, title, meter_unit_id, active, flat_id)
    VALUES (550, '01/01/2012', 'Water', 'Cold water in kitchen test275', 1, true, 275);
INSERT INTO meter(meter_id, installation_date, type, title, meter_unit_id, active, flat_id)
    VALUES (551, '01/01/2012', 'Electricity', 'Electricity in hall test275', 2, true, 275);
INSERT INTO Meter_reading(value, date, paid, meter_id)
        VALUES (318, '2012-1-9', false, 550);
INSERT INTO Meter_reading(value, date, paid, meter_id)
        VALUES (331, '2012-1-23', false, 550);
INSERT INTO Meter_reading(value, date, paid, meter_id)
        VALUES (342, '2012-1-27', false, 550);
INSERT INTO Meter_reading(value, date, paid, meter_id)
        VALUES (359, '2012-2-1', false, 550);
INSERT INTO Meter_reading(value, date, paid, meter_id)
        VALUES (374, '2012-2-8', false, 550);
INSERT INTO Meter_reading(value, date, paid, meter_id)
        VALUES (380, '2012-2-19', false, 550);
INSERT INTO Meter_reading(value, date, paid, meter_id)
        VALUES (394, '2012-3-3', false, 550);
INSERT INTO Meter_reading(value, date, paid, meter_id)
        VALUES (406, '2012-3-8', false, 550);
INSERT INTO Meter_reading(value, date, paid, meter_id)
        VALUES (414, '2012-3-15', false, 550);
INSERT INTO Meter_reading(value, date, paid, meter_id)
        VALUES (435, '2012-4-1', false, 550);
INSERT INTO Meter_reading(value, date, paid, meter_id)
        VALUES (259, '2012-1-4', false, 551);
INSERT INTO Meter_reading(value, date, paid, meter_id)
        VALUES (327, '2012-1-17', false, 551);
INSERT INTO Meter_reading(value, date, paid, meter_id)
        VALUES (334, '2012-1-18', false, 551);
INSERT INTO Meter_reading(value, date, paid, meter_id)
        VALUES (354, '2012-1-27', false, 551);
INSERT INTO Meter_reading(value, date, paid, meter_id)
        VALUES (360, '2012-2-12', false, 551);
INSERT INTO Meter_reading(value, date, paid, meter_id)
        VALUES (425, '2012-2-21', false, 551);
INSERT INTO Meter_reading(value, date, paid, meter_id)
        VALUES (484, '2012-2-27', false, 551);
INSERT INTO Meter_reading(value, date, paid, meter_id)
        VALUES (520, '2012-3-13', false, 551);
INSERT INTO Meter_reading(value, date, paid, meter_id)
        VALUES (549, '2012-3-19', false, 551);
INSERT INTO Meter_reading(value, date, paid, meter_id)
        VALUES (617, '2012-4-5', false, 551);
INSERT INTO Meter_reading(value, date, paid, meter_id)
        VALUES (686, '2012-4-7', false, 551);
INSERT INTO Meter_reading(value, date, paid, meter_id)
        VALUES (698, '2012-4-20', false, 551);
INSERT INTO Meter_reading(value, date, paid, meter_id)
        VALUES (711, '2012-4-21', false, 551);
INSERT INTO person(person_id, name, surname, paternal_name, registration_date, email, password_hash, is_admin) 
    VALUES (276, 'test276', 'test276', '', '01/01/2012', 'test276', '098f6bcd4621d373cade4e832627b4f6', false);
INSERT INTO dweller VALUES (276);
INSERT INTO flat(flat_id, area, flat_number, balance, cladr_id, building_id)
    VALUES (276, 88, 276, 0, 1, 1);
INSERT INTO dweller_lives_in_flat(person_id, flat_id)
    VALUES (276, 276);
INSERT INTO meter(meter_id, installation_date, type, title, meter_unit_id, active, flat_id)
    VALUES (552, '01/01/2012', 'Water', 'Cold water in kitchen test276', 1, true, 276);
INSERT INTO meter(meter_id, installation_date, type, title, meter_unit_id, active, flat_id)
    VALUES (553, '01/01/2012', 'Electricity', 'Electricity in hall test276', 2, true, 276);
INSERT INTO Meter_reading(value, date, paid, meter_id)
        VALUES (46, '2012-1-16', false, 552);
INSERT INTO Meter_reading(value, date, paid, meter_id)
        VALUES (48, '2012-1-19', false, 552);
INSERT INTO Meter_reading(value, date, paid, meter_id)
        VALUES (49, '2012-2-6', false, 552);
INSERT INTO Meter_reading(value, date, paid, meter_id)
        VALUES (52, '2012-2-10', false, 552);
INSERT INTO Meter_reading(value, date, paid, meter_id)
        VALUES (56, '2012-2-13', false, 552);
INSERT INTO Meter_reading(value, date, paid, meter_id)
        VALUES (57, '2012-2-14', false, 552);
INSERT INTO Meter_reading(value, date, paid, meter_id)
        VALUES (59, '2012-2-18', false, 552);
INSERT INTO Meter_reading(value, date, paid, meter_id)
        VALUES (62, '2012-2-23', false, 552);
INSERT INTO Meter_reading(value, date, paid, meter_id)
        VALUES (66, '2012-3-6', false, 552);
INSERT INTO Meter_reading(value, date, paid, meter_id)
        VALUES (67, '2012-3-15', false, 552);
INSERT INTO Meter_reading(value, date, paid, meter_id)
        VALUES (68, '2012-3-25', false, 552);
INSERT INTO Meter_reading(value, date, paid, meter_id)
        VALUES (72, '2012-4-3', false, 552);
INSERT INTO Meter_reading(value, date, paid, meter_id)
        VALUES (186, '2012-1-6', false, 553);
INSERT INTO Meter_reading(value, date, paid, meter_id)
        VALUES (202, '2012-1-18', false, 553);
INSERT INTO Meter_reading(value, date, paid, meter_id)
        VALUES (204, '2012-1-25', false, 553);
INSERT INTO Meter_reading(value, date, paid, meter_id)
        VALUES (208, '2012-1-27', false, 553);
INSERT INTO Meter_reading(value, date, paid, meter_id)
        VALUES (233, '2012-2-11', false, 553);
INSERT INTO Meter_reading(value, date, paid, meter_id)
        VALUES (259, '2012-2-17', false, 553);
INSERT INTO Meter_reading(value, date, paid, meter_id)
        VALUES (265, '2012-2-23', false, 553);
INSERT INTO Meter_reading(value, date, paid, meter_id)
        VALUES (269, '2012-2-27', false, 553);
INSERT INTO person(person_id, name, surname, paternal_name, registration_date, email, password_hash, is_admin) 
    VALUES (277, 'test277', 'test277', '', '01/01/2012', 'test277', '098f6bcd4621d373cade4e832627b4f6', false);
INSERT INTO dweller VALUES (277);
INSERT INTO flat(flat_id, area, flat_number, balance, cladr_id, building_id)
    VALUES (277, 262, 277, 0, 1, 1);
INSERT INTO dweller_lives_in_flat(person_id, flat_id)
    VALUES (277, 277);
INSERT INTO meter(meter_id, installation_date, type, title, meter_unit_id, active, flat_id)
    VALUES (554, '01/01/2012', 'Water', 'Cold water in kitchen test277', 1, true, 277);
INSERT INTO meter(meter_id, installation_date, type, title, meter_unit_id, active, flat_id)
    VALUES (555, '01/01/2012', 'Electricity', 'Electricity in hall test277', 2, true, 277);
INSERT INTO Meter_reading(value, date, paid, meter_id)
        VALUES (288, '2012-1-10', false, 554);
INSERT INTO Meter_reading(value, date, paid, meter_id)
        VALUES (298, '2012-1-23', false, 554);
INSERT INTO Meter_reading(value, date, paid, meter_id)
        VALUES (310, '2012-2-10', false, 554);
INSERT INTO Meter_reading(value, date, paid, meter_id)
        VALUES (319, '2012-2-14', false, 554);
INSERT INTO Meter_reading(value, date, paid, meter_id)
        VALUES (327, '2012-2-22', false, 554);
INSERT INTO Meter_reading(value, date, paid, meter_id)
        VALUES (222, '2012-1-11', false, 555);
INSERT INTO Meter_reading(value, date, paid, meter_id)
        VALUES (245, '2012-1-21', false, 555);
INSERT INTO Meter_reading(value, date, paid, meter_id)
        VALUES (249, '2012-1-26', false, 555);
INSERT INTO Meter_reading(value, date, paid, meter_id)
        VALUES (253, '2012-2-2', false, 555);
INSERT INTO Meter_reading(value, date, paid, meter_id)
        VALUES (257, '2012-2-5', false, 555);
INSERT INTO Meter_reading(value, date, paid, meter_id)
        VALUES (279, '2012-2-14', false, 555);
INSERT INTO Meter_reading(value, date, paid, meter_id)
        VALUES (293, '2012-2-24', false, 555);
INSERT INTO Meter_reading(value, date, paid, meter_id)
        VALUES (311, '2012-3-5', false, 555);
INSERT INTO Meter_reading(value, date, paid, meter_id)
        VALUES (326, '2012-3-13', false, 555);
INSERT INTO person(person_id, name, surname, paternal_name, registration_date, email, password_hash, is_admin) 
    VALUES (278, 'test278', 'test278', '', '01/01/2012', 'test278', '098f6bcd4621d373cade4e832627b4f6', false);
INSERT INTO dweller VALUES (278);
INSERT INTO flat(flat_id, area, flat_number, balance, cladr_id, building_id)
    VALUES (278, 310, 278, 0, 1, 1);
INSERT INTO dweller_lives_in_flat(person_id, flat_id)
    VALUES (278, 278);
INSERT INTO meter(meter_id, installation_date, type, title, meter_unit_id, active, flat_id)
    VALUES (556, '01/01/2012', 'Water', 'Cold water in kitchen test278', 1, true, 278);
INSERT INTO meter(meter_id, installation_date, type, title, meter_unit_id, active, flat_id)
    VALUES (557, '01/01/2012', 'Electricity', 'Electricity in hall test278', 2, true, 278);
INSERT INTO Meter_reading(value, date, paid, meter_id)
        VALUES (152, '2012-1-4', false, 556);
INSERT INTO Meter_reading(value, date, paid, meter_id)
        VALUES (197, '2012-1-6', false, 556);
INSERT INTO Meter_reading(value, date, paid, meter_id)
        VALUES (220, '2012-1-15', false, 556);
INSERT INTO Meter_reading(value, date, paid, meter_id)
        VALUES (263, '2012-2-2', false, 556);
INSERT INTO Meter_reading(value, date, paid, meter_id)
        VALUES (289, '2012-2-13', false, 556);
INSERT INTO Meter_reading(value, date, paid, meter_id)
        VALUES (329, '2012-2-14', false, 556);
INSERT INTO Meter_reading(value, date, paid, meter_id)
        VALUES (350, '2012-2-24', false, 556);
INSERT INTO Meter_reading(value, date, paid, meter_id)
        VALUES (393, '2012-3-4', false, 556);
INSERT INTO Meter_reading(value, date, paid, meter_id)
        VALUES (411, '2012-3-8', false, 556);
INSERT INTO Meter_reading(value, date, paid, meter_id)
        VALUES (458, '2012-3-21', false, 556);
INSERT INTO Meter_reading(value, date, paid, meter_id)
        VALUES (464, '2012-3-24', false, 556);
INSERT INTO Meter_reading(value, date, paid, meter_id)
        VALUES (478, '2012-4-3', false, 556);
INSERT INTO Meter_reading(value, date, paid, meter_id)
        VALUES (17, '2012-1-6', false, 557);
INSERT INTO Meter_reading(value, date, paid, meter_id)
        VALUES (34, '2012-1-10', false, 557);
INSERT INTO Meter_reading(value, date, paid, meter_id)
        VALUES (62, '2012-1-18', false, 557);
INSERT INTO Meter_reading(value, date, paid, meter_id)
        VALUES (74, '2012-2-2', false, 557);
INSERT INTO Meter_reading(value, date, paid, meter_id)
        VALUES (92, '2012-2-7', false, 557);
INSERT INTO Meter_reading(value, date, paid, meter_id)
        VALUES (107, '2012-2-11', false, 557);
INSERT INTO Meter_reading(value, date, paid, meter_id)
        VALUES (115, '2012-2-21', false, 557);
INSERT INTO Meter_reading(value, date, paid, meter_id)
        VALUES (117, '2012-3-5', false, 557);
INSERT INTO Meter_reading(value, date, paid, meter_id)
        VALUES (125, '2012-3-13', false, 557);
INSERT INTO Meter_reading(value, date, paid, meter_id)
        VALUES (144, '2012-3-24', false, 557);
INSERT INTO Meter_reading(value, date, paid, meter_id)
        VALUES (154, '2012-4-5', false, 557);
INSERT INTO Meter_reading(value, date, paid, meter_id)
        VALUES (176, '2012-4-14', false, 557);
INSERT INTO Meter_reading(value, date, paid, meter_id)
        VALUES (200, '2012-4-16', false, 557);
INSERT INTO person(person_id, name, surname, paternal_name, registration_date, email, password_hash, is_admin) 
    VALUES (279, 'test279', 'test279', '', '01/01/2012', 'test279', '098f6bcd4621d373cade4e832627b4f6', false);
INSERT INTO dweller VALUES (279);
INSERT INTO flat(flat_id, area, flat_number, balance, cladr_id, building_id)
    VALUES (279, 299, 279, 0, 1, 1);
INSERT INTO dweller_lives_in_flat(person_id, flat_id)
    VALUES (279, 279);
INSERT INTO meter(meter_id, installation_date, type, title, meter_unit_id, active, flat_id)
    VALUES (558, '01/01/2012', 'Water', 'Cold water in kitchen test279', 1, true, 279);
INSERT INTO meter(meter_id, installation_date, type, title, meter_unit_id, active, flat_id)
    VALUES (559, '01/01/2012', 'Electricity', 'Electricity in hall test279', 2, true, 279);
INSERT INTO Meter_reading(value, date, paid, meter_id)
        VALUES (139, '2012-1-14', false, 558);
INSERT INTO Meter_reading(value, date, paid, meter_id)
        VALUES (158, '2012-2-1', false, 558);
INSERT INTO Meter_reading(value, date, paid, meter_id)
        VALUES (171, '2012-2-12', false, 558);
INSERT INTO Meter_reading(value, date, paid, meter_id)
        VALUES (197, '2012-2-18', false, 558);
INSERT INTO Meter_reading(value, date, paid, meter_id)
        VALUES (225, '2012-2-19', false, 558);
INSERT INTO Meter_reading(value, date, paid, meter_id)
        VALUES (243, '2012-2-27', false, 558);
INSERT INTO Meter_reading(value, date, paid, meter_id)
        VALUES (257, '2012-3-5', false, 558);
INSERT INTO Meter_reading(value, date, paid, meter_id)
        VALUES (258, '2012-3-9', false, 558);
INSERT INTO Meter_reading(value, date, paid, meter_id)
        VALUES (147, '2012-1-8', false, 559);
INSERT INTO Meter_reading(value, date, paid, meter_id)
        VALUES (156, '2012-1-10', false, 559);
INSERT INTO Meter_reading(value, date, paid, meter_id)
        VALUES (176, '2012-1-18', false, 559);
INSERT INTO Meter_reading(value, date, paid, meter_id)
        VALUES (194, '2012-2-1', false, 559);
INSERT INTO Meter_reading(value, date, paid, meter_id)
        VALUES (204, '2012-2-4', false, 559);
INSERT INTO Meter_reading(value, date, paid, meter_id)
        VALUES (225, '2012-2-11', false, 559);
INSERT INTO Meter_reading(value, date, paid, meter_id)
        VALUES (253, '2012-2-18', false, 559);
INSERT INTO Meter_reading(value, date, paid, meter_id)
        VALUES (267, '2012-2-26', false, 559);
INSERT INTO Meter_reading(value, date, paid, meter_id)
        VALUES (276, '2012-3-12', false, 559);
INSERT INTO Meter_reading(value, date, paid, meter_id)
        VALUES (298, '2012-3-16', false, 559);
INSERT INTO Meter_reading(value, date, paid, meter_id)
        VALUES (315, '2012-3-23', false, 559);
INSERT INTO person(person_id, name, surname, paternal_name, registration_date, email, password_hash, is_admin) 
    VALUES (280, 'test280', 'test280', '', '01/01/2012', 'test280', '098f6bcd4621d373cade4e832627b4f6', false);
INSERT INTO dweller VALUES (280);
INSERT INTO flat(flat_id, area, flat_number, balance, cladr_id, building_id)
    VALUES (280, 72, 280, 0, 1, 1);
INSERT INTO dweller_lives_in_flat(person_id, flat_id)
    VALUES (280, 280);
INSERT INTO meter(meter_id, installation_date, type, title, meter_unit_id, active, flat_id)
    VALUES (560, '01/01/2012', 'Water', 'Cold water in kitchen test280', 1, true, 280);
INSERT INTO meter(meter_id, installation_date, type, title, meter_unit_id, active, flat_id)
    VALUES (561, '01/01/2012', 'Electricity', 'Electricity in hall test280', 2, true, 280);
INSERT INTO Meter_reading(value, date, paid, meter_id)
        VALUES (87, '2012-1-4', false, 560);
INSERT INTO Meter_reading(value, date, paid, meter_id)
        VALUES (108, '2012-1-6', false, 560);
INSERT INTO Meter_reading(value, date, paid, meter_id)
        VALUES (123, '2012-1-9', false, 560);
INSERT INTO Meter_reading(value, date, paid, meter_id)
        VALUES (146, '2012-1-15', false, 560);
INSERT INTO Meter_reading(value, date, paid, meter_id)
        VALUES (166, '2012-1-25', false, 560);
INSERT INTO Meter_reading(value, date, paid, meter_id)
        VALUES (178, '2012-2-5', false, 560);
INSERT INTO Meter_reading(value, date, paid, meter_id)
        VALUES (180, '2012-2-14', false, 560);
INSERT INTO Meter_reading(value, date, paid, meter_id)
        VALUES (182, '2012-1-5', false, 561);
INSERT INTO Meter_reading(value, date, paid, meter_id)
        VALUES (191, '2012-1-19', false, 561);
INSERT INTO Meter_reading(value, date, paid, meter_id)
        VALUES (207, '2012-2-5', false, 561);
INSERT INTO Meter_reading(value, date, paid, meter_id)
        VALUES (220, '2012-2-12', false, 561);
INSERT INTO Meter_reading(value, date, paid, meter_id)
        VALUES (241, '2012-2-21', false, 561);
INSERT INTO Meter_reading(value, date, paid, meter_id)
        VALUES (267, '2012-2-25', false, 561);
INSERT INTO Meter_reading(value, date, paid, meter_id)
        VALUES (285, '2012-3-1', false, 561);
INSERT INTO Meter_reading(value, date, paid, meter_id)
        VALUES (300, '2012-3-4', false, 561);
INSERT INTO person(person_id, name, surname, paternal_name, registration_date, email, password_hash, is_admin) 
    VALUES (281, 'test281', 'test281', '', '01/01/2012', 'test281', '098f6bcd4621d373cade4e832627b4f6', false);
INSERT INTO dweller VALUES (281);
INSERT INTO flat(flat_id, area, flat_number, balance, cladr_id, building_id)
    VALUES (281, 124, 281, 0, 1, 1);
INSERT INTO dweller_lives_in_flat(person_id, flat_id)
    VALUES (281, 281);
INSERT INTO meter(meter_id, installation_date, type, title, meter_unit_id, active, flat_id)
    VALUES (562, '01/01/2012', 'Water', 'Cold water in kitchen test281', 1, true, 281);
INSERT INTO meter(meter_id, installation_date, type, title, meter_unit_id, active, flat_id)
    VALUES (563, '01/01/2012', 'Electricity', 'Electricity in hall test281', 2, true, 281);
INSERT INTO Meter_reading(value, date, paid, meter_id)
        VALUES (234, '2012-1-8', false, 562);
INSERT INTO Meter_reading(value, date, paid, meter_id)
        VALUES (247, '2012-1-10', false, 562);
INSERT INTO Meter_reading(value, date, paid, meter_id)
        VALUES (270, '2012-1-15', false, 562);
INSERT INTO Meter_reading(value, date, paid, meter_id)
        VALUES (281, '2012-1-16', false, 562);
INSERT INTO Meter_reading(value, date, paid, meter_id)
        VALUES (291, '2012-1-23', false, 562);
INSERT INTO Meter_reading(value, date, paid, meter_id)
        VALUES (320, '2012-2-3', false, 562);
INSERT INTO Meter_reading(value, date, paid, meter_id)
        VALUES (323, '2012-2-10', false, 562);
INSERT INTO Meter_reading(value, date, paid, meter_id)
        VALUES (344, '2012-2-17', false, 562);
INSERT INTO Meter_reading(value, date, paid, meter_id)
        VALUES (358, '2012-2-26', false, 562);
INSERT INTO Meter_reading(value, date, paid, meter_id)
        VALUES (372, '2012-3-9', false, 562);
INSERT INTO Meter_reading(value, date, paid, meter_id)
        VALUES (380, '2012-3-20', false, 562);
INSERT INTO Meter_reading(value, date, paid, meter_id)
        VALUES (387, '2012-3-26', false, 562);
INSERT INTO Meter_reading(value, date, paid, meter_id)
        VALUES (390, '2012-4-4', false, 562);
INSERT INTO Meter_reading(value, date, paid, meter_id)
        VALUES (402, '2012-4-18', false, 562);
INSERT INTO Meter_reading(value, date, paid, meter_id)
        VALUES (271, '2012-1-11', false, 563);
INSERT INTO Meter_reading(value, date, paid, meter_id)
        VALUES (279, '2012-1-20', false, 563);
INSERT INTO Meter_reading(value, date, paid, meter_id)
        VALUES (305, '2012-1-26', false, 563);
INSERT INTO Meter_reading(value, date, paid, meter_id)
        VALUES (333, '2012-2-8', false, 563);
INSERT INTO Meter_reading(value, date, paid, meter_id)
        VALUES (345, '2012-2-11', false, 563);
INSERT INTO Meter_reading(value, date, paid, meter_id)
        VALUES (370, '2012-2-18', false, 563);
INSERT INTO Meter_reading(value, date, paid, meter_id)
        VALUES (379, '2012-2-27', false, 563);
INSERT INTO Meter_reading(value, date, paid, meter_id)
        VALUES (384, '2012-3-2', false, 563);
INSERT INTO Meter_reading(value, date, paid, meter_id)
        VALUES (402, '2012-3-4', false, 563);
INSERT INTO Meter_reading(value, date, paid, meter_id)
        VALUES (428, '2012-3-5', false, 563);
INSERT INTO Meter_reading(value, date, paid, meter_id)
        VALUES (438, '2012-3-13', false, 563);
INSERT INTO Meter_reading(value, date, paid, meter_id)
        VALUES (464, '2012-3-18', false, 563);
INSERT INTO person(person_id, name, surname, paternal_name, registration_date, email, password_hash, is_admin) 
    VALUES (282, 'test282', 'test282', '', '01/01/2012', 'test282', '098f6bcd4621d373cade4e832627b4f6', false);
INSERT INTO dweller VALUES (282);
INSERT INTO flat(flat_id, area, flat_number, balance, cladr_id, building_id)
    VALUES (282, 222, 282, 0, 1, 1);
INSERT INTO dweller_lives_in_flat(person_id, flat_id)
    VALUES (282, 282);
INSERT INTO meter(meter_id, installation_date, type, title, meter_unit_id, active, flat_id)
    VALUES (564, '01/01/2012', 'Water', 'Cold water in kitchen test282', 1, true, 282);
INSERT INTO meter(meter_id, installation_date, type, title, meter_unit_id, active, flat_id)
    VALUES (565, '01/01/2012', 'Electricity', 'Electricity in hall test282', 2, true, 282);
INSERT INTO Meter_reading(value, date, paid, meter_id)
        VALUES (70, '2012-1-6', false, 564);
INSERT INTO Meter_reading(value, date, paid, meter_id)
        VALUES (155, '2012-1-9', false, 564);
INSERT INTO Meter_reading(value, date, paid, meter_id)
        VALUES (177, '2012-1-11', false, 564);
INSERT INTO Meter_reading(value, date, paid, meter_id)
        VALUES (191, '2012-1-25', false, 564);
INSERT INTO Meter_reading(value, date, paid, meter_id)
        VALUES (286, '2012-2-3', false, 564);
INSERT INTO Meter_reading(value, date, paid, meter_id)
        VALUES (331, '2012-2-16', false, 564);
INSERT INTO Meter_reading(value, date, paid, meter_id)
        VALUES (413, '2012-2-19', false, 564);
INSERT INTO Meter_reading(value, date, paid, meter_id)
        VALUES (483, '2012-2-27', false, 564);
INSERT INTO Meter_reading(value, date, paid, meter_id)
        VALUES (166, '2012-1-9', false, 565);
INSERT INTO Meter_reading(value, date, paid, meter_id)
        VALUES (168, '2012-1-22', false, 565);
INSERT INTO Meter_reading(value, date, paid, meter_id)
        VALUES (183, '2012-2-7', false, 565);
INSERT INTO Meter_reading(value, date, paid, meter_id)
        VALUES (203, '2012-2-14', false, 565);
INSERT INTO Meter_reading(value, date, paid, meter_id)
        VALUES (215, '2012-2-22', false, 565);
INSERT INTO Meter_reading(value, date, paid, meter_id)
        VALUES (220, '2012-3-8', false, 565);
INSERT INTO Meter_reading(value, date, paid, meter_id)
        VALUES (231, '2012-3-10', false, 565);
INSERT INTO Meter_reading(value, date, paid, meter_id)
        VALUES (242, '2012-3-11', false, 565);
INSERT INTO Meter_reading(value, date, paid, meter_id)
        VALUES (253, '2012-3-21', false, 565);
INSERT INTO Meter_reading(value, date, paid, meter_id)
        VALUES (262, '2012-4-1', false, 565);
INSERT INTO Meter_reading(value, date, paid, meter_id)
        VALUES (271, '2012-4-13', false, 565);
INSERT INTO person(person_id, name, surname, paternal_name, registration_date, email, password_hash, is_admin) 
    VALUES (283, 'test283', 'test283', '', '01/01/2012', 'test283', '098f6bcd4621d373cade4e832627b4f6', false);
INSERT INTO dweller VALUES (283);
INSERT INTO flat(flat_id, area, flat_number, balance, cladr_id, building_id)
    VALUES (283, 98, 283, 0, 1, 1);
INSERT INTO dweller_lives_in_flat(person_id, flat_id)
    VALUES (283, 283);
INSERT INTO meter(meter_id, installation_date, type, title, meter_unit_id, active, flat_id)
    VALUES (566, '01/01/2012', 'Water', 'Cold water in kitchen test283', 1, true, 283);
INSERT INTO meter(meter_id, installation_date, type, title, meter_unit_id, active, flat_id)
    VALUES (567, '01/01/2012', 'Electricity', 'Electricity in hall test283', 2, true, 283);
INSERT INTO Meter_reading(value, date, paid, meter_id)
        VALUES (202, '2012-1-3', false, 566);
INSERT INTO Meter_reading(value, date, paid, meter_id)
        VALUES (223, '2012-1-5', false, 566);
INSERT INTO Meter_reading(value, date, paid, meter_id)
        VALUES (246, '2012-1-9', false, 566);
INSERT INTO Meter_reading(value, date, paid, meter_id)
        VALUES (268, '2012-1-19', false, 566);
INSERT INTO Meter_reading(value, date, paid, meter_id)
        VALUES (279, '2012-1-20', false, 566);
INSERT INTO Meter_reading(value, date, paid, meter_id)
        VALUES (282, '2012-2-4', false, 566);
INSERT INTO Meter_reading(value, date, paid, meter_id)
        VALUES (302, '2012-2-17', false, 566);
INSERT INTO Meter_reading(value, date, paid, meter_id)
        VALUES (331, '2012-2-19', false, 566);
INSERT INTO Meter_reading(value, date, paid, meter_id)
        VALUES (132, '2012-1-16', false, 567);
INSERT INTO Meter_reading(value, date, paid, meter_id)
        VALUES (145, '2012-1-25', false, 567);
INSERT INTO Meter_reading(value, date, paid, meter_id)
        VALUES (168, '2012-2-1', false, 567);
INSERT INTO Meter_reading(value, date, paid, meter_id)
        VALUES (171, '2012-2-14', false, 567);
INSERT INTO Meter_reading(value, date, paid, meter_id)
        VALUES (197, '2012-2-17', false, 567);
INSERT INTO Meter_reading(value, date, paid, meter_id)
        VALUES (212, '2012-2-24', false, 567);
INSERT INTO Meter_reading(value, date, paid, meter_id)
        VALUES (239, '2012-2-27', false, 567);
INSERT INTO Meter_reading(value, date, paid, meter_id)
        VALUES (255, '2012-3-12', false, 567);
INSERT INTO Meter_reading(value, date, paid, meter_id)
        VALUES (282, '2012-3-14', false, 567);
INSERT INTO Meter_reading(value, date, paid, meter_id)
        VALUES (302, '2012-3-26', false, 567);
INSERT INTO Meter_reading(value, date, paid, meter_id)
        VALUES (314, '2012-4-8', false, 567);
INSERT INTO Meter_reading(value, date, paid, meter_id)
        VALUES (323, '2012-4-14', false, 567);
INSERT INTO Meter_reading(value, date, paid, meter_id)
        VALUES (333, '2012-4-15', false, 567);
INSERT INTO person(person_id, name, surname, paternal_name, registration_date, email, password_hash, is_admin) 
    VALUES (284, 'test284', 'test284', '', '01/01/2012', 'test284', '098f6bcd4621d373cade4e832627b4f6', false);
INSERT INTO dweller VALUES (284);
INSERT INTO flat(flat_id, area, flat_number, balance, cladr_id, building_id)
    VALUES (284, 280, 284, 0, 1, 1);
INSERT INTO dweller_lives_in_flat(person_id, flat_id)
    VALUES (284, 284);
INSERT INTO meter(meter_id, installation_date, type, title, meter_unit_id, active, flat_id)
    VALUES (568, '01/01/2012', 'Water', 'Cold water in kitchen test284', 1, true, 284);
INSERT INTO meter(meter_id, installation_date, type, title, meter_unit_id, active, flat_id)
    VALUES (569, '01/01/2012', 'Electricity', 'Electricity in hall test284', 2, true, 284);
INSERT INTO Meter_reading(value, date, paid, meter_id)
        VALUES (290, '2012-1-3', false, 568);
INSERT INTO Meter_reading(value, date, paid, meter_id)
        VALUES (295, '2012-1-5', false, 568);
INSERT INTO Meter_reading(value, date, paid, meter_id)
        VALUES (323, '2012-1-16', false, 568);
INSERT INTO Meter_reading(value, date, paid, meter_id)
        VALUES (362, '2012-1-27', false, 568);
INSERT INTO Meter_reading(value, date, paid, meter_id)
        VALUES (382, '2012-2-4', false, 568);
INSERT INTO Meter_reading(value, date, paid, meter_id)
        VALUES (386, '2012-2-12', false, 568);
INSERT INTO Meter_reading(value, date, paid, meter_id)
        VALUES (393, '2012-2-15', false, 568);
INSERT INTO Meter_reading(value, date, paid, meter_id)
        VALUES (412, '2012-2-25', false, 568);
INSERT INTO Meter_reading(value, date, paid, meter_id)
        VALUES (435, '2012-2-27', false, 568);
INSERT INTO Meter_reading(value, date, paid, meter_id)
        VALUES (451, '2012-3-8', false, 568);
INSERT INTO Meter_reading(value, date, paid, meter_id)
        VALUES (479, '2012-3-22', false, 568);
INSERT INTO Meter_reading(value, date, paid, meter_id)
        VALUES (498, '2012-4-4', false, 568);
INSERT INTO Meter_reading(value, date, paid, meter_id)
        VALUES (108, '2012-1-9', false, 569);
INSERT INTO Meter_reading(value, date, paid, meter_id)
        VALUES (124, '2012-1-10', false, 569);
INSERT INTO Meter_reading(value, date, paid, meter_id)
        VALUES (133, '2012-1-11', false, 569);
INSERT INTO Meter_reading(value, date, paid, meter_id)
        VALUES (160, '2012-1-14', false, 569);
INSERT INTO Meter_reading(value, date, paid, meter_id)
        VALUES (181, '2012-1-26', false, 569);
INSERT INTO Meter_reading(value, date, paid, meter_id)
        VALUES (199, '2012-2-12', false, 569);
INSERT INTO person(person_id, name, surname, paternal_name, registration_date, email, password_hash, is_admin) 
    VALUES (285, 'test285', 'test285', '', '01/01/2012', 'test285', '098f6bcd4621d373cade4e832627b4f6', false);
INSERT INTO dweller VALUES (285);
INSERT INTO flat(flat_id, area, flat_number, balance, cladr_id, building_id)
    VALUES (285, 189, 285, 0, 1, 1);
INSERT INTO dweller_lives_in_flat(person_id, flat_id)
    VALUES (285, 285);
INSERT INTO meter(meter_id, installation_date, type, title, meter_unit_id, active, flat_id)
    VALUES (570, '01/01/2012', 'Water', 'Cold water in kitchen test285', 1, true, 285);
INSERT INTO meter(meter_id, installation_date, type, title, meter_unit_id, active, flat_id)
    VALUES (571, '01/01/2012', 'Electricity', 'Electricity in hall test285', 2, true, 285);
INSERT INTO Meter_reading(value, date, paid, meter_id)
        VALUES (43, '2012-1-11', false, 570);
INSERT INTO Meter_reading(value, date, paid, meter_id)
        VALUES (58, '2012-1-23', false, 570);
INSERT INTO Meter_reading(value, date, paid, meter_id)
        VALUES (87, '2012-1-27', false, 570);
INSERT INTO Meter_reading(value, date, paid, meter_id)
        VALUES (93, '2012-2-1', false, 570);
INSERT INTO Meter_reading(value, date, paid, meter_id)
        VALUES (94, '2012-2-8', false, 570);
INSERT INTO Meter_reading(value, date, paid, meter_id)
        VALUES (105, '2012-2-14', false, 570);
INSERT INTO Meter_reading(value, date, paid, meter_id)
        VALUES (123, '2012-2-20', false, 570);
INSERT INTO Meter_reading(value, date, paid, meter_id)
        VALUES (139, '2012-2-22', false, 570);
INSERT INTO Meter_reading(value, date, paid, meter_id)
        VALUES (156, '2012-3-6', false, 570);
INSERT INTO Meter_reading(value, date, paid, meter_id)
        VALUES (132, '2012-1-7', false, 571);
INSERT INTO Meter_reading(value, date, paid, meter_id)
        VALUES (141, '2012-1-8', false, 571);
INSERT INTO Meter_reading(value, date, paid, meter_id)
        VALUES (168, '2012-1-20', false, 571);
INSERT INTO Meter_reading(value, date, paid, meter_id)
        VALUES (177, '2012-2-6', false, 571);
INSERT INTO Meter_reading(value, date, paid, meter_id)
        VALUES (181, '2012-2-12', false, 571);
INSERT INTO Meter_reading(value, date, paid, meter_id)
        VALUES (182, '2012-2-26', false, 571);
INSERT INTO Meter_reading(value, date, paid, meter_id)
        VALUES (189, '2012-2-27', false, 571);
INSERT INTO Meter_reading(value, date, paid, meter_id)
        VALUES (213, '2012-3-9', false, 571);
INSERT INTO Meter_reading(value, date, paid, meter_id)
        VALUES (229, '2012-3-16', false, 571);
INSERT INTO person(person_id, name, surname, paternal_name, registration_date, email, password_hash, is_admin) 
    VALUES (286, 'test286', 'test286', '', '01/01/2012', 'test286', '098f6bcd4621d373cade4e832627b4f6', false);
INSERT INTO dweller VALUES (286);
INSERT INTO flat(flat_id, area, flat_number, balance, cladr_id, building_id)
    VALUES (286, 95, 286, 0, 1, 1);
INSERT INTO dweller_lives_in_flat(person_id, flat_id)
    VALUES (286, 286);
INSERT INTO meter(meter_id, installation_date, type, title, meter_unit_id, active, flat_id)
    VALUES (572, '01/01/2012', 'Water', 'Cold water in kitchen test286', 1, true, 286);
INSERT INTO meter(meter_id, installation_date, type, title, meter_unit_id, active, flat_id)
    VALUES (573, '01/01/2012', 'Electricity', 'Electricity in hall test286', 2, true, 286);
INSERT INTO Meter_reading(value, date, paid, meter_id)
        VALUES (42, '2012-1-12', false, 572);
INSERT INTO Meter_reading(value, date, paid, meter_id)
        VALUES (43, '2012-1-22', false, 572);
INSERT INTO Meter_reading(value, date, paid, meter_id)
        VALUES (46, '2012-2-5', false, 572);
INSERT INTO Meter_reading(value, date, paid, meter_id)
        VALUES (50, '2012-2-9', false, 572);
INSERT INTO Meter_reading(value, date, paid, meter_id)
        VALUES (51, '2012-2-12', false, 572);
INSERT INTO Meter_reading(value, date, paid, meter_id)
        VALUES (52, '2012-2-17', false, 572);
INSERT INTO Meter_reading(value, date, paid, meter_id)
        VALUES (54, '2012-3-2', false, 572);
INSERT INTO Meter_reading(value, date, paid, meter_id)
        VALUES (56, '2012-3-8', false, 572);
INSERT INTO Meter_reading(value, date, paid, meter_id)
        VALUES (57, '2012-3-16', false, 572);
INSERT INTO Meter_reading(value, date, paid, meter_id)
        VALUES (59, '2012-3-26', false, 572);
INSERT INTO Meter_reading(value, date, paid, meter_id)
        VALUES (63, '2012-4-12', false, 572);
INSERT INTO Meter_reading(value, date, paid, meter_id)
        VALUES (65, '2012-4-18', false, 572);
INSERT INTO Meter_reading(value, date, paid, meter_id)
        VALUES (69, '2012-5-5', false, 572);
INSERT INTO Meter_reading(value, date, paid, meter_id)
        VALUES (117, '2012-1-16', false, 573);
INSERT INTO Meter_reading(value, date, paid, meter_id)
        VALUES (124, '2012-2-2', false, 573);
INSERT INTO Meter_reading(value, date, paid, meter_id)
        VALUES (171, '2012-2-10', false, 573);
INSERT INTO Meter_reading(value, date, paid, meter_id)
        VALUES (204, '2012-2-13', false, 573);
INSERT INTO Meter_reading(value, date, paid, meter_id)
        VALUES (256, '2012-2-20', false, 573);
INSERT INTO Meter_reading(value, date, paid, meter_id)
        VALUES (317, '2012-2-27', false, 573);
INSERT INTO Meter_reading(value, date, paid, meter_id)
        VALUES (354, '2012-3-2', false, 573);
INSERT INTO Meter_reading(value, date, paid, meter_id)
        VALUES (393, '2012-3-4', false, 573);
INSERT INTO person(person_id, name, surname, paternal_name, registration_date, email, password_hash, is_admin) 
    VALUES (287, 'test287', 'test287', '', '01/01/2012', 'test287', '098f6bcd4621d373cade4e832627b4f6', false);
INSERT INTO dweller VALUES (287);
INSERT INTO flat(flat_id, area, flat_number, balance, cladr_id, building_id)
    VALUES (287, 155, 287, 0, 1, 1);
INSERT INTO dweller_lives_in_flat(person_id, flat_id)
    VALUES (287, 287);
INSERT INTO meter(meter_id, installation_date, type, title, meter_unit_id, active, flat_id)
    VALUES (574, '01/01/2012', 'Water', 'Cold water in kitchen test287', 1, true, 287);
INSERT INTO meter(meter_id, installation_date, type, title, meter_unit_id, active, flat_id)
    VALUES (575, '01/01/2012', 'Electricity', 'Electricity in hall test287', 2, true, 287);
INSERT INTO Meter_reading(value, date, paid, meter_id)
        VALUES (157, '2012-1-5', false, 574);
INSERT INTO Meter_reading(value, date, paid, meter_id)
        VALUES (182, '2012-1-18', false, 574);
INSERT INTO Meter_reading(value, date, paid, meter_id)
        VALUES (183, '2012-1-24', false, 574);
INSERT INTO Meter_reading(value, date, paid, meter_id)
        VALUES (191, '2012-2-7', false, 574);
INSERT INTO Meter_reading(value, date, paid, meter_id)
        VALUES (214, '2012-2-8', false, 574);
INSERT INTO Meter_reading(value, date, paid, meter_id)
        VALUES (275, '2012-2-11', false, 574);
INSERT INTO Meter_reading(value, date, paid, meter_id)
        VALUES (322, '2012-2-16', false, 574);
INSERT INTO Meter_reading(value, date, paid, meter_id)
        VALUES (373, '2012-3-2', false, 574);
INSERT INTO Meter_reading(value, date, paid, meter_id)
        VALUES (395, '2012-3-16', false, 574);
INSERT INTO Meter_reading(value, date, paid, meter_id)
        VALUES (259, '2012-1-15', false, 575);
INSERT INTO Meter_reading(value, date, paid, meter_id)
        VALUES (310, '2012-1-20', false, 575);
INSERT INTO Meter_reading(value, date, paid, meter_id)
        VALUES (363, '2012-2-2', false, 575);
INSERT INTO Meter_reading(value, date, paid, meter_id)
        VALUES (364, '2012-2-10', false, 575);
INSERT INTO Meter_reading(value, date, paid, meter_id)
        VALUES (419, '2012-2-21', false, 575);
INSERT INTO Meter_reading(value, date, paid, meter_id)
        VALUES (478, '2012-3-1', false, 575);
INSERT INTO Meter_reading(value, date, paid, meter_id)
        VALUES (516, '2012-3-4', false, 575);
INSERT INTO person(person_id, name, surname, paternal_name, registration_date, email, password_hash, is_admin) 
    VALUES (288, 'test288', 'test288', '', '01/01/2012', 'test288', '098f6bcd4621d373cade4e832627b4f6', false);
INSERT INTO dweller VALUES (288);
INSERT INTO flat(flat_id, area, flat_number, balance, cladr_id, building_id)
    VALUES (288, 241, 288, 0, 1, 1);
INSERT INTO dweller_lives_in_flat(person_id, flat_id)
    VALUES (288, 288);
INSERT INTO meter(meter_id, installation_date, type, title, meter_unit_id, active, flat_id)
    VALUES (576, '01/01/2012', 'Water', 'Cold water in kitchen test288', 1, true, 288);
INSERT INTO meter(meter_id, installation_date, type, title, meter_unit_id, active, flat_id)
    VALUES (577, '01/01/2012', 'Electricity', 'Electricity in hall test288', 2, true, 288);
INSERT INTO Meter_reading(value, date, paid, meter_id)
        VALUES (27, '2012-1-12', false, 576);
INSERT INTO Meter_reading(value, date, paid, meter_id)
        VALUES (48, '2012-1-20', false, 576);
INSERT INTO Meter_reading(value, date, paid, meter_id)
        VALUES (58, '2012-2-6', false, 576);
INSERT INTO Meter_reading(value, date, paid, meter_id)
        VALUES (65, '2012-2-12', false, 576);
INSERT INTO Meter_reading(value, date, paid, meter_id)
        VALUES (80, '2012-2-15', false, 576);
INSERT INTO Meter_reading(value, date, paid, meter_id)
        VALUES (92, '2012-3-1', false, 576);
INSERT INTO Meter_reading(value, date, paid, meter_id)
        VALUES (96, '2012-3-13', false, 576);
INSERT INTO Meter_reading(value, date, paid, meter_id)
        VALUES (108, '2012-3-17', false, 576);
INSERT INTO Meter_reading(value, date, paid, meter_id)
        VALUES (118, '2012-3-23', false, 576);
INSERT INTO Meter_reading(value, date, paid, meter_id)
        VALUES (125, '2012-4-1', false, 576);
INSERT INTO Meter_reading(value, date, paid, meter_id)
        VALUES (133, '2012-4-6', false, 576);
INSERT INTO Meter_reading(value, date, paid, meter_id)
        VALUES (156, '2012-4-10', false, 576);
INSERT INTO Meter_reading(value, date, paid, meter_id)
        VALUES (169, '2012-1-10', false, 577);
INSERT INTO Meter_reading(value, date, paid, meter_id)
        VALUES (188, '2012-1-24', false, 577);
INSERT INTO Meter_reading(value, date, paid, meter_id)
        VALUES (215, '2012-2-2', false, 577);
INSERT INTO Meter_reading(value, date, paid, meter_id)
        VALUES (234, '2012-2-15', false, 577);
INSERT INTO Meter_reading(value, date, paid, meter_id)
        VALUES (259, '2012-2-18', false, 577);
INSERT INTO Meter_reading(value, date, paid, meter_id)
        VALUES (282, '2012-3-5', false, 577);
INSERT INTO Meter_reading(value, date, paid, meter_id)
        VALUES (310, '2012-3-9', false, 577);
INSERT INTO Meter_reading(value, date, paid, meter_id)
        VALUES (332, '2012-3-17', false, 577);
INSERT INTO Meter_reading(value, date, paid, meter_id)
        VALUES (356, '2012-3-20', false, 577);
INSERT INTO Meter_reading(value, date, paid, meter_id)
        VALUES (370, '2012-3-21', false, 577);
INSERT INTO Meter_reading(value, date, paid, meter_id)
        VALUES (393, '2012-3-27', false, 577);
INSERT INTO person(person_id, name, surname, paternal_name, registration_date, email, password_hash, is_admin) 
    VALUES (289, 'test289', 'test289', '', '01/01/2012', 'test289', '098f6bcd4621d373cade4e832627b4f6', false);
INSERT INTO dweller VALUES (289);
INSERT INTO flat(flat_id, area, flat_number, balance, cladr_id, building_id)
    VALUES (289, 236, 289, 0, 1, 1);
INSERT INTO dweller_lives_in_flat(person_id, flat_id)
    VALUES (289, 289);
INSERT INTO meter(meter_id, installation_date, type, title, meter_unit_id, active, flat_id)
    VALUES (578, '01/01/2012', 'Water', 'Cold water in kitchen test289', 1, true, 289);
INSERT INTO meter(meter_id, installation_date, type, title, meter_unit_id, active, flat_id)
    VALUES (579, '01/01/2012', 'Electricity', 'Electricity in hall test289', 2, true, 289);
INSERT INTO Meter_reading(value, date, paid, meter_id)
        VALUES (138, '2012-1-16', false, 578);
INSERT INTO Meter_reading(value, date, paid, meter_id)
        VALUES (153, '2012-1-17', false, 578);
INSERT INTO Meter_reading(value, date, paid, meter_id)
        VALUES (176, '2012-1-25', false, 578);
INSERT INTO Meter_reading(value, date, paid, meter_id)
        VALUES (204, '2012-2-5', false, 578);
INSERT INTO Meter_reading(value, date, paid, meter_id)
        VALUES (228, '2012-2-9', false, 578);
INSERT INTO Meter_reading(value, date, paid, meter_id)
        VALUES (234, '2012-2-22', false, 578);
INSERT INTO Meter_reading(value, date, paid, meter_id)
        VALUES (263, '2012-3-9', false, 578);
INSERT INTO Meter_reading(value, date, paid, meter_id)
        VALUES (345, '2012-1-13', false, 579);
INSERT INTO Meter_reading(value, date, paid, meter_id)
        VALUES (378, '2012-1-26', false, 579);
INSERT INTO Meter_reading(value, date, paid, meter_id)
        VALUES (391, '2012-2-10', false, 579);
INSERT INTO Meter_reading(value, date, paid, meter_id)
        VALUES (450, '2012-2-12', false, 579);
INSERT INTO Meter_reading(value, date, paid, meter_id)
        VALUES (469, '2012-2-24', false, 579);
INSERT INTO Meter_reading(value, date, paid, meter_id)
        VALUES (473, '2012-3-10', false, 579);
INSERT INTO Meter_reading(value, date, paid, meter_id)
        VALUES (501, '2012-3-22', false, 579);
INSERT INTO person(person_id, name, surname, paternal_name, registration_date, email, password_hash, is_admin) 
    VALUES (290, 'test290', 'test290', '', '01/01/2012', 'test290', '098f6bcd4621d373cade4e832627b4f6', false);
INSERT INTO dweller VALUES (290);
INSERT INTO flat(flat_id, area, flat_number, balance, cladr_id, building_id)
    VALUES (290, 146, 290, 0, 1, 1);
INSERT INTO dweller_lives_in_flat(person_id, flat_id)
    VALUES (290, 290);
INSERT INTO meter(meter_id, installation_date, type, title, meter_unit_id, active, flat_id)
    VALUES (580, '01/01/2012', 'Water', 'Cold water in kitchen test290', 1, true, 290);
INSERT INTO meter(meter_id, installation_date, type, title, meter_unit_id, active, flat_id)
    VALUES (581, '01/01/2012', 'Electricity', 'Electricity in hall test290', 2, true, 290);
INSERT INTO Meter_reading(value, date, paid, meter_id)
        VALUES (134, '2012-1-9', false, 580);
INSERT INTO Meter_reading(value, date, paid, meter_id)
        VALUES (156, '2012-1-16', false, 580);
INSERT INTO Meter_reading(value, date, paid, meter_id)
        VALUES (182, '2012-1-17', false, 580);
INSERT INTO Meter_reading(value, date, paid, meter_id)
        VALUES (196, '2012-2-2', false, 580);
INSERT INTO Meter_reading(value, date, paid, meter_id)
        VALUES (220, '2012-2-5', false, 580);
INSERT INTO Meter_reading(value, date, paid, meter_id)
        VALUES (229, '2012-2-18', false, 580);
INSERT INTO Meter_reading(value, date, paid, meter_id)
        VALUES (240, '2012-2-20', false, 580);
INSERT INTO Meter_reading(value, date, paid, meter_id)
        VALUES (252, '2012-3-6', false, 580);
INSERT INTO Meter_reading(value, date, paid, meter_id)
        VALUES (276, '2012-3-10', false, 580);
INSERT INTO Meter_reading(value, date, paid, meter_id)
        VALUES (40, '2012-1-10', false, 581);
INSERT INTO Meter_reading(value, date, paid, meter_id)
        VALUES (61, '2012-1-23', false, 581);
INSERT INTO Meter_reading(value, date, paid, meter_id)
        VALUES (82, '2012-2-10', false, 581);
INSERT INTO Meter_reading(value, date, paid, meter_id)
        VALUES (96, '2012-2-11', false, 581);
INSERT INTO Meter_reading(value, date, paid, meter_id)
        VALUES (99, '2012-2-12', false, 581);
INSERT INTO Meter_reading(value, date, paid, meter_id)
        VALUES (120, '2012-2-18', false, 581);
INSERT INTO Meter_reading(value, date, paid, meter_id)
        VALUES (138, '2012-3-1', false, 581);
INSERT INTO person(person_id, name, surname, paternal_name, registration_date, email, password_hash, is_admin) 
    VALUES (291, 'test291', 'test291', '', '01/01/2012', 'test291', '098f6bcd4621d373cade4e832627b4f6', false);
INSERT INTO dweller VALUES (291);
INSERT INTO flat(flat_id, area, flat_number, balance, cladr_id, building_id)
    VALUES (291, 118, 291, 0, 1, 1);
INSERT INTO dweller_lives_in_flat(person_id, flat_id)
    VALUES (291, 291);
INSERT INTO meter(meter_id, installation_date, type, title, meter_unit_id, active, flat_id)
    VALUES (582, '01/01/2012', 'Water', 'Cold water in kitchen test291', 1, true, 291);
INSERT INTO meter(meter_id, installation_date, type, title, meter_unit_id, active, flat_id)
    VALUES (583, '01/01/2012', 'Electricity', 'Electricity in hall test291', 2, true, 291);
INSERT INTO Meter_reading(value, date, paid, meter_id)
        VALUES (171, '2012-1-4', false, 582);
INSERT INTO Meter_reading(value, date, paid, meter_id)
        VALUES (185, '2012-1-18', false, 582);
INSERT INTO Meter_reading(value, date, paid, meter_id)
        VALUES (214, '2012-1-26', false, 582);
INSERT INTO Meter_reading(value, date, paid, meter_id)
        VALUES (216, '2012-2-13', false, 582);
INSERT INTO Meter_reading(value, date, paid, meter_id)
        VALUES (224, '2012-2-14', false, 582);
INSERT INTO Meter_reading(value, date, paid, meter_id)
        VALUES (235, '2012-2-25', false, 582);
INSERT INTO Meter_reading(value, date, paid, meter_id)
        VALUES (248, '2012-3-4', false, 582);
INSERT INTO Meter_reading(value, date, paid, meter_id)
        VALUES (249, '2012-3-7', false, 582);
INSERT INTO Meter_reading(value, date, paid, meter_id)
        VALUES (268, '2012-3-17', false, 582);
INSERT INTO Meter_reading(value, date, paid, meter_id)
        VALUES (280, '2012-3-20', false, 582);
INSERT INTO Meter_reading(value, date, paid, meter_id)
        VALUES (281, '2012-3-26', false, 582);
INSERT INTO Meter_reading(value, date, paid, meter_id)
        VALUES (292, '2012-3-27', false, 582);
INSERT INTO Meter_reading(value, date, paid, meter_id)
        VALUES (305, '2012-4-3', false, 582);
INSERT INTO Meter_reading(value, date, paid, meter_id)
        VALUES (309, '2012-4-17', false, 582);
INSERT INTO Meter_reading(value, date, paid, meter_id)
        VALUES (248, '2012-1-6', false, 583);
INSERT INTO Meter_reading(value, date, paid, meter_id)
        VALUES (274, '2012-1-12', false, 583);
INSERT INTO Meter_reading(value, date, paid, meter_id)
        VALUES (278, '2012-1-21', false, 583);
INSERT INTO Meter_reading(value, date, paid, meter_id)
        VALUES (297, '2012-1-27', false, 583);
INSERT INTO Meter_reading(value, date, paid, meter_id)
        VALUES (303, '2012-2-4', false, 583);
INSERT INTO Meter_reading(value, date, paid, meter_id)
        VALUES (325, '2012-2-11', false, 583);
INSERT INTO Meter_reading(value, date, paid, meter_id)
        VALUES (342, '2012-2-21', false, 583);
INSERT INTO person(person_id, name, surname, paternal_name, registration_date, email, password_hash, is_admin) 
    VALUES (292, 'test292', 'test292', '', '01/01/2012', 'test292', '098f6bcd4621d373cade4e832627b4f6', false);
INSERT INTO dweller VALUES (292);
INSERT INTO flat(flat_id, area, flat_number, balance, cladr_id, building_id)
    VALUES (292, 175, 292, 0, 1, 1);
INSERT INTO dweller_lives_in_flat(person_id, flat_id)
    VALUES (292, 292);
INSERT INTO meter(meter_id, installation_date, type, title, meter_unit_id, active, flat_id)
    VALUES (584, '01/01/2012', 'Water', 'Cold water in kitchen test292', 1, true, 292);
INSERT INTO meter(meter_id, installation_date, type, title, meter_unit_id, active, flat_id)
    VALUES (585, '01/01/2012', 'Electricity', 'Electricity in hall test292', 2, true, 292);
INSERT INTO Meter_reading(value, date, paid, meter_id)
        VALUES (240, '2012-1-10', false, 584);
INSERT INTO Meter_reading(value, date, paid, meter_id)
        VALUES (246, '2012-1-17', false, 584);
INSERT INTO Meter_reading(value, date, paid, meter_id)
        VALUES (275, '2012-1-20', false, 584);
INSERT INTO Meter_reading(value, date, paid, meter_id)
        VALUES (297, '2012-1-24', false, 584);
INSERT INTO Meter_reading(value, date, paid, meter_id)
        VALUES (298, '2012-2-10', false, 584);
INSERT INTO Meter_reading(value, date, paid, meter_id)
        VALUES (316, '2012-2-13', false, 584);
INSERT INTO Meter_reading(value, date, paid, meter_id)
        VALUES (319, '2012-2-19', false, 584);
INSERT INTO Meter_reading(value, date, paid, meter_id)
        VALUES (335, '2012-3-4', false, 584);
INSERT INTO Meter_reading(value, date, paid, meter_id)
        VALUES (336, '2012-3-14', false, 584);
INSERT INTO Meter_reading(value, date, paid, meter_id)
        VALUES (357, '2012-3-25', false, 584);
INSERT INTO Meter_reading(value, date, paid, meter_id)
        VALUES (375, '2012-4-11', false, 584);
INSERT INTO Meter_reading(value, date, paid, meter_id)
        VALUES (395, '2012-4-12', false, 584);
INSERT INTO Meter_reading(value, date, paid, meter_id)
        VALUES (409, '2012-4-22', false, 584);
INSERT INTO Meter_reading(value, date, paid, meter_id)
        VALUES (145, '2012-1-10', false, 585);
INSERT INTO Meter_reading(value, date, paid, meter_id)
        VALUES (155, '2012-1-22', false, 585);
INSERT INTO Meter_reading(value, date, paid, meter_id)
        VALUES (161, '2012-2-9', false, 585);
INSERT INTO Meter_reading(value, date, paid, meter_id)
        VALUES (171, '2012-2-14', false, 585);
INSERT INTO Meter_reading(value, date, paid, meter_id)
        VALUES (178, '2012-2-23', false, 585);
INSERT INTO Meter_reading(value, date, paid, meter_id)
        VALUES (183, '2012-2-25', false, 585);
INSERT INTO Meter_reading(value, date, paid, meter_id)
        VALUES (190, '2012-3-4', false, 585);
INSERT INTO Meter_reading(value, date, paid, meter_id)
        VALUES (195, '2012-3-15', false, 585);
INSERT INTO Meter_reading(value, date, paid, meter_id)
        VALUES (204, '2012-3-26', false, 585);
INSERT INTO Meter_reading(value, date, paid, meter_id)
        VALUES (216, '2012-3-27', false, 585);
INSERT INTO person(person_id, name, surname, paternal_name, registration_date, email, password_hash, is_admin) 
    VALUES (293, 'test293', 'test293', '', '01/01/2012', 'test293', '098f6bcd4621d373cade4e832627b4f6', false);
INSERT INTO dweller VALUES (293);
INSERT INTO flat(flat_id, area, flat_number, balance, cladr_id, building_id)
    VALUES (293, 276, 293, 0, 1, 1);
INSERT INTO dweller_lives_in_flat(person_id, flat_id)
    VALUES (293, 293);
INSERT INTO meter(meter_id, installation_date, type, title, meter_unit_id, active, flat_id)
    VALUES (586, '01/01/2012', 'Water', 'Cold water in kitchen test293', 1, true, 293);
INSERT INTO meter(meter_id, installation_date, type, title, meter_unit_id, active, flat_id)
    VALUES (587, '01/01/2012', 'Electricity', 'Electricity in hall test293', 2, true, 293);
INSERT INTO Meter_reading(value, date, paid, meter_id)
        VALUES (43, '2012-1-8', false, 586);
INSERT INTO Meter_reading(value, date, paid, meter_id)
        VALUES (61, '2012-1-20', false, 586);
INSERT INTO Meter_reading(value, date, paid, meter_id)
        VALUES (83, '2012-1-27', false, 586);
INSERT INTO Meter_reading(value, date, paid, meter_id)
        VALUES (97, '2012-2-3', false, 586);
INSERT INTO Meter_reading(value, date, paid, meter_id)
        VALUES (113, '2012-2-9', false, 586);
INSERT INTO Meter_reading(value, date, paid, meter_id)
        VALUES (126, '2012-2-23', false, 586);
INSERT INTO Meter_reading(value, date, paid, meter_id)
        VALUES (143, '2012-3-6', false, 586);
INSERT INTO Meter_reading(value, date, paid, meter_id)
        VALUES (170, '2012-3-18', false, 586);
INSERT INTO Meter_reading(value, date, paid, meter_id)
        VALUES (280, '2012-1-8', false, 587);
INSERT INTO Meter_reading(value, date, paid, meter_id)
        VALUES (285, '2012-1-19', false, 587);
INSERT INTO Meter_reading(value, date, paid, meter_id)
        VALUES (291, '2012-2-1', false, 587);
INSERT INTO Meter_reading(value, date, paid, meter_id)
        VALUES (308, '2012-2-2', false, 587);
INSERT INTO Meter_reading(value, date, paid, meter_id)
        VALUES (330, '2012-2-4', false, 587);
INSERT INTO Meter_reading(value, date, paid, meter_id)
        VALUES (331, '2012-2-9', false, 587);
INSERT INTO person(person_id, name, surname, paternal_name, registration_date, email, password_hash, is_admin) 
    VALUES (294, 'test294', 'test294', '', '01/01/2012', 'test294', '098f6bcd4621d373cade4e832627b4f6', false);
INSERT INTO dweller VALUES (294);
INSERT INTO flat(flat_id, area, flat_number, balance, cladr_id, building_id)
    VALUES (294, 218, 294, 0, 1, 1);
INSERT INTO dweller_lives_in_flat(person_id, flat_id)
    VALUES (294, 294);
INSERT INTO meter(meter_id, installation_date, type, title, meter_unit_id, active, flat_id)
    VALUES (588, '01/01/2012', 'Water', 'Cold water in kitchen test294', 1, true, 294);
INSERT INTO meter(meter_id, installation_date, type, title, meter_unit_id, active, flat_id)
    VALUES (589, '01/01/2012', 'Electricity', 'Electricity in hall test294', 2, true, 294);
INSERT INTO Meter_reading(value, date, paid, meter_id)
        VALUES (187, '2012-1-12', false, 588);
INSERT INTO Meter_reading(value, date, paid, meter_id)
        VALUES (195, '2012-1-15', false, 588);
INSERT INTO Meter_reading(value, date, paid, meter_id)
        VALUES (211, '2012-2-2', false, 588);
INSERT INTO Meter_reading(value, date, paid, meter_id)
        VALUES (219, '2012-2-10', false, 588);
INSERT INTO Meter_reading(value, date, paid, meter_id)
        VALUES (220, '2012-2-11', false, 588);
INSERT INTO Meter_reading(value, date, paid, meter_id)
        VALUES (229, '2012-2-18', false, 588);
INSERT INTO Meter_reading(value, date, paid, meter_id)
        VALUES (252, '2012-3-3', false, 588);
INSERT INTO Meter_reading(value, date, paid, meter_id)
        VALUES (275, '2012-3-9', false, 588);
INSERT INTO Meter_reading(value, date, paid, meter_id)
        VALUES (284, '2012-3-18', false, 588);
INSERT INTO Meter_reading(value, date, paid, meter_id)
        VALUES (294, '2012-3-26', false, 588);
INSERT INTO Meter_reading(value, date, paid, meter_id)
        VALUES (304, '2012-4-8', false, 588);
INSERT INTO Meter_reading(value, date, paid, meter_id)
        VALUES (308, '2012-4-19', false, 588);
INSERT INTO Meter_reading(value, date, paid, meter_id)
        VALUES (325, '2012-4-24', false, 588);
INSERT INTO Meter_reading(value, date, paid, meter_id)
        VALUES (331, '2012-4-25', false, 588);
INSERT INTO Meter_reading(value, date, paid, meter_id)
        VALUES (289, '2012-1-12', false, 589);
INSERT INTO Meter_reading(value, date, paid, meter_id)
        VALUES (306, '2012-1-25', false, 589);
INSERT INTO Meter_reading(value, date, paid, meter_id)
        VALUES (335, '2012-2-9', false, 589);
INSERT INTO Meter_reading(value, date, paid, meter_id)
        VALUES (338, '2012-2-20', false, 589);
INSERT INTO Meter_reading(value, date, paid, meter_id)
        VALUES (364, '2012-2-23', false, 589);
INSERT INTO Meter_reading(value, date, paid, meter_id)
        VALUES (376, '2012-3-4', false, 589);
INSERT INTO Meter_reading(value, date, paid, meter_id)
        VALUES (403, '2012-3-11', false, 589);
INSERT INTO Meter_reading(value, date, paid, meter_id)
        VALUES (412, '2012-3-17', false, 589);
INSERT INTO Meter_reading(value, date, paid, meter_id)
        VALUES (435, '2012-4-2', false, 589);
INSERT INTO Meter_reading(value, date, paid, meter_id)
        VALUES (448, '2012-4-8', false, 589);
INSERT INTO Meter_reading(value, date, paid, meter_id)
        VALUES (460, '2012-4-14', false, 589);
INSERT INTO Meter_reading(value, date, paid, meter_id)
        VALUES (489, '2012-5-1', false, 589);
INSERT INTO Meter_reading(value, date, paid, meter_id)
        VALUES (515, '2012-5-10', false, 589);
INSERT INTO Meter_reading(value, date, paid, meter_id)
        VALUES (529, '2012-5-21', false, 589);
INSERT INTO person(person_id, name, surname, paternal_name, registration_date, email, password_hash, is_admin) 
    VALUES (295, 'test295', 'test295', '', '01/01/2012', 'test295', '098f6bcd4621d373cade4e832627b4f6', false);
INSERT INTO dweller VALUES (295);
INSERT INTO flat(flat_id, area, flat_number, balance, cladr_id, building_id)
    VALUES (295, 306, 295, 0, 1, 1);
INSERT INTO dweller_lives_in_flat(person_id, flat_id)
    VALUES (295, 295);
INSERT INTO meter(meter_id, installation_date, type, title, meter_unit_id, active, flat_id)
    VALUES (590, '01/01/2012', 'Water', 'Cold water in kitchen test295', 1, true, 295);
INSERT INTO meter(meter_id, installation_date, type, title, meter_unit_id, active, flat_id)
    VALUES (591, '01/01/2012', 'Electricity', 'Electricity in hall test295', 2, true, 295);
INSERT INTO Meter_reading(value, date, paid, meter_id)
        VALUES (92, '2012-1-10', false, 590);
INSERT INTO Meter_reading(value, date, paid, meter_id)
        VALUES (105, '2012-1-15', false, 590);
INSERT INTO Meter_reading(value, date, paid, meter_id)
        VALUES (129, '2012-1-27', false, 590);
INSERT INTO Meter_reading(value, date, paid, meter_id)
        VALUES (138, '2012-2-3', false, 590);
INSERT INTO Meter_reading(value, date, paid, meter_id)
        VALUES (139, '2012-2-12', false, 590);
INSERT INTO Meter_reading(value, date, paid, meter_id)
        VALUES (162, '2012-2-15', false, 590);
INSERT INTO Meter_reading(value, date, paid, meter_id)
        VALUES (201, '2012-1-9', false, 591);
INSERT INTO Meter_reading(value, date, paid, meter_id)
        VALUES (217, '2012-1-10', false, 591);
INSERT INTO Meter_reading(value, date, paid, meter_id)
        VALUES (227, '2012-1-15', false, 591);
INSERT INTO Meter_reading(value, date, paid, meter_id)
        VALUES (277, '2012-1-21', false, 591);
INSERT INTO Meter_reading(value, date, paid, meter_id)
        VALUES (306, '2012-2-3', false, 591);
INSERT INTO Meter_reading(value, date, paid, meter_id)
        VALUES (347, '2012-2-6', false, 591);
INSERT INTO Meter_reading(value, date, paid, meter_id)
        VALUES (373, '2012-2-10', false, 591);
INSERT INTO Meter_reading(value, date, paid, meter_id)
        VALUES (377, '2012-2-23', false, 591);
INSERT INTO Meter_reading(value, date, paid, meter_id)
        VALUES (387, '2012-2-26', false, 591);
INSERT INTO Meter_reading(value, date, paid, meter_id)
        VALUES (437, '2012-3-1', false, 591);
INSERT INTO Meter_reading(value, date, paid, meter_id)
        VALUES (455, '2012-3-13', false, 591);
INSERT INTO Meter_reading(value, date, paid, meter_id)
        VALUES (483, '2012-3-15', false, 591);
INSERT INTO Meter_reading(value, date, paid, meter_id)
        VALUES (531, '2012-3-22', false, 591);
INSERT INTO person(person_id, name, surname, paternal_name, registration_date, email, password_hash, is_admin) 
    VALUES (296, 'test296', 'test296', '', '01/01/2012', 'test296', '098f6bcd4621d373cade4e832627b4f6', false);
INSERT INTO dweller VALUES (296);
INSERT INTO flat(flat_id, area, flat_number, balance, cladr_id, building_id)
    VALUES (296, 71, 296, 0, 1, 1);
INSERT INTO dweller_lives_in_flat(person_id, flat_id)
    VALUES (296, 296);
INSERT INTO meter(meter_id, installation_date, type, title, meter_unit_id, active, flat_id)
    VALUES (592, '01/01/2012', 'Water', 'Cold water in kitchen test296', 1, true, 296);
INSERT INTO meter(meter_id, installation_date, type, title, meter_unit_id, active, flat_id)
    VALUES (593, '01/01/2012', 'Electricity', 'Electricity in hall test296', 2, true, 296);
INSERT INTO Meter_reading(value, date, paid, meter_id)
        VALUES (113, '2012-1-13', false, 592);
INSERT INTO Meter_reading(value, date, paid, meter_id)
        VALUES (139, '2012-1-23', false, 592);
INSERT INTO Meter_reading(value, date, paid, meter_id)
        VALUES (155, '2012-1-27', false, 592);
INSERT INTO Meter_reading(value, date, paid, meter_id)
        VALUES (183, '2012-2-13', false, 592);
INSERT INTO Meter_reading(value, date, paid, meter_id)
        VALUES (195, '2012-2-17', false, 592);
INSERT INTO Meter_reading(value, date, paid, meter_id)
        VALUES (41, '2012-1-8', false, 593);
INSERT INTO Meter_reading(value, date, paid, meter_id)
        VALUES (65, '2012-1-21', false, 593);
INSERT INTO Meter_reading(value, date, paid, meter_id)
        VALUES (90, '2012-2-7', false, 593);
INSERT INTO Meter_reading(value, date, paid, meter_id)
        VALUES (117, '2012-2-11', false, 593);
INSERT INTO Meter_reading(value, date, paid, meter_id)
        VALUES (141, '2012-2-19', false, 593);
INSERT INTO Meter_reading(value, date, paid, meter_id)
        VALUES (157, '2012-3-5', false, 593);
INSERT INTO person(person_id, name, surname, paternal_name, registration_date, email, password_hash, is_admin) 
    VALUES (297, 'test297', 'test297', '', '01/01/2012', 'test297', '098f6bcd4621d373cade4e832627b4f6', false);
INSERT INTO dweller VALUES (297);
INSERT INTO flat(flat_id, area, flat_number, balance, cladr_id, building_id)
    VALUES (297, 307, 297, 0, 1, 1);
INSERT INTO dweller_lives_in_flat(person_id, flat_id)
    VALUES (297, 297);
INSERT INTO meter(meter_id, installation_date, type, title, meter_unit_id, active, flat_id)
    VALUES (594, '01/01/2012', 'Water', 'Cold water in kitchen test297', 1, true, 297);
INSERT INTO meter(meter_id, installation_date, type, title, meter_unit_id, active, flat_id)
    VALUES (595, '01/01/2012', 'Electricity', 'Electricity in hall test297', 2, true, 297);
INSERT INTO Meter_reading(value, date, paid, meter_id)
        VALUES (68, '2012-1-15', false, 594);
INSERT INTO Meter_reading(value, date, paid, meter_id)
        VALUES (80, '2012-1-27', false, 594);
INSERT INTO Meter_reading(value, date, paid, meter_id)
        VALUES (172, '2012-2-9', false, 594);
INSERT INTO Meter_reading(value, date, paid, meter_id)
        VALUES (178, '2012-2-12', false, 594);
INSERT INTO Meter_reading(value, date, paid, meter_id)
        VALUES (196, '2012-2-26', false, 594);
INSERT INTO Meter_reading(value, date, paid, meter_id)
        VALUES (280, '2012-3-12', false, 594);
INSERT INTO Meter_reading(value, date, paid, meter_id)
        VALUES (297, '2012-3-14', false, 594);
INSERT INTO Meter_reading(value, date, paid, meter_id)
        VALUES (335, '2012-3-19', false, 594);
INSERT INTO Meter_reading(value, date, paid, meter_id)
        VALUES (339, '2012-3-20', false, 594);
INSERT INTO Meter_reading(value, date, paid, meter_id)
        VALUES (403, '2012-3-22', false, 594);
INSERT INTO Meter_reading(value, date, paid, meter_id)
        VALUES (427, '2012-4-9', false, 594);
INSERT INTO Meter_reading(value, date, paid, meter_id)
        VALUES (465, '2012-4-22', false, 594);
INSERT INTO Meter_reading(value, date, paid, meter_id)
        VALUES (469, '2012-5-1', false, 594);
INSERT INTO Meter_reading(value, date, paid, meter_id)
        VALUES (489, '2012-5-12', false, 594);
INSERT INTO Meter_reading(value, date, paid, meter_id)
        VALUES (5, '2012-1-14', false, 595);
INSERT INTO Meter_reading(value, date, paid, meter_id)
        VALUES (14, '2012-1-25', false, 595);
INSERT INTO Meter_reading(value, date, paid, meter_id)
        VALUES (21, '2012-2-10', false, 595);
INSERT INTO Meter_reading(value, date, paid, meter_id)
        VALUES (26, '2012-2-24', false, 595);
INSERT INTO Meter_reading(value, date, paid, meter_id)
        VALUES (31, '2012-3-11', false, 595);
INSERT INTO Meter_reading(value, date, paid, meter_id)
        VALUES (44, '2012-3-18', false, 595);
INSERT INTO Meter_reading(value, date, paid, meter_id)
        VALUES (52, '2012-3-19', false, 595);
INSERT INTO person(person_id, name, surname, paternal_name, registration_date, email, password_hash, is_admin) 
    VALUES (298, 'test298', 'test298', '', '01/01/2012', 'test298', '098f6bcd4621d373cade4e832627b4f6', false);
INSERT INTO dweller VALUES (298);
INSERT INTO flat(flat_id, area, flat_number, balance, cladr_id, building_id)
    VALUES (298, 189, 298, 0, 1, 1);
INSERT INTO dweller_lives_in_flat(person_id, flat_id)
    VALUES (298, 298);
INSERT INTO meter(meter_id, installation_date, type, title, meter_unit_id, active, flat_id)
    VALUES (596, '01/01/2012', 'Water', 'Cold water in kitchen test298', 1, true, 298);
INSERT INTO meter(meter_id, installation_date, type, title, meter_unit_id, active, flat_id)
    VALUES (597, '01/01/2012', 'Electricity', 'Electricity in hall test298', 2, true, 298);
INSERT INTO Meter_reading(value, date, paid, meter_id)
        VALUES (87, '2012-1-10', false, 596);
INSERT INTO Meter_reading(value, date, paid, meter_id)
        VALUES (108, '2012-1-15', false, 596);
INSERT INTO Meter_reading(value, date, paid, meter_id)
        VALUES (125, '2012-1-24', false, 596);
INSERT INTO Meter_reading(value, date, paid, meter_id)
        VALUES (139, '2012-2-8', false, 596);
INSERT INTO Meter_reading(value, date, paid, meter_id)
        VALUES (188, '2012-2-19', false, 596);
INSERT INTO Meter_reading(value, date, paid, meter_id)
        VALUES (230, '2012-3-3', false, 596);
INSERT INTO Meter_reading(value, date, paid, meter_id)
        VALUES (120, '2012-1-6', false, 597);
INSERT INTO Meter_reading(value, date, paid, meter_id)
        VALUES (137, '2012-1-19', false, 597);
INSERT INTO Meter_reading(value, date, paid, meter_id)
        VALUES (148, '2012-1-23', false, 597);
INSERT INTO Meter_reading(value, date, paid, meter_id)
        VALUES (167, '2012-2-7', false, 597);
INSERT INTO Meter_reading(value, date, paid, meter_id)
        VALUES (195, '2012-2-10', false, 597);
INSERT INTO Meter_reading(value, date, paid, meter_id)
        VALUES (221, '2012-2-11', false, 597);
INSERT INTO Meter_reading(value, date, paid, meter_id)
        VALUES (248, '2012-2-25', false, 597);
INSERT INTO Meter_reading(value, date, paid, meter_id)
        VALUES (261, '2012-3-7', false, 597);
INSERT INTO Meter_reading(value, date, paid, meter_id)
        VALUES (285, '2012-3-13', false, 597);
INSERT INTO Meter_reading(value, date, paid, meter_id)
        VALUES (304, '2012-3-16', false, 597);
INSERT INTO Meter_reading(value, date, paid, meter_id)
        VALUES (331, '2012-3-24', false, 597);
INSERT INTO person(person_id, name, surname, paternal_name, registration_date, email, password_hash, is_admin) 
    VALUES (299, 'test299', 'test299', '', '01/01/2012', 'test299', '098f6bcd4621d373cade4e832627b4f6', false);
INSERT INTO dweller VALUES (299);
INSERT INTO flat(flat_id, area, flat_number, balance, cladr_id, building_id)
    VALUES (299, 158, 299, 0, 1, 1);
INSERT INTO dweller_lives_in_flat(person_id, flat_id)
    VALUES (299, 299);
INSERT INTO meter(meter_id, installation_date, type, title, meter_unit_id, active, flat_id)
    VALUES (598, '01/01/2012', 'Water', 'Cold water in kitchen test299', 1, true, 299);
INSERT INTO meter(meter_id, installation_date, type, title, meter_unit_id, active, flat_id)
    VALUES (599, '01/01/2012', 'Electricity', 'Electricity in hall test299', 2, true, 299);
INSERT INTO Meter_reading(value, date, paid, meter_id)
        VALUES (338, '2012-1-9', false, 598);
INSERT INTO Meter_reading(value, date, paid, meter_id)
        VALUES (385, '2012-1-22', false, 598);
INSERT INTO Meter_reading(value, date, paid, meter_id)
        VALUES (430, '2012-1-25', false, 598);
INSERT INTO Meter_reading(value, date, paid, meter_id)
        VALUES (432, '2012-2-12', false, 598);
INSERT INTO Meter_reading(value, date, paid, meter_id)
        VALUES (447, '2012-2-19', false, 598);
INSERT INTO Meter_reading(value, date, paid, meter_id)
        VALUES (471, '2012-3-5', false, 598);
INSERT INTO Meter_reading(value, date, paid, meter_id)
        VALUES (504, '2012-3-18', false, 598);
INSERT INTO Meter_reading(value, date, paid, meter_id)
        VALUES (551, '2012-4-2', false, 598);
INSERT INTO Meter_reading(value, date, paid, meter_id)
        VALUES (268, '2012-1-8', false, 599);
INSERT INTO Meter_reading(value, date, paid, meter_id)
        VALUES (271, '2012-1-10', false, 599);
INSERT INTO Meter_reading(value, date, paid, meter_id)
        VALUES (291, '2012-1-19', false, 599);
INSERT INTO Meter_reading(value, date, paid, meter_id)
        VALUES (309, '2012-2-1', false, 599);
INSERT INTO Meter_reading(value, date, paid, meter_id)
        VALUES (312, '2012-2-13', false, 599);
INSERT INTO Meter_reading(value, date, paid, meter_id)
        VALUES (325, '2012-2-27', false, 599);
INSERT INTO Meter_reading(value, date, paid, meter_id)
        VALUES (341, '2012-3-7', false, 599);
INSERT INTO Meter_reading(value, date, paid, meter_id)
        VALUES (349, '2012-3-14', false, 599);
INSERT INTO Meter_reading(value, date, paid, meter_id)
        VALUES (359, '2012-3-16', false, 599);
INSERT INTO person(person_id, name, surname, paternal_name, registration_date, email, password_hash, is_admin) 
    VALUES (300, 'test300', 'test300', '', '01/01/2012', 'test300', '098f6bcd4621d373cade4e832627b4f6', false);
INSERT INTO dweller VALUES (300);
INSERT INTO flat(flat_id, area, flat_number, balance, cladr_id, building_id)
    VALUES (300, 154, 300, 0, 1, 1);
INSERT INTO dweller_lives_in_flat(person_id, flat_id)
    VALUES (300, 300);
INSERT INTO meter(meter_id, installation_date, type, title, meter_unit_id, active, flat_id)
    VALUES (600, '01/01/2012', 'Water', 'Cold water in kitchen test300', 1, true, 300);
INSERT INTO meter(meter_id, installation_date, type, title, meter_unit_id, active, flat_id)
    VALUES (601, '01/01/2012', 'Electricity', 'Electricity in hall test300', 2, true, 300);
INSERT INTO Meter_reading(value, date, paid, meter_id)
        VALUES (293, '2012-1-4', false, 600);
INSERT INTO Meter_reading(value, date, paid, meter_id)
        VALUES (311, '2012-1-7', false, 600);
INSERT INTO Meter_reading(value, date, paid, meter_id)
        VALUES (325, '2012-1-14', false, 600);
INSERT INTO Meter_reading(value, date, paid, meter_id)
        VALUES (342, '2012-1-15', false, 600);
INSERT INTO Meter_reading(value, date, paid, meter_id)
        VALUES (368, '2012-1-23', false, 600);
INSERT INTO Meter_reading(value, date, paid, meter_id)
        VALUES (381, '2012-2-10', false, 600);
INSERT INTO Meter_reading(value, date, paid, meter_id)
        VALUES (396, '2012-2-16', false, 600);
INSERT INTO Meter_reading(value, date, paid, meter_id)
        VALUES (412, '2012-2-20', false, 600);
INSERT INTO Meter_reading(value, date, paid, meter_id)
        VALUES (441, '2012-2-26', false, 600);
INSERT INTO Meter_reading(value, date, paid, meter_id)
        VALUES (469, '2012-3-6', false, 600);
INSERT INTO Meter_reading(value, date, paid, meter_id)
        VALUES (492, '2012-3-16', false, 600);
INSERT INTO Meter_reading(value, date, paid, meter_id)
        VALUES (504, '2012-3-21', false, 600);
INSERT INTO Meter_reading(value, date, paid, meter_id)
        VALUES (527, '2012-3-23', false, 600);
INSERT INTO Meter_reading(value, date, paid, meter_id)
        VALUES (550, '2012-3-25', false, 600);
INSERT INTO Meter_reading(value, date, paid, meter_id)
        VALUES (136, '2012-1-13', false, 601);
INSERT INTO Meter_reading(value, date, paid, meter_id)
        VALUES (141, '2012-1-24', false, 601);
INSERT INTO Meter_reading(value, date, paid, meter_id)
        VALUES (153, '2012-2-10', false, 601);
INSERT INTO Meter_reading(value, date, paid, meter_id)
        VALUES (164, '2012-2-22', false, 601);
INSERT INTO Meter_reading(value, date, paid, meter_id)
        VALUES (185, '2012-2-25', false, 601);
INSERT INTO Meter_reading(value, date, paid, meter_id)
        VALUES (187, '2012-2-26', false, 601);
INSERT INTO Meter_reading(value, date, paid, meter_id)
        VALUES (191, '2012-3-1', false, 601);
INSERT INTO person(person_id, name, surname, paternal_name, registration_date, email, password_hash, is_admin) 
    VALUES (301, 'test301', 'test301', '', '01/01/2012', 'test301', '098f6bcd4621d373cade4e832627b4f6', false);
INSERT INTO dweller VALUES (301);
INSERT INTO flat(flat_id, area, flat_number, balance, cladr_id, building_id)
    VALUES (301, 100, 301, 0, 1, 1);
INSERT INTO dweller_lives_in_flat(person_id, flat_id)
    VALUES (301, 301);
INSERT INTO meter(meter_id, installation_date, type, title, meter_unit_id, active, flat_id)
    VALUES (602, '01/01/2012', 'Water', 'Cold water in kitchen test301', 1, true, 301);
INSERT INTO meter(meter_id, installation_date, type, title, meter_unit_id, active, flat_id)
    VALUES (603, '01/01/2012', 'Electricity', 'Electricity in hall test301', 2, true, 301);
INSERT INTO Meter_reading(value, date, paid, meter_id)
        VALUES (173, '2012-1-6', false, 602);
INSERT INTO Meter_reading(value, date, paid, meter_id)
        VALUES (206, '2012-1-10', false, 602);
INSERT INTO Meter_reading(value, date, paid, meter_id)
        VALUES (211, '2012-1-12', false, 602);
INSERT INTO Meter_reading(value, date, paid, meter_id)
        VALUES (218, '2012-1-13', false, 602);
INSERT INTO Meter_reading(value, date, paid, meter_id)
        VALUES (251, '2012-1-14', false, 602);
INSERT INTO Meter_reading(value, date, paid, meter_id)
        VALUES (289, '2012-1-17', false, 602);
INSERT INTO Meter_reading(value, date, paid, meter_id)
        VALUES (244, '2012-1-11', false, 603);
INSERT INTO Meter_reading(value, date, paid, meter_id)
        VALUES (270, '2012-1-23', false, 603);
INSERT INTO Meter_reading(value, date, paid, meter_id)
        VALUES (296, '2012-2-2', false, 603);
INSERT INTO Meter_reading(value, date, paid, meter_id)
        VALUES (298, '2012-2-5', false, 603);
INSERT INTO Meter_reading(value, date, paid, meter_id)
        VALUES (323, '2012-2-12', false, 603);
INSERT INTO Meter_reading(value, date, paid, meter_id)
        VALUES (332, '2012-2-14', false, 603);
INSERT INTO Meter_reading(value, date, paid, meter_id)
        VALUES (355, '2012-2-26', false, 603);
INSERT INTO Meter_reading(value, date, paid, meter_id)
        VALUES (384, '2012-3-5', false, 603);
INSERT INTO Meter_reading(value, date, paid, meter_id)
        VALUES (397, '2012-3-17', false, 603);
INSERT INTO Meter_reading(value, date, paid, meter_id)
        VALUES (426, '2012-3-18', false, 603);
INSERT INTO Meter_reading(value, date, paid, meter_id)
        VALUES (446, '2012-4-1', false, 603);
INSERT INTO Meter_reading(value, date, paid, meter_id)
        VALUES (449, '2012-4-7', false, 603);
INSERT INTO person(person_id, name, surname, paternal_name, registration_date, email, password_hash, is_admin) 
    VALUES (302, 'test302', 'test302', '', '01/01/2012', 'test302', '098f6bcd4621d373cade4e832627b4f6', false);
INSERT INTO dweller VALUES (302);
INSERT INTO flat(flat_id, area, flat_number, balance, cladr_id, building_id)
    VALUES (302, 101, 302, 0, 1, 1);
INSERT INTO dweller_lives_in_flat(person_id, flat_id)
    VALUES (302, 302);
INSERT INTO meter(meter_id, installation_date, type, title, meter_unit_id, active, flat_id)
    VALUES (604, '01/01/2012', 'Water', 'Cold water in kitchen test302', 1, true, 302);
INSERT INTO meter(meter_id, installation_date, type, title, meter_unit_id, active, flat_id)
    VALUES (605, '01/01/2012', 'Electricity', 'Electricity in hall test302', 2, true, 302);
INSERT INTO Meter_reading(value, date, paid, meter_id)
        VALUES (112, '2012-1-3', false, 604);
INSERT INTO Meter_reading(value, date, paid, meter_id)
        VALUES (140, '2012-1-14', false, 604);
INSERT INTO Meter_reading(value, date, paid, meter_id)
        VALUES (146, '2012-2-1', false, 604);
INSERT INTO Meter_reading(value, date, paid, meter_id)
        VALUES (147, '2012-2-10', false, 604);
INSERT INTO Meter_reading(value, date, paid, meter_id)
        VALUES (171, '2012-2-12', false, 604);
INSERT INTO Meter_reading(value, date, paid, meter_id)
        VALUES (199, '2012-2-20', false, 604);
INSERT INTO Meter_reading(value, date, paid, meter_id)
        VALUES (225, '2012-2-24', false, 604);
INSERT INTO Meter_reading(value, date, paid, meter_id)
        VALUES (230, '2012-3-8', false, 604);
INSERT INTO Meter_reading(value, date, paid, meter_id)
        VALUES (253, '2012-3-21', false, 604);
INSERT INTO Meter_reading(value, date, paid, meter_id)
        VALUES (261, '2012-4-3', false, 604);
INSERT INTO Meter_reading(value, date, paid, meter_id)
        VALUES (288, '2012-4-14', false, 604);
INSERT INTO Meter_reading(value, date, paid, meter_id)
        VALUES (269, '2012-1-12', false, 605);
INSERT INTO Meter_reading(value, date, paid, meter_id)
        VALUES (285, '2012-1-25', false, 605);
INSERT INTO Meter_reading(value, date, paid, meter_id)
        VALUES (297, '2012-2-12', false, 605);
INSERT INTO Meter_reading(value, date, paid, meter_id)
        VALUES (324, '2012-2-22', false, 605);
INSERT INTO Meter_reading(value, date, paid, meter_id)
        VALUES (325, '2012-3-2', false, 605);
INSERT INTO Meter_reading(value, date, paid, meter_id)
        VALUES (332, '2012-3-5', false, 605);
INSERT INTO Meter_reading(value, date, paid, meter_id)
        VALUES (336, '2012-3-14', false, 605);
INSERT INTO Meter_reading(value, date, paid, meter_id)
        VALUES (352, '2012-3-17', false, 605);
INSERT INTO Meter_reading(value, date, paid, meter_id)
        VALUES (378, '2012-4-4', false, 605);
INSERT INTO Meter_reading(value, date, paid, meter_id)
        VALUES (402, '2012-4-10', false, 605);
INSERT INTO Meter_reading(value, date, paid, meter_id)
        VALUES (411, '2012-4-22', false, 605);
INSERT INTO person(person_id, name, surname, paternal_name, registration_date, email, password_hash, is_admin) 
    VALUES (303, 'test303', 'test303', '', '01/01/2012', 'test303', '098f6bcd4621d373cade4e832627b4f6', false);
INSERT INTO dweller VALUES (303);
INSERT INTO flat(flat_id, area, flat_number, balance, cladr_id, building_id)
    VALUES (303, 165, 303, 0, 1, 1);
INSERT INTO dweller_lives_in_flat(person_id, flat_id)
    VALUES (303, 303);
INSERT INTO meter(meter_id, installation_date, type, title, meter_unit_id, active, flat_id)
    VALUES (606, '01/01/2012', 'Water', 'Cold water in kitchen test303', 1, true, 303);
INSERT INTO meter(meter_id, installation_date, type, title, meter_unit_id, active, flat_id)
    VALUES (607, '01/01/2012', 'Electricity', 'Electricity in hall test303', 2, true, 303);
INSERT INTO Meter_reading(value, date, paid, meter_id)
        VALUES (279, '2012-1-14', false, 606);
INSERT INTO Meter_reading(value, date, paid, meter_id)
        VALUES (292, '2012-1-27', false, 606);
INSERT INTO Meter_reading(value, date, paid, meter_id)
        VALUES (304, '2012-2-5', false, 606);
INSERT INTO Meter_reading(value, date, paid, meter_id)
        VALUES (320, '2012-2-12', false, 606);
INSERT INTO Meter_reading(value, date, paid, meter_id)
        VALUES (343, '2012-2-15', false, 606);
INSERT INTO Meter_reading(value, date, paid, meter_id)
        VALUES (197, '2012-1-4', false, 607);
INSERT INTO Meter_reading(value, date, paid, meter_id)
        VALUES (208, '2012-1-13', false, 607);
INSERT INTO Meter_reading(value, date, paid, meter_id)
        VALUES (236, '2012-1-23', false, 607);
INSERT INTO Meter_reading(value, date, paid, meter_id)
        VALUES (247, '2012-2-10', false, 607);
INSERT INTO Meter_reading(value, date, paid, meter_id)
        VALUES (257, '2012-2-19', false, 607);
INSERT INTO Meter_reading(value, date, paid, meter_id)
        VALUES (272, '2012-3-2', false, 607);
INSERT INTO person(person_id, name, surname, paternal_name, registration_date, email, password_hash, is_admin) 
    VALUES (304, 'test304', 'test304', '', '01/01/2012', 'test304', '098f6bcd4621d373cade4e832627b4f6', false);
INSERT INTO dweller VALUES (304);
INSERT INTO flat(flat_id, area, flat_number, balance, cladr_id, building_id)
    VALUES (304, 269, 304, 0, 1, 1);
INSERT INTO dweller_lives_in_flat(person_id, flat_id)
    VALUES (304, 304);
INSERT INTO meter(meter_id, installation_date, type, title, meter_unit_id, active, flat_id)
    VALUES (608, '01/01/2012', 'Water', 'Cold water in kitchen test304', 1, true, 304);
INSERT INTO meter(meter_id, installation_date, type, title, meter_unit_id, active, flat_id)
    VALUES (609, '01/01/2012', 'Electricity', 'Electricity in hall test304', 2, true, 304);
INSERT INTO Meter_reading(value, date, paid, meter_id)
        VALUES (87, '2012-1-9', false, 608);
INSERT INTO Meter_reading(value, date, paid, meter_id)
        VALUES (132, '2012-1-21', false, 608);
INSERT INTO Meter_reading(value, date, paid, meter_id)
        VALUES (171, '2012-2-3', false, 608);
INSERT INTO Meter_reading(value, date, paid, meter_id)
        VALUES (202, '2012-2-12', false, 608);
INSERT INTO Meter_reading(value, date, paid, meter_id)
        VALUES (203, '2012-2-16', false, 608);
INSERT INTO Meter_reading(value, date, paid, meter_id)
        VALUES (76, '2012-1-12', false, 609);
INSERT INTO Meter_reading(value, date, paid, meter_id)
        VALUES (84, '2012-1-20', false, 609);
INSERT INTO Meter_reading(value, date, paid, meter_id)
        VALUES (93, '2012-2-6', false, 609);
INSERT INTO Meter_reading(value, date, paid, meter_id)
        VALUES (100, '2012-2-15', false, 609);
INSERT INTO Meter_reading(value, date, paid, meter_id)
        VALUES (126, '2012-2-18', false, 609);
INSERT INTO Meter_reading(value, date, paid, meter_id)
        VALUES (143, '2012-2-26', false, 609);
INSERT INTO Meter_reading(value, date, paid, meter_id)
        VALUES (144, '2012-3-4', false, 609);
INSERT INTO person(person_id, name, surname, paternal_name, registration_date, email, password_hash, is_admin) 
    VALUES (305, 'test305', 'test305', '', '01/01/2012', 'test305', '098f6bcd4621d373cade4e832627b4f6', false);
INSERT INTO dweller VALUES (305);
INSERT INTO flat(flat_id, area, flat_number, balance, cladr_id, building_id)
    VALUES (305, 106, 305, 0, 1, 1);
INSERT INTO dweller_lives_in_flat(person_id, flat_id)
    VALUES (305, 305);
INSERT INTO meter(meter_id, installation_date, type, title, meter_unit_id, active, flat_id)
    VALUES (610, '01/01/2012', 'Water', 'Cold water in kitchen test305', 1, true, 305);
INSERT INTO meter(meter_id, installation_date, type, title, meter_unit_id, active, flat_id)
    VALUES (611, '01/01/2012', 'Electricity', 'Electricity in hall test305', 2, true, 305);
INSERT INTO Meter_reading(value, date, paid, meter_id)
        VALUES (163, '2012-1-16', false, 610);
INSERT INTO Meter_reading(value, date, paid, meter_id)
        VALUES (194, '2012-1-20', false, 610);
INSERT INTO Meter_reading(value, date, paid, meter_id)
        VALUES (274, '2012-2-4', false, 610);
INSERT INTO Meter_reading(value, date, paid, meter_id)
        VALUES (363, '2012-2-12', false, 610);
INSERT INTO Meter_reading(value, date, paid, meter_id)
        VALUES (420, '2012-2-16', false, 610);
INSERT INTO Meter_reading(value, date, paid, meter_id)
        VALUES (459, '2012-2-21', false, 610);
INSERT INTO Meter_reading(value, date, paid, meter_id)
        VALUES (521, '2012-3-6', false, 610);
INSERT INTO Meter_reading(value, date, paid, meter_id)
        VALUES (602, '2012-3-16', false, 610);
INSERT INTO Meter_reading(value, date, paid, meter_id)
        VALUES (683, '2012-4-2', false, 610);
INSERT INTO Meter_reading(value, date, paid, meter_id)
        VALUES (220, '2012-1-7', false, 611);
INSERT INTO Meter_reading(value, date, paid, meter_id)
        VALUES (226, '2012-1-18', false, 611);
INSERT INTO Meter_reading(value, date, paid, meter_id)
        VALUES (254, '2012-1-25', false, 611);
INSERT INTO Meter_reading(value, date, paid, meter_id)
        VALUES (279, '2012-1-27', false, 611);
INSERT INTO Meter_reading(value, date, paid, meter_id)
        VALUES (304, '2012-2-13', false, 611);
INSERT INTO Meter_reading(value, date, paid, meter_id)
        VALUES (323, '2012-2-26', false, 611);
INSERT INTO Meter_reading(value, date, paid, meter_id)
        VALUES (332, '2012-3-12', false, 611);
INSERT INTO Meter_reading(value, date, paid, meter_id)
        VALUES (357, '2012-3-24', false, 611);
INSERT INTO Meter_reading(value, date, paid, meter_id)
        VALUES (364, '2012-4-10', false, 611);
INSERT INTO Meter_reading(value, date, paid, meter_id)
        VALUES (375, '2012-4-20', false, 611);
INSERT INTO Meter_reading(value, date, paid, meter_id)
        VALUES (380, '2012-5-1', false, 611);
INSERT INTO Meter_reading(value, date, paid, meter_id)
        VALUES (403, '2012-5-2', false, 611);
INSERT INTO Meter_reading(value, date, paid, meter_id)
        VALUES (411, '2012-5-16', false, 611);
INSERT INTO person(person_id, name, surname, paternal_name, registration_date, email, password_hash, is_admin) 
    VALUES (306, 'test306', 'test306', '', '01/01/2012', 'test306', '098f6bcd4621d373cade4e832627b4f6', false);
INSERT INTO dweller VALUES (306);
INSERT INTO flat(flat_id, area, flat_number, balance, cladr_id, building_id)
    VALUES (306, 162, 306, 0, 1, 1);
INSERT INTO dweller_lives_in_flat(person_id, flat_id)
    VALUES (306, 306);
INSERT INTO meter(meter_id, installation_date, type, title, meter_unit_id, active, flat_id)
    VALUES (612, '01/01/2012', 'Water', 'Cold water in kitchen test306', 1, true, 306);
INSERT INTO meter(meter_id, installation_date, type, title, meter_unit_id, active, flat_id)
    VALUES (613, '01/01/2012', 'Electricity', 'Electricity in hall test306', 2, true, 306);
INSERT INTO Meter_reading(value, date, paid, meter_id)
        VALUES (268, '2012-1-5', false, 612);
INSERT INTO Meter_reading(value, date, paid, meter_id)
        VALUES (301, '2012-1-9', false, 612);
INSERT INTO Meter_reading(value, date, paid, meter_id)
        VALUES (330, '2012-1-13', false, 612);
INSERT INTO Meter_reading(value, date, paid, meter_id)
        VALUES (373, '2012-1-26', false, 612);
INSERT INTO Meter_reading(value, date, paid, meter_id)
        VALUES (417, '2012-2-11', false, 612);
INSERT INTO Meter_reading(value, date, paid, meter_id)
        VALUES (450, '2012-2-18', false, 612);
INSERT INTO Meter_reading(value, date, paid, meter_id)
        VALUES (478, '2012-2-25', false, 612);
INSERT INTO Meter_reading(value, date, paid, meter_id)
        VALUES (505, '2012-3-6', false, 612);
INSERT INTO Meter_reading(value, date, paid, meter_id)
        VALUES (506, '2012-3-11', false, 612);
INSERT INTO Meter_reading(value, date, paid, meter_id)
        VALUES (522, '2012-3-15', false, 612);
INSERT INTO Meter_reading(value, date, paid, meter_id)
        VALUES (530, '2012-3-19', false, 612);
INSERT INTO Meter_reading(value, date, paid, meter_id)
        VALUES (114, '2012-1-6', false, 613);
INSERT INTO Meter_reading(value, date, paid, meter_id)
        VALUES (136, '2012-1-9', false, 613);
INSERT INTO Meter_reading(value, date, paid, meter_id)
        VALUES (186, '2012-1-23', false, 613);
INSERT INTO Meter_reading(value, date, paid, meter_id)
        VALUES (189, '2012-2-1', false, 613);
INSERT INTO Meter_reading(value, date, paid, meter_id)
        VALUES (241, '2012-2-6', false, 613);
INSERT INTO person(person_id, name, surname, paternal_name, registration_date, email, password_hash, is_admin) 
    VALUES (307, 'test307', 'test307', '', '01/01/2012', 'test307', '098f6bcd4621d373cade4e832627b4f6', false);
INSERT INTO dweller VALUES (307);
INSERT INTO flat(flat_id, area, flat_number, balance, cladr_id, building_id)
    VALUES (307, 61, 307, 0, 1, 1);
INSERT INTO dweller_lives_in_flat(person_id, flat_id)
    VALUES (307, 307);
INSERT INTO meter(meter_id, installation_date, type, title, meter_unit_id, active, flat_id)
    VALUES (614, '01/01/2012', 'Water', 'Cold water in kitchen test307', 1, true, 307);
INSERT INTO meter(meter_id, installation_date, type, title, meter_unit_id, active, flat_id)
    VALUES (615, '01/01/2012', 'Electricity', 'Electricity in hall test307', 2, true, 307);
INSERT INTO Meter_reading(value, date, paid, meter_id)
        VALUES (35, '2012-1-12', false, 614);
INSERT INTO Meter_reading(value, date, paid, meter_id)
        VALUES (79, '2012-1-17', false, 614);
INSERT INTO Meter_reading(value, date, paid, meter_id)
        VALUES (151, '2012-1-24', false, 614);
INSERT INTO Meter_reading(value, date, paid, meter_id)
        VALUES (153, '2012-2-10', false, 614);
INSERT INTO Meter_reading(value, date, paid, meter_id)
        VALUES (168, '2012-2-23', false, 614);
INSERT INTO Meter_reading(value, date, paid, meter_id)
        VALUES (251, '2012-2-27', false, 614);
INSERT INTO Meter_reading(value, date, paid, meter_id)
        VALUES (254, '2012-3-6', false, 614);
INSERT INTO Meter_reading(value, date, paid, meter_id)
        VALUES (320, '2012-3-20', false, 614);
INSERT INTO Meter_reading(value, date, paid, meter_id)
        VALUES (380, '2012-4-4', false, 614);
INSERT INTO Meter_reading(value, date, paid, meter_id)
        VALUES (401, '2012-4-12', false, 614);
INSERT INTO Meter_reading(value, date, paid, meter_id)
        VALUES (470, '2012-4-13', false, 614);
INSERT INTO Meter_reading(value, date, paid, meter_id)
        VALUES (495, '2012-4-18', false, 614);
INSERT INTO Meter_reading(value, date, paid, meter_id)
        VALUES (559, '2012-5-3', false, 614);
INSERT INTO Meter_reading(value, date, paid, meter_id)
        VALUES (633, '2012-5-4', false, 614);
INSERT INTO Meter_reading(value, date, paid, meter_id)
        VALUES (292, '2012-1-10', false, 615);
INSERT INTO Meter_reading(value, date, paid, meter_id)
        VALUES (318, '2012-1-23', false, 615);
INSERT INTO Meter_reading(value, date, paid, meter_id)
        VALUES (344, '2012-2-7', false, 615);
INSERT INTO Meter_reading(value, date, paid, meter_id)
        VALUES (350, '2012-2-17', false, 615);
INSERT INTO Meter_reading(value, date, paid, meter_id)
        VALUES (358, '2012-3-4', false, 615);
INSERT INTO Meter_reading(value, date, paid, meter_id)
        VALUES (363, '2012-3-12', false, 615);
INSERT INTO Meter_reading(value, date, paid, meter_id)
        VALUES (385, '2012-3-26', false, 615);
INSERT INTO Meter_reading(value, date, paid, meter_id)
        VALUES (402, '2012-4-10', false, 615);
INSERT INTO Meter_reading(value, date, paid, meter_id)
        VALUES (428, '2012-4-15', false, 615);
INSERT INTO person(person_id, name, surname, paternal_name, registration_date, email, password_hash, is_admin) 
    VALUES (308, 'test308', 'test308', '', '01/01/2012', 'test308', '098f6bcd4621d373cade4e832627b4f6', false);
INSERT INTO dweller VALUES (308);
INSERT INTO flat(flat_id, area, flat_number, balance, cladr_id, building_id)
    VALUES (308, 184, 308, 0, 1, 1);
INSERT INTO dweller_lives_in_flat(person_id, flat_id)
    VALUES (308, 308);
INSERT INTO meter(meter_id, installation_date, type, title, meter_unit_id, active, flat_id)
    VALUES (616, '01/01/2012', 'Water', 'Cold water in kitchen test308', 1, true, 308);
INSERT INTO meter(meter_id, installation_date, type, title, meter_unit_id, active, flat_id)
    VALUES (617, '01/01/2012', 'Electricity', 'Electricity in hall test308', 2, true, 308);
INSERT INTO Meter_reading(value, date, paid, meter_id)
        VALUES (258, '2012-1-8', false, 616);
INSERT INTO Meter_reading(value, date, paid, meter_id)
        VALUES (268, '2012-1-13', false, 616);
INSERT INTO Meter_reading(value, date, paid, meter_id)
        VALUES (295, '2012-1-17', false, 616);
INSERT INTO Meter_reading(value, date, paid, meter_id)
        VALUES (311, '2012-1-23', false, 616);
INSERT INTO Meter_reading(value, date, paid, meter_id)
        VALUES (328, '2012-2-8', false, 616);
INSERT INTO Meter_reading(value, date, paid, meter_id)
        VALUES (351, '2012-2-15', false, 616);
INSERT INTO Meter_reading(value, date, paid, meter_id)
        VALUES (367, '2012-2-18', false, 616);
INSERT INTO Meter_reading(value, date, paid, meter_id)
        VALUES (384, '2012-3-5', false, 616);
INSERT INTO Meter_reading(value, date, paid, meter_id)
        VALUES (411, '2012-3-17', false, 616);
INSERT INTO Meter_reading(value, date, paid, meter_id)
        VALUES (434, '2012-3-24', false, 616);
INSERT INTO Meter_reading(value, date, paid, meter_id)
        VALUES (193, '2012-1-14', false, 617);
INSERT INTO Meter_reading(value, date, paid, meter_id)
        VALUES (194, '2012-1-15', false, 617);
INSERT INTO Meter_reading(value, date, paid, meter_id)
        VALUES (222, '2012-1-22', false, 617);
INSERT INTO Meter_reading(value, date, paid, meter_id)
        VALUES (233, '2012-1-24', false, 617);
INSERT INTO Meter_reading(value, date, paid, meter_id)
        VALUES (237, '2012-2-9', false, 617);
INSERT INTO Meter_reading(value, date, paid, meter_id)
        VALUES (253, '2012-2-16', false, 617);
INSERT INTO person(person_id, name, surname, paternal_name, registration_date, email, password_hash, is_admin) 
    VALUES (309, 'test309', 'test309', '', '01/01/2012', 'test309', '098f6bcd4621d373cade4e832627b4f6', false);
INSERT INTO dweller VALUES (309);
INSERT INTO flat(flat_id, area, flat_number, balance, cladr_id, building_id)
    VALUES (309, 275, 309, 0, 1, 1);
INSERT INTO dweller_lives_in_flat(person_id, flat_id)
    VALUES (309, 309);
INSERT INTO meter(meter_id, installation_date, type, title, meter_unit_id, active, flat_id)
    VALUES (618, '01/01/2012', 'Water', 'Cold water in kitchen test309', 1, true, 309);
INSERT INTO meter(meter_id, installation_date, type, title, meter_unit_id, active, flat_id)
    VALUES (619, '01/01/2012', 'Electricity', 'Electricity in hall test309', 2, true, 309);
INSERT INTO Meter_reading(value, date, paid, meter_id)
        VALUES (274, '2012-1-5', false, 618);
INSERT INTO Meter_reading(value, date, paid, meter_id)
        VALUES (303, '2012-1-8', false, 618);
INSERT INTO Meter_reading(value, date, paid, meter_id)
        VALUES (331, '2012-1-22', false, 618);
INSERT INTO Meter_reading(value, date, paid, meter_id)
        VALUES (346, '2012-2-6', false, 618);
INSERT INTO Meter_reading(value, date, paid, meter_id)
        VALUES (367, '2012-2-10', false, 618);
INSERT INTO Meter_reading(value, date, paid, meter_id)
        VALUES (287, '2012-1-13', false, 619);
INSERT INTO Meter_reading(value, date, paid, meter_id)
        VALUES (288, '2012-1-19', false, 619);
INSERT INTO Meter_reading(value, date, paid, meter_id)
        VALUES (311, '2012-2-1', false, 619);
INSERT INTO Meter_reading(value, date, paid, meter_id)
        VALUES (338, '2012-2-5', false, 619);
INSERT INTO Meter_reading(value, date, paid, meter_id)
        VALUES (345, '2012-2-11', false, 619);
INSERT INTO Meter_reading(value, date, paid, meter_id)
        VALUES (353, '2012-2-20', false, 619);
INSERT INTO Meter_reading(value, date, paid, meter_id)
        VALUES (376, '2012-3-7', false, 619);
INSERT INTO Meter_reading(value, date, paid, meter_id)
        VALUES (399, '2012-3-14', false, 619);
INSERT INTO Meter_reading(value, date, paid, meter_id)
        VALUES (412, '2012-3-26', false, 619);
INSERT INTO Meter_reading(value, date, paid, meter_id)
        VALUES (423, '2012-4-4', false, 619);
INSERT INTO Meter_reading(value, date, paid, meter_id)
        VALUES (452, '2012-4-10', false, 619);
INSERT INTO person(person_id, name, surname, paternal_name, registration_date, email, password_hash, is_admin) 
    VALUES (310, 'test310', 'test310', '', '01/01/2012', 'test310', '098f6bcd4621d373cade4e832627b4f6', false);
INSERT INTO dweller VALUES (310);
INSERT INTO flat(flat_id, area, flat_number, balance, cladr_id, building_id)
    VALUES (310, 148, 310, 0, 1, 1);
INSERT INTO dweller_lives_in_flat(person_id, flat_id)
    VALUES (310, 310);
INSERT INTO meter(meter_id, installation_date, type, title, meter_unit_id, active, flat_id)
    VALUES (620, '01/01/2012', 'Water', 'Cold water in kitchen test310', 1, true, 310);
INSERT INTO meter(meter_id, installation_date, type, title, meter_unit_id, active, flat_id)
    VALUES (621, '01/01/2012', 'Electricity', 'Electricity in hall test310', 2, true, 310);
INSERT INTO Meter_reading(value, date, paid, meter_id)
        VALUES (145, '2012-1-15', false, 620);
INSERT INTO Meter_reading(value, date, paid, meter_id)
        VALUES (180, '2012-2-2', false, 620);
INSERT INTO Meter_reading(value, date, paid, meter_id)
        VALUES (185, '2012-2-3', false, 620);
INSERT INTO Meter_reading(value, date, paid, meter_id)
        VALUES (210, '2012-2-11', false, 620);
INSERT INTO Meter_reading(value, date, paid, meter_id)
        VALUES (231, '2012-2-23', false, 620);
INSERT INTO Meter_reading(value, date, paid, meter_id)
        VALUES (260, '2012-3-8', false, 620);
INSERT INTO Meter_reading(value, date, paid, meter_id)
        VALUES (308, '2012-3-14', false, 620);
INSERT INTO Meter_reading(value, date, paid, meter_id)
        VALUES (360, '2012-3-23', false, 620);
INSERT INTO Meter_reading(value, date, paid, meter_id)
        VALUES (430, '2012-4-1', false, 620);
INSERT INTO Meter_reading(value, date, paid, meter_id)
        VALUES (432, '2012-4-6', false, 620);
INSERT INTO Meter_reading(value, date, paid, meter_id)
        VALUES (434, '2012-4-20', false, 620);
INSERT INTO Meter_reading(value, date, paid, meter_id)
        VALUES (455, '2012-4-27', false, 620);
INSERT INTO Meter_reading(value, date, paid, meter_id)
        VALUES (473, '2012-5-3', false, 620);
INSERT INTO Meter_reading(value, date, paid, meter_id)
        VALUES (256, '2012-1-7', false, 621);
INSERT INTO Meter_reading(value, date, paid, meter_id)
        VALUES (282, '2012-1-20', false, 621);
INSERT INTO Meter_reading(value, date, paid, meter_id)
        VALUES (292, '2012-2-7', false, 621);
INSERT INTO Meter_reading(value, date, paid, meter_id)
        VALUES (319, '2012-2-17', false, 621);
INSERT INTO Meter_reading(value, date, paid, meter_id)
        VALUES (335, '2012-2-26', false, 621);
INSERT INTO Meter_reading(value, date, paid, meter_id)
        VALUES (345, '2012-3-13', false, 621);
INSERT INTO Meter_reading(value, date, paid, meter_id)
        VALUES (353, '2012-3-23', false, 621);
INSERT INTO person(person_id, name, surname, paternal_name, registration_date, email, password_hash, is_admin) 
    VALUES (311, 'test311', 'test311', '', '01/01/2012', 'test311', '098f6bcd4621d373cade4e832627b4f6', false);
INSERT INTO dweller VALUES (311);
INSERT INTO flat(flat_id, area, flat_number, balance, cladr_id, building_id)
    VALUES (311, 154, 311, 0, 1, 1);
INSERT INTO dweller_lives_in_flat(person_id, flat_id)
    VALUES (311, 311);
INSERT INTO meter(meter_id, installation_date, type, title, meter_unit_id, active, flat_id)
    VALUES (622, '01/01/2012', 'Water', 'Cold water in kitchen test311', 1, true, 311);
INSERT INTO meter(meter_id, installation_date, type, title, meter_unit_id, active, flat_id)
    VALUES (623, '01/01/2012', 'Electricity', 'Electricity in hall test311', 2, true, 311);
INSERT INTO Meter_reading(value, date, paid, meter_id)
        VALUES (99, '2012-1-3', false, 622);
INSERT INTO Meter_reading(value, date, paid, meter_id)
        VALUES (125, '2012-1-5', false, 622);
INSERT INTO Meter_reading(value, date, paid, meter_id)
        VALUES (149, '2012-1-8', false, 622);
INSERT INTO Meter_reading(value, date, paid, meter_id)
        VALUES (160, '2012-1-9', false, 622);
INSERT INTO Meter_reading(value, date, paid, meter_id)
        VALUES (169, '2012-1-18', false, 622);
INSERT INTO Meter_reading(value, date, paid, meter_id)
        VALUES (198, '2012-2-4', false, 622);
INSERT INTO Meter_reading(value, date, paid, meter_id)
        VALUES (213, '2012-2-13', false, 622);
INSERT INTO Meter_reading(value, date, paid, meter_id)
        VALUES (78, '2012-1-8', false, 623);
INSERT INTO Meter_reading(value, date, paid, meter_id)
        VALUES (118, '2012-1-13', false, 623);
INSERT INTO Meter_reading(value, date, paid, meter_id)
        VALUES (215, '2012-1-26', false, 623);
INSERT INTO Meter_reading(value, date, paid, meter_id)
        VALUES (222, '2012-2-9', false, 623);
INSERT INTO Meter_reading(value, date, paid, meter_id)
        VALUES (244, '2012-2-18', false, 623);
INSERT INTO Meter_reading(value, date, paid, meter_id)
        VALUES (301, '2012-2-21', false, 623);
INSERT INTO Meter_reading(value, date, paid, meter_id)
        VALUES (305, '2012-2-23', false, 623);
INSERT INTO Meter_reading(value, date, paid, meter_id)
        VALUES (319, '2012-3-6', false, 623);
INSERT INTO Meter_reading(value, date, paid, meter_id)
        VALUES (396, '2012-3-16', false, 623);
INSERT INTO Meter_reading(value, date, paid, meter_id)
        VALUES (469, '2012-4-3', false, 623);
INSERT INTO Meter_reading(value, date, paid, meter_id)
        VALUES (476, '2012-4-12', false, 623);
INSERT INTO person(person_id, name, surname, paternal_name, registration_date, email, password_hash, is_admin) 
    VALUES (312, 'test312', 'test312', '', '01/01/2012', 'test312', '098f6bcd4621d373cade4e832627b4f6', false);
INSERT INTO dweller VALUES (312);
INSERT INTO flat(flat_id, area, flat_number, balance, cladr_id, building_id)
    VALUES (312, 107, 312, 0, 1, 1);
INSERT INTO dweller_lives_in_flat(person_id, flat_id)
    VALUES (312, 312);
INSERT INTO meter(meter_id, installation_date, type, title, meter_unit_id, active, flat_id)
    VALUES (624, '01/01/2012', 'Water', 'Cold water in kitchen test312', 1, true, 312);
INSERT INTO meter(meter_id, installation_date, type, title, meter_unit_id, active, flat_id)
    VALUES (625, '01/01/2012', 'Electricity', 'Electricity in hall test312', 2, true, 312);
INSERT INTO Meter_reading(value, date, paid, meter_id)
        VALUES (92, '2012-1-7', false, 624);
INSERT INTO Meter_reading(value, date, paid, meter_id)
        VALUES (127, '2012-1-11', false, 624);
INSERT INTO Meter_reading(value, date, paid, meter_id)
        VALUES (140, '2012-1-15', false, 624);
INSERT INTO Meter_reading(value, date, paid, meter_id)
        VALUES (181, '2012-1-20', false, 624);
INSERT INTO Meter_reading(value, date, paid, meter_id)
        VALUES (187, '2012-1-26', false, 624);
INSERT INTO Meter_reading(value, date, paid, meter_id)
        VALUES (208, '2012-2-8', false, 624);
INSERT INTO Meter_reading(value, date, paid, meter_id)
        VALUES (235, '2012-2-21', false, 624);
INSERT INTO Meter_reading(value, date, paid, meter_id)
        VALUES (271, '2012-2-22', false, 624);
INSERT INTO Meter_reading(value, date, paid, meter_id)
        VALUES (325, '2012-2-27', false, 624);
INSERT INTO Meter_reading(value, date, paid, meter_id)
        VALUES (379, '2012-3-12', false, 624);
INSERT INTO Meter_reading(value, date, paid, meter_id)
        VALUES (174, '2012-1-14', false, 625);
INSERT INTO Meter_reading(value, date, paid, meter_id)
        VALUES (177, '2012-1-24', false, 625);
INSERT INTO Meter_reading(value, date, paid, meter_id)
        VALUES (178, '2012-2-11', false, 625);
INSERT INTO Meter_reading(value, date, paid, meter_id)
        VALUES (186, '2012-2-22', false, 625);
INSERT INTO Meter_reading(value, date, paid, meter_id)
        VALUES (195, '2012-2-23', false, 625);
INSERT INTO Meter_reading(value, date, paid, meter_id)
        VALUES (202, '2012-3-10', false, 625);
INSERT INTO Meter_reading(value, date, paid, meter_id)
        VALUES (212, '2012-3-12', false, 625);
INSERT INTO Meter_reading(value, date, paid, meter_id)
        VALUES (219, '2012-3-26', false, 625);
INSERT INTO Meter_reading(value, date, paid, meter_id)
        VALUES (229, '2012-4-1', false, 625);
INSERT INTO Meter_reading(value, date, paid, meter_id)
        VALUES (234, '2012-4-7', false, 625);
INSERT INTO Meter_reading(value, date, paid, meter_id)
        VALUES (241, '2012-4-9', false, 625);
INSERT INTO Meter_reading(value, date, paid, meter_id)
        VALUES (245, '2012-4-18', false, 625);
INSERT INTO person(person_id, name, surname, paternal_name, registration_date, email, password_hash, is_admin) 
    VALUES (313, 'test313', 'test313', '', '01/01/2012', 'test313', '098f6bcd4621d373cade4e832627b4f6', false);
INSERT INTO dweller VALUES (313);
INSERT INTO flat(flat_id, area, flat_number, balance, cladr_id, building_id)
    VALUES (313, 294, 313, 0, 1, 1);
INSERT INTO dweller_lives_in_flat(person_id, flat_id)
    VALUES (313, 313);
INSERT INTO meter(meter_id, installation_date, type, title, meter_unit_id, active, flat_id)
    VALUES (626, '01/01/2012', 'Water', 'Cold water in kitchen test313', 1, true, 313);
INSERT INTO meter(meter_id, installation_date, type, title, meter_unit_id, active, flat_id)
    VALUES (627, '01/01/2012', 'Electricity', 'Electricity in hall test313', 2, true, 313);
INSERT INTO Meter_reading(value, date, paid, meter_id)
        VALUES (149, '2012-1-13', false, 626);
INSERT INTO Meter_reading(value, date, paid, meter_id)
        VALUES (179, '2012-1-16', false, 626);
INSERT INTO Meter_reading(value, date, paid, meter_id)
        VALUES (191, '2012-2-2', false, 626);
INSERT INTO Meter_reading(value, date, paid, meter_id)
        VALUES (229, '2012-2-3', false, 626);
INSERT INTO Meter_reading(value, date, paid, meter_id)
        VALUES (257, '2012-2-9', false, 626);
INSERT INTO Meter_reading(value, date, paid, meter_id)
        VALUES (265, '2012-2-19', false, 626);
INSERT INTO Meter_reading(value, date, paid, meter_id)
        VALUES (269, '2012-2-27', false, 626);
INSERT INTO Meter_reading(value, date, paid, meter_id)
        VALUES (315, '2012-3-11', false, 626);
INSERT INTO Meter_reading(value, date, paid, meter_id)
        VALUES (335, '2012-3-16', false, 626);
INSERT INTO Meter_reading(value, date, paid, meter_id)
        VALUES (337, '2012-3-17', false, 626);
INSERT INTO Meter_reading(value, date, paid, meter_id)
        VALUES (339, '2012-3-23', false, 626);
INSERT INTO Meter_reading(value, date, paid, meter_id)
        VALUES (72, '2012-1-12', false, 627);
INSERT INTO Meter_reading(value, date, paid, meter_id)
        VALUES (86, '2012-1-19', false, 627);
INSERT INTO Meter_reading(value, date, paid, meter_id)
        VALUES (92, '2012-1-20', false, 627);
INSERT INTO Meter_reading(value, date, paid, meter_id)
        VALUES (115, '2012-2-6', false, 627);
INSERT INTO Meter_reading(value, date, paid, meter_id)
        VALUES (140, '2012-2-15', false, 627);
INSERT INTO Meter_reading(value, date, paid, meter_id)
        VALUES (166, '2012-2-22', false, 627);
INSERT INTO Meter_reading(value, date, paid, meter_id)
        VALUES (178, '2012-3-7', false, 627);
INSERT INTO Meter_reading(value, date, paid, meter_id)
        VALUES (195, '2012-3-13', false, 627);
INSERT INTO Meter_reading(value, date, paid, meter_id)
        VALUES (207, '2012-3-15', false, 627);
INSERT INTO Meter_reading(value, date, paid, meter_id)
        VALUES (209, '2012-3-25', false, 627);
INSERT INTO Meter_reading(value, date, paid, meter_id)
        VALUES (236, '2012-4-7', false, 627);
INSERT INTO person(person_id, name, surname, paternal_name, registration_date, email, password_hash, is_admin) 
    VALUES (314, 'test314', 'test314', '', '01/01/2012', 'test314', '098f6bcd4621d373cade4e832627b4f6', false);
INSERT INTO dweller VALUES (314);
INSERT INTO flat(flat_id, area, flat_number, balance, cladr_id, building_id)
    VALUES (314, 164, 314, 0, 1, 1);
INSERT INTO dweller_lives_in_flat(person_id, flat_id)
    VALUES (314, 314);
INSERT INTO meter(meter_id, installation_date, type, title, meter_unit_id, active, flat_id)
    VALUES (628, '01/01/2012', 'Water', 'Cold water in kitchen test314', 1, true, 314);
INSERT INTO meter(meter_id, installation_date, type, title, meter_unit_id, active, flat_id)
    VALUES (629, '01/01/2012', 'Electricity', 'Electricity in hall test314', 2, true, 314);
INSERT INTO Meter_reading(value, date, paid, meter_id)
        VALUES (109, '2012-1-7', false, 628);
INSERT INTO Meter_reading(value, date, paid, meter_id)
        VALUES (153, '2012-1-9', false, 628);
INSERT INTO Meter_reading(value, date, paid, meter_id)
        VALUES (168, '2012-1-19', false, 628);
INSERT INTO Meter_reading(value, date, paid, meter_id)
        VALUES (197, '2012-2-3', false, 628);
INSERT INTO Meter_reading(value, date, paid, meter_id)
        VALUES (247, '2012-2-9', false, 628);
INSERT INTO Meter_reading(value, date, paid, meter_id)
        VALUES (271, '2012-2-15', false, 628);
INSERT INTO Meter_reading(value, date, paid, meter_id)
        VALUES (280, '2012-2-17', false, 628);
INSERT INTO Meter_reading(value, date, paid, meter_id)
        VALUES (298, '2012-2-25', false, 628);
INSERT INTO Meter_reading(value, date, paid, meter_id)
        VALUES (365, '2012-3-7', false, 628);
INSERT INTO Meter_reading(value, date, paid, meter_id)
        VALUES (415, '2012-3-15', false, 628);
INSERT INTO Meter_reading(value, date, paid, meter_id)
        VALUES (480, '2012-3-17', false, 628);
INSERT INTO Meter_reading(value, date, paid, meter_id)
        VALUES (152, '2012-1-13', false, 629);
INSERT INTO Meter_reading(value, date, paid, meter_id)
        VALUES (161, '2012-1-16', false, 629);
INSERT INTO Meter_reading(value, date, paid, meter_id)
        VALUES (181, '2012-1-25', false, 629);
INSERT INTO Meter_reading(value, date, paid, meter_id)
        VALUES (205, '2012-2-10', false, 629);
INSERT INTO Meter_reading(value, date, paid, meter_id)
        VALUES (216, '2012-2-24', false, 629);
INSERT INTO Meter_reading(value, date, paid, meter_id)
        VALUES (232, '2012-3-8', false, 629);
INSERT INTO Meter_reading(value, date, paid, meter_id)
        VALUES (241, '2012-3-17', false, 629);
INSERT INTO Meter_reading(value, date, paid, meter_id)
        VALUES (256, '2012-3-20', false, 629);
INSERT INTO person(person_id, name, surname, paternal_name, registration_date, email, password_hash, is_admin) 
    VALUES (315, 'test315', 'test315', '', '01/01/2012', 'test315', '098f6bcd4621d373cade4e832627b4f6', false);
INSERT INTO dweller VALUES (315);
INSERT INTO flat(flat_id, area, flat_number, balance, cladr_id, building_id)
    VALUES (315, 267, 315, 0, 1, 1);
INSERT INTO dweller_lives_in_flat(person_id, flat_id)
    VALUES (315, 315);
INSERT INTO meter(meter_id, installation_date, type, title, meter_unit_id, active, flat_id)
    VALUES (630, '01/01/2012', 'Water', 'Cold water in kitchen test315', 1, true, 315);
INSERT INTO meter(meter_id, installation_date, type, title, meter_unit_id, active, flat_id)
    VALUES (631, '01/01/2012', 'Electricity', 'Electricity in hall test315', 2, true, 315);
INSERT INTO Meter_reading(value, date, paid, meter_id)
        VALUES (224, '2012-1-16', false, 630);
INSERT INTO Meter_reading(value, date, paid, meter_id)
        VALUES (281, '2012-2-2', false, 630);
INSERT INTO Meter_reading(value, date, paid, meter_id)
        VALUES (312, '2012-2-6', false, 630);
INSERT INTO Meter_reading(value, date, paid, meter_id)
        VALUES (354, '2012-2-19', false, 630);
INSERT INTO Meter_reading(value, date, paid, meter_id)
        VALUES (357, '2012-2-27', false, 630);
INSERT INTO Meter_reading(value, date, paid, meter_id)
        VALUES (370, '2012-3-9', false, 630);
INSERT INTO Meter_reading(value, date, paid, meter_id)
        VALUES (380, '2012-3-16', false, 630);
INSERT INTO Meter_reading(value, date, paid, meter_id)
        VALUES (113, '2012-1-14', false, 631);
INSERT INTO Meter_reading(value, date, paid, meter_id)
        VALUES (123, '2012-1-16', false, 631);
INSERT INTO Meter_reading(value, date, paid, meter_id)
        VALUES (130, '2012-1-22', false, 631);
INSERT INTO Meter_reading(value, date, paid, meter_id)
        VALUES (147, '2012-2-8', false, 631);
INSERT INTO Meter_reading(value, date, paid, meter_id)
        VALUES (158, '2012-2-18', false, 631);
INSERT INTO Meter_reading(value, date, paid, meter_id)
        VALUES (173, '2012-3-3', false, 631);
INSERT INTO Meter_reading(value, date, paid, meter_id)
        VALUES (186, '2012-3-16', false, 631);
INSERT INTO Meter_reading(value, date, paid, meter_id)
        VALUES (188, '2012-4-3', false, 631);
INSERT INTO Meter_reading(value, date, paid, meter_id)
        VALUES (209, '2012-4-7', false, 631);
INSERT INTO Meter_reading(value, date, paid, meter_id)
        VALUES (235, '2012-4-17', false, 631);
INSERT INTO Meter_reading(value, date, paid, meter_id)
        VALUES (237, '2012-4-19', false, 631);
INSERT INTO Meter_reading(value, date, paid, meter_id)
        VALUES (257, '2012-5-5', false, 631);
INSERT INTO Meter_reading(value, date, paid, meter_id)
        VALUES (265, '2012-5-18', false, 631);
INSERT INTO person(person_id, name, surname, paternal_name, registration_date, email, password_hash, is_admin) 
    VALUES (316, 'test316', 'test316', '', '01/01/2012', 'test316', '098f6bcd4621d373cade4e832627b4f6', false);
INSERT INTO dweller VALUES (316);
INSERT INTO flat(flat_id, area, flat_number, balance, cladr_id, building_id)
    VALUES (316, 130, 316, 0, 1, 1);
INSERT INTO dweller_lives_in_flat(person_id, flat_id)
    VALUES (316, 316);
INSERT INTO meter(meter_id, installation_date, type, title, meter_unit_id, active, flat_id)
    VALUES (632, '01/01/2012', 'Water', 'Cold water in kitchen test316', 1, true, 316);
INSERT INTO meter(meter_id, installation_date, type, title, meter_unit_id, active, flat_id)
    VALUES (633, '01/01/2012', 'Electricity', 'Electricity in hall test316', 2, true, 316);
INSERT INTO Meter_reading(value, date, paid, meter_id)
        VALUES (225, '2012-1-14', false, 632);
INSERT INTO Meter_reading(value, date, paid, meter_id)
        VALUES (252, '2012-1-26', false, 632);
INSERT INTO Meter_reading(value, date, paid, meter_id)
        VALUES (272, '2012-2-11', false, 632);
INSERT INTO Meter_reading(value, date, paid, meter_id)
        VALUES (275, '2012-2-19', false, 632);
INSERT INTO Meter_reading(value, date, paid, meter_id)
        VALUES (291, '2012-3-4', false, 632);
INSERT INTO Meter_reading(value, date, paid, meter_id)
        VALUES (321, '2012-3-9', false, 632);
INSERT INTO Meter_reading(value, date, paid, meter_id)
        VALUES (351, '2012-3-23', false, 632);
INSERT INTO Meter_reading(value, date, paid, meter_id)
        VALUES (359, '2012-4-7', false, 632);
INSERT INTO Meter_reading(value, date, paid, meter_id)
        VALUES (377, '2012-4-21', false, 632);
INSERT INTO Meter_reading(value, date, paid, meter_id)
        VALUES (380, '2012-5-4', false, 632);
INSERT INTO Meter_reading(value, date, paid, meter_id)
        VALUES (410, '2012-5-12', false, 632);
INSERT INTO Meter_reading(value, date, paid, meter_id)
        VALUES (441, '2012-5-16', false, 632);
INSERT INTO Meter_reading(value, date, paid, meter_id)
        VALUES (468, '2012-5-18', false, 632);
INSERT INTO Meter_reading(value, date, paid, meter_id)
        VALUES (177, '2012-1-8', false, 633);
INSERT INTO Meter_reading(value, date, paid, meter_id)
        VALUES (197, '2012-1-13', false, 633);
INSERT INTO Meter_reading(value, date, paid, meter_id)
        VALUES (271, '2012-1-17', false, 633);
INSERT INTO Meter_reading(value, date, paid, meter_id)
        VALUES (327, '2012-1-19', false, 633);
INSERT INTO Meter_reading(value, date, paid, meter_id)
        VALUES (403, '2012-1-27', false, 633);
INSERT INTO Meter_reading(value, date, paid, meter_id)
        VALUES (450, '2012-2-1', false, 633);
INSERT INTO Meter_reading(value, date, paid, meter_id)
        VALUES (490, '2012-2-14', false, 633);
INSERT INTO person(person_id, name, surname, paternal_name, registration_date, email, password_hash, is_admin) 
    VALUES (317, 'test317', 'test317', '', '01/01/2012', 'test317', '098f6bcd4621d373cade4e832627b4f6', false);
INSERT INTO dweller VALUES (317);
INSERT INTO flat(flat_id, area, flat_number, balance, cladr_id, building_id)
    VALUES (317, 129, 317, 0, 1, 1);
INSERT INTO dweller_lives_in_flat(person_id, flat_id)
    VALUES (317, 317);
INSERT INTO meter(meter_id, installation_date, type, title, meter_unit_id, active, flat_id)
    VALUES (634, '01/01/2012', 'Water', 'Cold water in kitchen test317', 1, true, 317);
INSERT INTO meter(meter_id, installation_date, type, title, meter_unit_id, active, flat_id)
    VALUES (635, '01/01/2012', 'Electricity', 'Electricity in hall test317', 2, true, 317);
INSERT INTO Meter_reading(value, date, paid, meter_id)
        VALUES (195, '2012-1-15', false, 634);
INSERT INTO Meter_reading(value, date, paid, meter_id)
        VALUES (205, '2012-1-27', false, 634);
INSERT INTO Meter_reading(value, date, paid, meter_id)
        VALUES (231, '2012-2-14', false, 634);
INSERT INTO Meter_reading(value, date, paid, meter_id)
        VALUES (240, '2012-2-23', false, 634);
INSERT INTO Meter_reading(value, date, paid, meter_id)
        VALUES (243, '2012-3-3', false, 634);
INSERT INTO Meter_reading(value, date, paid, meter_id)
        VALUES (252, '2012-3-9', false, 634);
INSERT INTO Meter_reading(value, date, paid, meter_id)
        VALUES (261, '2012-3-22', false, 634);
INSERT INTO Meter_reading(value, date, paid, meter_id)
        VALUES (269, '2012-4-6', false, 634);
INSERT INTO Meter_reading(value, date, paid, meter_id)
        VALUES (295, '2012-4-13', false, 634);
INSERT INTO Meter_reading(value, date, paid, meter_id)
        VALUES (321, '2012-4-16', false, 634);
INSERT INTO Meter_reading(value, date, paid, meter_id)
        VALUES (260, '2012-1-13', false, 635);
INSERT INTO Meter_reading(value, date, paid, meter_id)
        VALUES (280, '2012-1-19', false, 635);
INSERT INTO Meter_reading(value, date, paid, meter_id)
        VALUES (292, '2012-1-27', false, 635);
INSERT INTO Meter_reading(value, date, paid, meter_id)
        VALUES (310, '2012-2-13', false, 635);
INSERT INTO Meter_reading(value, date, paid, meter_id)
        VALUES (332, '2012-2-19', false, 635);
INSERT INTO Meter_reading(value, date, paid, meter_id)
        VALUES (349, '2012-3-6', false, 635);
INSERT INTO person(person_id, name, surname, paternal_name, registration_date, email, password_hash, is_admin) 
    VALUES (318, 'test318', 'test318', '', '01/01/2012', 'test318', '098f6bcd4621d373cade4e832627b4f6', false);
INSERT INTO dweller VALUES (318);
INSERT INTO flat(flat_id, area, flat_number, balance, cladr_id, building_id)
    VALUES (318, 101, 318, 0, 1, 1);
INSERT INTO dweller_lives_in_flat(person_id, flat_id)
    VALUES (318, 318);
INSERT INTO meter(meter_id, installation_date, type, title, meter_unit_id, active, flat_id)
    VALUES (636, '01/01/2012', 'Water', 'Cold water in kitchen test318', 1, true, 318);
INSERT INTO meter(meter_id, installation_date, type, title, meter_unit_id, active, flat_id)
    VALUES (637, '01/01/2012', 'Electricity', 'Electricity in hall test318', 2, true, 318);
INSERT INTO Meter_reading(value, date, paid, meter_id)
        VALUES (109, '2012-1-13', false, 636);
INSERT INTO Meter_reading(value, date, paid, meter_id)
        VALUES (116, '2012-1-18', false, 636);
INSERT INTO Meter_reading(value, date, paid, meter_id)
        VALUES (123, '2012-1-25', false, 636);
INSERT INTO Meter_reading(value, date, paid, meter_id)
        VALUES (130, '2012-2-9', false, 636);
INSERT INTO Meter_reading(value, date, paid, meter_id)
        VALUES (138, '2012-2-14', false, 636);
INSERT INTO Meter_reading(value, date, paid, meter_id)
        VALUES (143, '2012-2-18', false, 636);
INSERT INTO Meter_reading(value, date, paid, meter_id)
        VALUES (148, '2012-3-5', false, 636);
INSERT INTO Meter_reading(value, date, paid, meter_id)
        VALUES (157, '2012-3-6', false, 636);
INSERT INTO Meter_reading(value, date, paid, meter_id)
        VALUES (119, '2012-1-8', false, 637);
INSERT INTO Meter_reading(value, date, paid, meter_id)
        VALUES (170, '2012-1-13', false, 637);
INSERT INTO Meter_reading(value, date, paid, meter_id)
        VALUES (242, '2012-1-23', false, 637);
INSERT INTO Meter_reading(value, date, paid, meter_id)
        VALUES (276, '2012-2-1', false, 637);
INSERT INTO Meter_reading(value, date, paid, meter_id)
        VALUES (343, '2012-2-14', false, 637);
INSERT INTO Meter_reading(value, date, paid, meter_id)
        VALUES (403, '2012-2-25', false, 637);
INSERT INTO Meter_reading(value, date, paid, meter_id)
        VALUES (463, '2012-3-2', false, 637);
INSERT INTO Meter_reading(value, date, paid, meter_id)
        VALUES (530, '2012-3-14', false, 637);
INSERT INTO Meter_reading(value, date, paid, meter_id)
        VALUES (557, '2012-3-23', false, 637);
INSERT INTO Meter_reading(value, date, paid, meter_id)
        VALUES (595, '2012-4-7', false, 637);
INSERT INTO Meter_reading(value, date, paid, meter_id)
        VALUES (650, '2012-4-13', false, 637);
INSERT INTO Meter_reading(value, date, paid, meter_id)
        VALUES (698, '2012-4-25', false, 637);
INSERT INTO Meter_reading(value, date, paid, meter_id)
        VALUES (721, '2012-5-5', false, 637);
INSERT INTO person(person_id, name, surname, paternal_name, registration_date, email, password_hash, is_admin) 
    VALUES (319, 'test319', 'test319', '', '01/01/2012', 'test319', '098f6bcd4621d373cade4e832627b4f6', false);
INSERT INTO dweller VALUES (319);
INSERT INTO flat(flat_id, area, flat_number, balance, cladr_id, building_id)
    VALUES (319, 268, 319, 0, 1, 1);
INSERT INTO dweller_lives_in_flat(person_id, flat_id)
    VALUES (319, 319);
INSERT INTO meter(meter_id, installation_date, type, title, meter_unit_id, active, flat_id)
    VALUES (638, '01/01/2012', 'Water', 'Cold water in kitchen test319', 1, true, 319);
INSERT INTO meter(meter_id, installation_date, type, title, meter_unit_id, active, flat_id)
    VALUES (639, '01/01/2012', 'Electricity', 'Electricity in hall test319', 2, true, 319);
INSERT INTO Meter_reading(value, date, paid, meter_id)
        VALUES (262, '2012-1-9', false, 638);
INSERT INTO Meter_reading(value, date, paid, meter_id)
        VALUES (286, '2012-1-17', false, 638);
INSERT INTO Meter_reading(value, date, paid, meter_id)
        VALUES (308, '2012-2-1', false, 638);
INSERT INTO Meter_reading(value, date, paid, meter_id)
        VALUES (333, '2012-2-7', false, 638);
INSERT INTO Meter_reading(value, date, paid, meter_id)
        VALUES (335, '2012-2-13', false, 638);
INSERT INTO Meter_reading(value, date, paid, meter_id)
        VALUES (348, '2012-2-16', false, 638);
INSERT INTO Meter_reading(value, date, paid, meter_id)
        VALUES (116, '2012-1-9', false, 639);
INSERT INTO Meter_reading(value, date, paid, meter_id)
        VALUES (143, '2012-1-17', false, 639);
INSERT INTO Meter_reading(value, date, paid, meter_id)
        VALUES (171, '2012-2-1', false, 639);
INSERT INTO Meter_reading(value, date, paid, meter_id)
        VALUES (193, '2012-2-9', false, 639);
INSERT INTO Meter_reading(value, date, paid, meter_id)
        VALUES (198, '2012-2-23', false, 639);
INSERT INTO Meter_reading(value, date, paid, meter_id)
        VALUES (218, '2012-2-26', false, 639);
INSERT INTO Meter_reading(value, date, paid, meter_id)
        VALUES (236, '2012-3-2', false, 639);
INSERT INTO Meter_reading(value, date, paid, meter_id)
        VALUES (258, '2012-3-8', false, 639);
INSERT INTO Meter_reading(value, date, paid, meter_id)
        VALUES (284, '2012-3-11', false, 639);
INSERT INTO Meter_reading(value, date, paid, meter_id)
        VALUES (289, '2012-3-15', false, 639);
INSERT INTO Meter_reading(value, date, paid, meter_id)
        VALUES (301, '2012-3-17', false, 639);
INSERT INTO Meter_reading(value, date, paid, meter_id)
        VALUES (321, '2012-3-27', false, 639);
INSERT INTO Meter_reading(value, date, paid, meter_id)
        VALUES (344, '2012-4-3', false, 639);
INSERT INTO Meter_reading(value, date, paid, meter_id)
        VALUES (362, '2012-4-8', false, 639);
INSERT INTO person(person_id, name, surname, paternal_name, registration_date, email, password_hash, is_admin) 
    VALUES (320, 'test320', 'test320', '', '01/01/2012', 'test320', '098f6bcd4621d373cade4e832627b4f6', false);
INSERT INTO dweller VALUES (320);
INSERT INTO flat(flat_id, area, flat_number, balance, cladr_id, building_id)
    VALUES (320, 276, 320, 0, 1, 1);
INSERT INTO dweller_lives_in_flat(person_id, flat_id)
    VALUES (320, 320);
INSERT INTO meter(meter_id, installation_date, type, title, meter_unit_id, active, flat_id)
    VALUES (640, '01/01/2012', 'Water', 'Cold water in kitchen test320', 1, true, 320);
INSERT INTO meter(meter_id, installation_date, type, title, meter_unit_id, active, flat_id)
    VALUES (641, '01/01/2012', 'Electricity', 'Electricity in hall test320', 2, true, 320);
INSERT INTO Meter_reading(value, date, paid, meter_id)
        VALUES (171, '2012-1-6', false, 640);
INSERT INTO Meter_reading(value, date, paid, meter_id)
        VALUES (228, '2012-1-17', false, 640);
INSERT INTO Meter_reading(value, date, paid, meter_id)
        VALUES (264, '2012-1-26', false, 640);
INSERT INTO Meter_reading(value, date, paid, meter_id)
        VALUES (309, '2012-2-8', false, 640);
INSERT INTO Meter_reading(value, date, paid, meter_id)
        VALUES (367, '2012-2-19', false, 640);
INSERT INTO Meter_reading(value, date, paid, meter_id)
        VALUES (393, '2012-3-5', false, 640);
INSERT INTO Meter_reading(value, date, paid, meter_id)
        VALUES (442, '2012-3-9', false, 640);
INSERT INTO Meter_reading(value, date, paid, meter_id)
        VALUES (457, '2012-3-16', false, 640);
INSERT INTO Meter_reading(value, date, paid, meter_id)
        VALUES (468, '2012-3-17', false, 640);
INSERT INTO Meter_reading(value, date, paid, meter_id)
        VALUES (499, '2012-4-2', false, 640);
INSERT INTO Meter_reading(value, date, paid, meter_id)
        VALUES (535, '2012-4-5', false, 640);
INSERT INTO Meter_reading(value, date, paid, meter_id)
        VALUES (597, '2012-4-11', false, 640);
INSERT INTO Meter_reading(value, date, paid, meter_id)
        VALUES (660, '2012-4-23', false, 640);
INSERT INTO Meter_reading(value, date, paid, meter_id)
        VALUES (228, '2012-1-7', false, 641);
INSERT INTO Meter_reading(value, date, paid, meter_id)
        VALUES (248, '2012-1-15', false, 641);
INSERT INTO Meter_reading(value, date, paid, meter_id)
        VALUES (276, '2012-2-1', false, 641);
INSERT INTO Meter_reading(value, date, paid, meter_id)
        VALUES (278, '2012-2-7', false, 641);
INSERT INTO Meter_reading(value, date, paid, meter_id)
        VALUES (290, '2012-2-10', false, 641);
INSERT INTO Meter_reading(value, date, paid, meter_id)
        VALUES (313, '2012-2-14', false, 641);
INSERT INTO Meter_reading(value, date, paid, meter_id)
        VALUES (329, '2012-2-18', false, 641);
INSERT INTO person(person_id, name, surname, paternal_name, registration_date, email, password_hash, is_admin) 
    VALUES (321, 'test321', 'test321', '', '01/01/2012', 'test321', '098f6bcd4621d373cade4e832627b4f6', false);
INSERT INTO dweller VALUES (321);
INSERT INTO flat(flat_id, area, flat_number, balance, cladr_id, building_id)
    VALUES (321, 176, 321, 0, 1, 1);
INSERT INTO dweller_lives_in_flat(person_id, flat_id)
    VALUES (321, 321);
INSERT INTO meter(meter_id, installation_date, type, title, meter_unit_id, active, flat_id)
    VALUES (642, '01/01/2012', 'Water', 'Cold water in kitchen test321', 1, true, 321);
INSERT INTO meter(meter_id, installation_date, type, title, meter_unit_id, active, flat_id)
    VALUES (643, '01/01/2012', 'Electricity', 'Electricity in hall test321', 2, true, 321);
INSERT INTO Meter_reading(value, date, paid, meter_id)
        VALUES (115, '2012-1-10', false, 642);
INSERT INTO Meter_reading(value, date, paid, meter_id)
        VALUES (140, '2012-1-12', false, 642);
INSERT INTO Meter_reading(value, date, paid, meter_id)
        VALUES (196, '2012-1-17', false, 642);
INSERT INTO Meter_reading(value, date, paid, meter_id)
        VALUES (252, '2012-1-25', false, 642);
INSERT INTO Meter_reading(value, date, paid, meter_id)
        VALUES (286, '2012-1-26', false, 642);
INSERT INTO Meter_reading(value, date, paid, meter_id)
        VALUES (363, '2012-2-4', false, 642);
INSERT INTO Meter_reading(value, date, paid, meter_id)
        VALUES (391, '2012-2-8', false, 642);
INSERT INTO Meter_reading(value, date, paid, meter_id)
        VALUES (433, '2012-2-19', false, 642);
INSERT INTO Meter_reading(value, date, paid, meter_id)
        VALUES (32, '2012-1-5', false, 643);
INSERT INTO Meter_reading(value, date, paid, meter_id)
        VALUES (47, '2012-1-15', false, 643);
INSERT INTO Meter_reading(value, date, paid, meter_id)
        VALUES (48, '2012-1-19', false, 643);
INSERT INTO Meter_reading(value, date, paid, meter_id)
        VALUES (57, '2012-1-25', false, 643);
INSERT INTO Meter_reading(value, date, paid, meter_id)
        VALUES (74, '2012-2-12', false, 643);
INSERT INTO Meter_reading(value, date, paid, meter_id)
        VALUES (90, '2012-2-22', false, 643);
INSERT INTO Meter_reading(value, date, paid, meter_id)
        VALUES (103, '2012-3-6', false, 643);
INSERT INTO Meter_reading(value, date, paid, meter_id)
        VALUES (111, '2012-3-20', false, 643);
INSERT INTO person(person_id, name, surname, paternal_name, registration_date, email, password_hash, is_admin) 
    VALUES (322, 'test322', 'test322', '', '01/01/2012', 'test322', '098f6bcd4621d373cade4e832627b4f6', false);
INSERT INTO dweller VALUES (322);
INSERT INTO flat(flat_id, area, flat_number, balance, cladr_id, building_id)
    VALUES (322, 278, 322, 0, 1, 1);
INSERT INTO dweller_lives_in_flat(person_id, flat_id)
    VALUES (322, 322);
INSERT INTO meter(meter_id, installation_date, type, title, meter_unit_id, active, flat_id)
    VALUES (644, '01/01/2012', 'Water', 'Cold water in kitchen test322', 1, true, 322);
INSERT INTO meter(meter_id, installation_date, type, title, meter_unit_id, active, flat_id)
    VALUES (645, '01/01/2012', 'Electricity', 'Electricity in hall test322', 2, true, 322);
INSERT INTO Meter_reading(value, date, paid, meter_id)
        VALUES (144, '2012-1-5', false, 644);
INSERT INTO Meter_reading(value, date, paid, meter_id)
        VALUES (163, '2012-1-18', false, 644);
INSERT INTO Meter_reading(value, date, paid, meter_id)
        VALUES (187, '2012-2-3', false, 644);
INSERT INTO Meter_reading(value, date, paid, meter_id)
        VALUES (209, '2012-2-9', false, 644);
INSERT INTO Meter_reading(value, date, paid, meter_id)
        VALUES (219, '2012-2-12', false, 644);
INSERT INTO Meter_reading(value, date, paid, meter_id)
        VALUES (246, '2012-2-16', false, 644);
INSERT INTO Meter_reading(value, date, paid, meter_id)
        VALUES (301, '2012-1-9', false, 645);
INSERT INTO Meter_reading(value, date, paid, meter_id)
        VALUES (315, '2012-1-13', false, 645);
INSERT INTO Meter_reading(value, date, paid, meter_id)
        VALUES (340, '2012-1-26', false, 645);
INSERT INTO Meter_reading(value, date, paid, meter_id)
        VALUES (361, '2012-2-7', false, 645);
INSERT INTO Meter_reading(value, date, paid, meter_id)
        VALUES (368, '2012-2-13', false, 645);
INSERT INTO Meter_reading(value, date, paid, meter_id)
        VALUES (378, '2012-2-15', false, 645);
INSERT INTO Meter_reading(value, date, paid, meter_id)
        VALUES (388, '2012-2-18', false, 645);
INSERT INTO person(person_id, name, surname, paternal_name, registration_date, email, password_hash, is_admin) 
    VALUES (323, 'test323', 'test323', '', '01/01/2012', 'test323', '098f6bcd4621d373cade4e832627b4f6', false);
INSERT INTO dweller VALUES (323);
INSERT INTO flat(flat_id, area, flat_number, balance, cladr_id, building_id)
    VALUES (323, 301, 323, 0, 1, 1);
INSERT INTO dweller_lives_in_flat(person_id, flat_id)
    VALUES (323, 323);
INSERT INTO meter(meter_id, installation_date, type, title, meter_unit_id, active, flat_id)
    VALUES (646, '01/01/2012', 'Water', 'Cold water in kitchen test323', 1, true, 323);
INSERT INTO meter(meter_id, installation_date, type, title, meter_unit_id, active, flat_id)
    VALUES (647, '01/01/2012', 'Electricity', 'Electricity in hall test323', 2, true, 323);
INSERT INTO Meter_reading(value, date, paid, meter_id)
        VALUES (245, '2012-1-11', false, 646);
INSERT INTO Meter_reading(value, date, paid, meter_id)
        VALUES (262, '2012-1-15', false, 646);
INSERT INTO Meter_reading(value, date, paid, meter_id)
        VALUES (303, '2012-1-20', false, 646);
INSERT INTO Meter_reading(value, date, paid, meter_id)
        VALUES (331, '2012-2-3', false, 646);
INSERT INTO Meter_reading(value, date, paid, meter_id)
        VALUES (368, '2012-2-16', false, 646);
INSERT INTO Meter_reading(value, date, paid, meter_id)
        VALUES (410, '2012-2-24', false, 646);
INSERT INTO Meter_reading(value, date, paid, meter_id)
        VALUES (416, '2012-3-5', false, 646);
INSERT INTO Meter_reading(value, date, paid, meter_id)
        VALUES (429, '2012-3-19', false, 646);
INSERT INTO Meter_reading(value, date, paid, meter_id)
        VALUES (112, '2012-1-5', false, 647);
INSERT INTO Meter_reading(value, date, paid, meter_id)
        VALUES (127, '2012-1-9', false, 647);
INSERT INTO Meter_reading(value, date, paid, meter_id)
        VALUES (153, '2012-1-12', false, 647);
INSERT INTO Meter_reading(value, date, paid, meter_id)
        VALUES (164, '2012-1-23', false, 647);
INSERT INTO Meter_reading(value, date, paid, meter_id)
        VALUES (184, '2012-1-26', false, 647);
INSERT INTO Meter_reading(value, date, paid, meter_id)
        VALUES (197, '2012-2-7', false, 647);
INSERT INTO Meter_reading(value, date, paid, meter_id)
        VALUES (226, '2012-2-14', false, 647);
INSERT INTO person(person_id, name, surname, paternal_name, registration_date, email, password_hash, is_admin) 
    VALUES (324, 'test324', 'test324', '', '01/01/2012', 'test324', '098f6bcd4621d373cade4e832627b4f6', false);
INSERT INTO dweller VALUES (324);
INSERT INTO flat(flat_id, area, flat_number, balance, cladr_id, building_id)
    VALUES (324, 105, 324, 0, 1, 1);
INSERT INTO dweller_lives_in_flat(person_id, flat_id)
    VALUES (324, 324);
INSERT INTO meter(meter_id, installation_date, type, title, meter_unit_id, active, flat_id)
    VALUES (648, '01/01/2012', 'Water', 'Cold water in kitchen test324', 1, true, 324);
INSERT INTO meter(meter_id, installation_date, type, title, meter_unit_id, active, flat_id)
    VALUES (649, '01/01/2012', 'Electricity', 'Electricity in hall test324', 2, true, 324);
INSERT INTO Meter_reading(value, date, paid, meter_id)
        VALUES (268, '2012-1-11', false, 648);
INSERT INTO Meter_reading(value, date, paid, meter_id)
        VALUES (321, '2012-1-19', false, 648);
INSERT INTO Meter_reading(value, date, paid, meter_id)
        VALUES (387, '2012-2-3', false, 648);
INSERT INTO Meter_reading(value, date, paid, meter_id)
        VALUES (429, '2012-2-14', false, 648);
INSERT INTO Meter_reading(value, date, paid, meter_id)
        VALUES (486, '2012-2-15', false, 648);
INSERT INTO Meter_reading(value, date, paid, meter_id)
        VALUES (512, '2012-2-19', false, 648);
INSERT INTO Meter_reading(value, date, paid, meter_id)
        VALUES (552, '2012-3-6', false, 648);
INSERT INTO Meter_reading(value, date, paid, meter_id)
        VALUES (566, '2012-3-10', false, 648);
INSERT INTO Meter_reading(value, date, paid, meter_id)
        VALUES (299, '2012-1-12', false, 649);
INSERT INTO Meter_reading(value, date, paid, meter_id)
        VALUES (323, '2012-1-13', false, 649);
INSERT INTO Meter_reading(value, date, paid, meter_id)
        VALUES (392, '2012-1-21', false, 649);
INSERT INTO Meter_reading(value, date, paid, meter_id)
        VALUES (465, '2012-2-7', false, 649);
INSERT INTO Meter_reading(value, date, paid, meter_id)
        VALUES (509, '2012-2-11', false, 649);
INSERT INTO Meter_reading(value, date, paid, meter_id)
        VALUES (538, '2012-2-13', false, 649);
INSERT INTO Meter_reading(value, date, paid, meter_id)
        VALUES (558, '2012-2-22', false, 649);
INSERT INTO Meter_reading(value, date, paid, meter_id)
        VALUES (583, '2012-3-3', false, 649);
INSERT INTO Meter_reading(value, date, paid, meter_id)
        VALUES (649, '2012-3-4', false, 649);
INSERT INTO Meter_reading(value, date, paid, meter_id)
        VALUES (669, '2012-3-18', false, 649);
INSERT INTO Meter_reading(value, date, paid, meter_id)
        VALUES (746, '2012-3-22', false, 649);
INSERT INTO Meter_reading(value, date, paid, meter_id)
        VALUES (768, '2012-3-25', false, 649);
INSERT INTO Meter_reading(value, date, paid, meter_id)
        VALUES (814, '2012-4-4', false, 649);
INSERT INTO Meter_reading(value, date, paid, meter_id)
        VALUES (815, '2012-4-12', false, 649);
INSERT INTO person(person_id, name, surname, paternal_name, registration_date, email, password_hash, is_admin) 
    VALUES (325, 'test325', 'test325', '', '01/01/2012', 'test325', '098f6bcd4621d373cade4e832627b4f6', false);
INSERT INTO dweller VALUES (325);
INSERT INTO flat(flat_id, area, flat_number, balance, cladr_id, building_id)
    VALUES (325, 61, 325, 0, 1, 1);
INSERT INTO dweller_lives_in_flat(person_id, flat_id)
    VALUES (325, 325);
INSERT INTO meter(meter_id, installation_date, type, title, meter_unit_id, active, flat_id)
    VALUES (650, '01/01/2012', 'Water', 'Cold water in kitchen test325', 1, true, 325);
INSERT INTO meter(meter_id, installation_date, type, title, meter_unit_id, active, flat_id)
    VALUES (651, '01/01/2012', 'Electricity', 'Electricity in hall test325', 2, true, 325);
INSERT INTO Meter_reading(value, date, paid, meter_id)
        VALUES (210, '2012-1-11', false, 650);
INSERT INTO Meter_reading(value, date, paid, meter_id)
        VALUES (213, '2012-1-24', false, 650);
INSERT INTO Meter_reading(value, date, paid, meter_id)
        VALUES (230, '2012-2-9', false, 650);
INSERT INTO Meter_reading(value, date, paid, meter_id)
        VALUES (259, '2012-2-11', false, 650);
INSERT INTO Meter_reading(value, date, paid, meter_id)
        VALUES (261, '2012-2-15', false, 650);
INSERT INTO Meter_reading(value, date, paid, meter_id)
        VALUES (275, '2012-3-1', false, 650);
INSERT INTO Meter_reading(value, date, paid, meter_id)
        VALUES (277, '2012-3-11', false, 650);
INSERT INTO Meter_reading(value, date, paid, meter_id)
        VALUES (282, '2012-3-13', false, 650);
INSERT INTO Meter_reading(value, date, paid, meter_id)
        VALUES (288, '2012-3-22', false, 650);
INSERT INTO Meter_reading(value, date, paid, meter_id)
        VALUES (301, '2012-4-9', false, 650);
INSERT INTO Meter_reading(value, date, paid, meter_id)
        VALUES (316, '2012-4-13', false, 650);
INSERT INTO Meter_reading(value, date, paid, meter_id)
        VALUES (329, '2012-4-14', false, 650);
INSERT INTO Meter_reading(value, date, paid, meter_id)
        VALUES (358, '2012-4-23', false, 650);
INSERT INTO Meter_reading(value, date, paid, meter_id)
        VALUES (221, '2012-1-9', false, 651);
INSERT INTO Meter_reading(value, date, paid, meter_id)
        VALUES (229, '2012-1-14', false, 651);
INSERT INTO Meter_reading(value, date, paid, meter_id)
        VALUES (241, '2012-1-21', false, 651);
INSERT INTO Meter_reading(value, date, paid, meter_id)
        VALUES (247, '2012-1-24', false, 651);
INSERT INTO Meter_reading(value, date, paid, meter_id)
        VALUES (268, '2012-1-25', false, 651);
INSERT INTO Meter_reading(value, date, paid, meter_id)
        VALUES (281, '2012-2-5', false, 651);
INSERT INTO Meter_reading(value, date, paid, meter_id)
        VALUES (286, '2012-2-7', false, 651);
INSERT INTO person(person_id, name, surname, paternal_name, registration_date, email, password_hash, is_admin) 
    VALUES (326, 'test326', 'test326', '', '01/01/2012', 'test326', '098f6bcd4621d373cade4e832627b4f6', false);
INSERT INTO dweller VALUES (326);
INSERT INTO flat(flat_id, area, flat_number, balance, cladr_id, building_id)
    VALUES (326, 198, 326, 0, 1, 1);
INSERT INTO dweller_lives_in_flat(person_id, flat_id)
    VALUES (326, 326);
INSERT INTO meter(meter_id, installation_date, type, title, meter_unit_id, active, flat_id)
    VALUES (652, '01/01/2012', 'Water', 'Cold water in kitchen test326', 1, true, 326);
INSERT INTO meter(meter_id, installation_date, type, title, meter_unit_id, active, flat_id)
    VALUES (653, '01/01/2012', 'Electricity', 'Electricity in hall test326', 2, true, 326);
INSERT INTO Meter_reading(value, date, paid, meter_id)
        VALUES (60, '2012-1-12', false, 652);
INSERT INTO Meter_reading(value, date, paid, meter_id)
        VALUES (66, '2012-1-21', false, 652);
INSERT INTO Meter_reading(value, date, paid, meter_id)
        VALUES (80, '2012-2-5', false, 652);
INSERT INTO Meter_reading(value, date, paid, meter_id)
        VALUES (89, '2012-2-12', false, 652);
INSERT INTO Meter_reading(value, date, paid, meter_id)
        VALUES (116, '2012-2-26', false, 652);
INSERT INTO Meter_reading(value, date, paid, meter_id)
        VALUES (144, '2012-3-11', false, 652);
INSERT INTO Meter_reading(value, date, paid, meter_id)
        VALUES (274, '2012-1-5', false, 653);
INSERT INTO Meter_reading(value, date, paid, meter_id)
        VALUES (284, '2012-1-9', false, 653);
INSERT INTO Meter_reading(value, date, paid, meter_id)
        VALUES (303, '2012-1-13', false, 653);
INSERT INTO Meter_reading(value, date, paid, meter_id)
        VALUES (320, '2012-1-23', false, 653);
INSERT INTO Meter_reading(value, date, paid, meter_id)
        VALUES (326, '2012-2-1', false, 653);
INSERT INTO Meter_reading(value, date, paid, meter_id)
        VALUES (327, '2012-2-2', false, 653);
INSERT INTO Meter_reading(value, date, paid, meter_id)
        VALUES (342, '2012-2-13', false, 653);
INSERT INTO Meter_reading(value, date, paid, meter_id)
        VALUES (343, '2012-2-22', false, 653);
INSERT INTO Meter_reading(value, date, paid, meter_id)
        VALUES (368, '2012-3-2', false, 653);
INSERT INTO Meter_reading(value, date, paid, meter_id)
        VALUES (373, '2012-3-9', false, 653);
INSERT INTO Meter_reading(value, date, paid, meter_id)
        VALUES (384, '2012-3-21', false, 653);
INSERT INTO Meter_reading(value, date, paid, meter_id)
        VALUES (388, '2012-4-7', false, 653);
INSERT INTO Meter_reading(value, date, paid, meter_id)
        VALUES (412, '2012-4-15', false, 653);
INSERT INTO Meter_reading(value, date, paid, meter_id)
        VALUES (438, '2012-4-22', false, 653);
INSERT INTO person(person_id, name, surname, paternal_name, registration_date, email, password_hash, is_admin) 
    VALUES (327, 'test327', 'test327', '', '01/01/2012', 'test327', '098f6bcd4621d373cade4e832627b4f6', false);
INSERT INTO dweller VALUES (327);
INSERT INTO flat(flat_id, area, flat_number, balance, cladr_id, building_id)
    VALUES (327, 138, 327, 0, 1, 1);
INSERT INTO dweller_lives_in_flat(person_id, flat_id)
    VALUES (327, 327);
INSERT INTO meter(meter_id, installation_date, type, title, meter_unit_id, active, flat_id)
    VALUES (654, '01/01/2012', 'Water', 'Cold water in kitchen test327', 1, true, 327);
INSERT INTO meter(meter_id, installation_date, type, title, meter_unit_id, active, flat_id)
    VALUES (655, '01/01/2012', 'Electricity', 'Electricity in hall test327', 2, true, 327);
INSERT INTO Meter_reading(value, date, paid, meter_id)
        VALUES (347, '2012-1-6', false, 654);
INSERT INTO Meter_reading(value, date, paid, meter_id)
        VALUES (401, '2012-1-15', false, 654);
INSERT INTO Meter_reading(value, date, paid, meter_id)
        VALUES (467, '2012-1-16', false, 654);
INSERT INTO Meter_reading(value, date, paid, meter_id)
        VALUES (515, '2012-1-20', false, 654);
INSERT INTO Meter_reading(value, date, paid, meter_id)
        VALUES (565, '2012-1-21', false, 654);
INSERT INTO Meter_reading(value, date, paid, meter_id)
        VALUES (592, '2012-2-8', false, 654);
INSERT INTO Meter_reading(value, date, paid, meter_id)
        VALUES (656, '2012-2-18', false, 654);
INSERT INTO Meter_reading(value, date, paid, meter_id)
        VALUES (72, '2012-1-14', false, 655);
INSERT INTO Meter_reading(value, date, paid, meter_id)
        VALUES (117, '2012-1-16', false, 655);
INSERT INTO Meter_reading(value, date, paid, meter_id)
        VALUES (190, '2012-1-24', false, 655);
INSERT INTO Meter_reading(value, date, paid, meter_id)
        VALUES (228, '2012-2-5', false, 655);
INSERT INTO Meter_reading(value, date, paid, meter_id)
        VALUES (264, '2012-2-12', false, 655);
INSERT INTO Meter_reading(value, date, paid, meter_id)
        VALUES (268, '2012-2-15', false, 655);
INSERT INTO Meter_reading(value, date, paid, meter_id)
        VALUES (332, '2012-2-24', false, 655);
INSERT INTO Meter_reading(value, date, paid, meter_id)
        VALUES (349, '2012-2-26', false, 655);
INSERT INTO Meter_reading(value, date, paid, meter_id)
        VALUES (360, '2012-3-9', false, 655);
INSERT INTO Meter_reading(value, date, paid, meter_id)
        VALUES (397, '2012-3-21', false, 655);
INSERT INTO Meter_reading(value, date, paid, meter_id)
        VALUES (417, '2012-4-7', false, 655);
INSERT INTO Meter_reading(value, date, paid, meter_id)
        VALUES (460, '2012-4-14', false, 655);
INSERT INTO Meter_reading(value, date, paid, meter_id)
        VALUES (500, '2012-4-24', false, 655);
INSERT INTO person(person_id, name, surname, paternal_name, registration_date, email, password_hash, is_admin) 
    VALUES (328, 'test328', 'test328', '', '01/01/2012', 'test328', '098f6bcd4621d373cade4e832627b4f6', false);
INSERT INTO dweller VALUES (328);
INSERT INTO flat(flat_id, area, flat_number, balance, cladr_id, building_id)
    VALUES (328, 64, 328, 0, 1, 1);
INSERT INTO dweller_lives_in_flat(person_id, flat_id)
    VALUES (328, 328);
INSERT INTO meter(meter_id, installation_date, type, title, meter_unit_id, active, flat_id)
    VALUES (656, '01/01/2012', 'Water', 'Cold water in kitchen test328', 1, true, 328);
INSERT INTO meter(meter_id, installation_date, type, title, meter_unit_id, active, flat_id)
    VALUES (657, '01/01/2012', 'Electricity', 'Electricity in hall test328', 2, true, 328);
INSERT INTO Meter_reading(value, date, paid, meter_id)
        VALUES (179, '2012-1-10', false, 656);
INSERT INTO Meter_reading(value, date, paid, meter_id)
        VALUES (203, '2012-1-14', false, 656);
INSERT INTO Meter_reading(value, date, paid, meter_id)
        VALUES (207, '2012-1-18', false, 656);
INSERT INTO Meter_reading(value, date, paid, meter_id)
        VALUES (225, '2012-2-4', false, 656);
INSERT INTO Meter_reading(value, date, paid, meter_id)
        VALUES (242, '2012-2-9', false, 656);
INSERT INTO Meter_reading(value, date, paid, meter_id)
        VALUES (256, '2012-2-16', false, 656);
INSERT INTO Meter_reading(value, date, paid, meter_id)
        VALUES (279, '2012-2-19', false, 656);
INSERT INTO Meter_reading(value, date, paid, meter_id)
        VALUES (208, '2012-1-16', false, 657);
INSERT INTO Meter_reading(value, date, paid, meter_id)
        VALUES (224, '2012-1-22', false, 657);
INSERT INTO Meter_reading(value, date, paid, meter_id)
        VALUES (245, '2012-2-2', false, 657);
INSERT INTO Meter_reading(value, date, paid, meter_id)
        VALUES (247, '2012-2-8', false, 657);
INSERT INTO Meter_reading(value, date, paid, meter_id)
        VALUES (275, '2012-2-17', false, 657);
INSERT INTO Meter_reading(value, date, paid, meter_id)
        VALUES (287, '2012-2-25', false, 657);
INSERT INTO Meter_reading(value, date, paid, meter_id)
        VALUES (304, '2012-3-7', false, 657);
INSERT INTO Meter_reading(value, date, paid, meter_id)
        VALUES (305, '2012-3-15', false, 657);
INSERT INTO Meter_reading(value, date, paid, meter_id)
        VALUES (323, '2012-4-1', false, 657);
INSERT INTO Meter_reading(value, date, paid, meter_id)
        VALUES (349, '2012-4-7', false, 657);
INSERT INTO Meter_reading(value, date, paid, meter_id)
        VALUES (360, '2012-4-20', false, 657);
INSERT INTO Meter_reading(value, date, paid, meter_id)
        VALUES (388, '2012-4-24', false, 657);
INSERT INTO Meter_reading(value, date, paid, meter_id)
        VALUES (409, '2012-5-7', false, 657);
INSERT INTO person(person_id, name, surname, paternal_name, registration_date, email, password_hash, is_admin) 
    VALUES (329, 'test329', 'test329', '', '01/01/2012', 'test329', '098f6bcd4621d373cade4e832627b4f6', false);
INSERT INTO dweller VALUES (329);
INSERT INTO flat(flat_id, area, flat_number, balance, cladr_id, building_id)
    VALUES (329, 113, 329, 0, 1, 1);
INSERT INTO dweller_lives_in_flat(person_id, flat_id)
    VALUES (329, 329);
INSERT INTO meter(meter_id, installation_date, type, title, meter_unit_id, active, flat_id)
    VALUES (658, '01/01/2012', 'Water', 'Cold water in kitchen test329', 1, true, 329);
INSERT INTO meter(meter_id, installation_date, type, title, meter_unit_id, active, flat_id)
    VALUES (659, '01/01/2012', 'Electricity', 'Electricity in hall test329', 2, true, 329);
INSERT INTO Meter_reading(value, date, paid, meter_id)
        VALUES (185, '2012-1-7', false, 658);
INSERT INTO Meter_reading(value, date, paid, meter_id)
        VALUES (197, '2012-1-15', false, 658);
INSERT INTO Meter_reading(value, date, paid, meter_id)
        VALUES (216, '2012-1-25', false, 658);
INSERT INTO Meter_reading(value, date, paid, meter_id)
        VALUES (233, '2012-2-9', false, 658);
INSERT INTO Meter_reading(value, date, paid, meter_id)
        VALUES (243, '2012-2-13', false, 658);
INSERT INTO Meter_reading(value, date, paid, meter_id)
        VALUES (249, '2012-2-23', false, 658);
INSERT INTO Meter_reading(value, date, paid, meter_id)
        VALUES (252, '2012-2-24', false, 658);
INSERT INTO Meter_reading(value, date, paid, meter_id)
        VALUES (258, '2012-3-10', false, 658);
INSERT INTO Meter_reading(value, date, paid, meter_id)
        VALUES (83, '2012-1-15', false, 659);
INSERT INTO Meter_reading(value, date, paid, meter_id)
        VALUES (84, '2012-1-22', false, 659);
INSERT INTO Meter_reading(value, date, paid, meter_id)
        VALUES (86, '2012-2-2', false, 659);
INSERT INTO Meter_reading(value, date, paid, meter_id)
        VALUES (88, '2012-2-12', false, 659);
INSERT INTO Meter_reading(value, date, paid, meter_id)
        VALUES (89, '2012-2-15', false, 659);
INSERT INTO Meter_reading(value, date, paid, meter_id)
        VALUES (92, '2012-2-27', false, 659);
INSERT INTO Meter_reading(value, date, paid, meter_id)
        VALUES (95, '2012-3-1', false, 659);
INSERT INTO Meter_reading(value, date, paid, meter_id)
        VALUES (99, '2012-3-7', false, 659);
INSERT INTO Meter_reading(value, date, paid, meter_id)
        VALUES (103, '2012-3-12', false, 659);
INSERT INTO Meter_reading(value, date, paid, meter_id)
        VALUES (106, '2012-3-23', false, 659);
INSERT INTO Meter_reading(value, date, paid, meter_id)
        VALUES (108, '2012-4-10', false, 659);
INSERT INTO Meter_reading(value, date, paid, meter_id)
        VALUES (110, '2012-4-16', false, 659);
INSERT INTO person(person_id, name, surname, paternal_name, registration_date, email, password_hash, is_admin) 
    VALUES (330, 'test330', 'test330', '', '01/01/2012', 'test330', '098f6bcd4621d373cade4e832627b4f6', false);
INSERT INTO dweller VALUES (330);
INSERT INTO flat(flat_id, area, flat_number, balance, cladr_id, building_id)
    VALUES (330, 224, 330, 0, 1, 1);
INSERT INTO dweller_lives_in_flat(person_id, flat_id)
    VALUES (330, 330);
INSERT INTO meter(meter_id, installation_date, type, title, meter_unit_id, active, flat_id)
    VALUES (660, '01/01/2012', 'Water', 'Cold water in kitchen test330', 1, true, 330);
INSERT INTO meter(meter_id, installation_date, type, title, meter_unit_id, active, flat_id)
    VALUES (661, '01/01/2012', 'Electricity', 'Electricity in hall test330', 2, true, 330);
INSERT INTO Meter_reading(value, date, paid, meter_id)
        VALUES (16, '2012-1-6', false, 660);
INSERT INTO Meter_reading(value, date, paid, meter_id)
        VALUES (39, '2012-1-20', false, 660);
INSERT INTO Meter_reading(value, date, paid, meter_id)
        VALUES (49, '2012-2-3', false, 660);
INSERT INTO Meter_reading(value, date, paid, meter_id)
        VALUES (55, '2012-2-4', false, 660);
INSERT INTO Meter_reading(value, date, paid, meter_id)
        VALUES (80, '2012-2-14', false, 660);
INSERT INTO Meter_reading(value, date, paid, meter_id)
        VALUES (88, '2012-2-17', false, 660);
INSERT INTO Meter_reading(value, date, paid, meter_id)
        VALUES (114, '2012-2-22', false, 660);
INSERT INTO Meter_reading(value, date, paid, meter_id)
        VALUES (120, '2012-3-4', false, 660);
INSERT INTO Meter_reading(value, date, paid, meter_id)
        VALUES (121, '2012-3-17', false, 660);
INSERT INTO Meter_reading(value, date, paid, meter_id)
        VALUES (135, '2012-3-23', false, 660);
INSERT INTO Meter_reading(value, date, paid, meter_id)
        VALUES (149, '2012-3-24', false, 660);
INSERT INTO Meter_reading(value, date, paid, meter_id)
        VALUES (167, '2012-4-11', false, 660);
INSERT INTO Meter_reading(value, date, paid, meter_id)
        VALUES (226, '2012-1-14', false, 661);
INSERT INTO Meter_reading(value, date, paid, meter_id)
        VALUES (227, '2012-1-17', false, 661);
INSERT INTO Meter_reading(value, date, paid, meter_id)
        VALUES (251, '2012-1-22', false, 661);
INSERT INTO Meter_reading(value, date, paid, meter_id)
        VALUES (253, '2012-2-4', false, 661);
INSERT INTO Meter_reading(value, date, paid, meter_id)
        VALUES (281, '2012-2-11', false, 661);
INSERT INTO Meter_reading(value, date, paid, meter_id)
        VALUES (302, '2012-2-16', false, 661);
INSERT INTO person(person_id, name, surname, paternal_name, registration_date, email, password_hash, is_admin) 
    VALUES (331, 'test331', 'test331', '', '01/01/2012', 'test331', '098f6bcd4621d373cade4e832627b4f6', false);
INSERT INTO dweller VALUES (331);
INSERT INTO flat(flat_id, area, flat_number, balance, cladr_id, building_id)
    VALUES (331, 251, 331, 0, 1, 1);
INSERT INTO dweller_lives_in_flat(person_id, flat_id)
    VALUES (331, 331);
INSERT INTO meter(meter_id, installation_date, type, title, meter_unit_id, active, flat_id)
    VALUES (662, '01/01/2012', 'Water', 'Cold water in kitchen test331', 1, true, 331);
INSERT INTO meter(meter_id, installation_date, type, title, meter_unit_id, active, flat_id)
    VALUES (663, '01/01/2012', 'Electricity', 'Electricity in hall test331', 2, true, 331);
INSERT INTO Meter_reading(value, date, paid, meter_id)
        VALUES (89, '2012-1-10', false, 662);
INSERT INTO Meter_reading(value, date, paid, meter_id)
        VALUES (105, '2012-1-23', false, 662);
INSERT INTO Meter_reading(value, date, paid, meter_id)
        VALUES (140, '2012-2-2', false, 662);
INSERT INTO Meter_reading(value, date, paid, meter_id)
        VALUES (165, '2012-2-12', false, 662);
INSERT INTO Meter_reading(value, date, paid, meter_id)
        VALUES (205, '2012-2-17', false, 662);
INSERT INTO Meter_reading(value, date, paid, meter_id)
        VALUES (206, '2012-2-21', false, 662);
INSERT INTO Meter_reading(value, date, paid, meter_id)
        VALUES (251, '2012-2-22', false, 662);
INSERT INTO Meter_reading(value, date, paid, meter_id)
        VALUES (254, '2012-2-24', false, 662);
INSERT INTO Meter_reading(value, date, paid, meter_id)
        VALUES (304, '2012-3-5', false, 662);
INSERT INTO Meter_reading(value, date, paid, meter_id)
        VALUES (324, '2012-3-10', false, 662);
INSERT INTO Meter_reading(value, date, paid, meter_id)
        VALUES (366, '2012-3-11', false, 662);
INSERT INTO Meter_reading(value, date, paid, meter_id)
        VALUES (144, '2012-1-15', false, 663);
INSERT INTO Meter_reading(value, date, paid, meter_id)
        VALUES (146, '2012-1-24', false, 663);
INSERT INTO Meter_reading(value, date, paid, meter_id)
        VALUES (150, '2012-2-11', false, 663);
INSERT INTO Meter_reading(value, date, paid, meter_id)
        VALUES (151, '2012-2-22', false, 663);
INSERT INTO Meter_reading(value, date, paid, meter_id)
        VALUES (161, '2012-2-23', false, 663);
INSERT INTO Meter_reading(value, date, paid, meter_id)
        VALUES (162, '2012-2-26', false, 663);
INSERT INTO Meter_reading(value, date, paid, meter_id)
        VALUES (172, '2012-3-3', false, 663);
INSERT INTO Meter_reading(value, date, paid, meter_id)
        VALUES (181, '2012-3-6', false, 663);
INSERT INTO Meter_reading(value, date, paid, meter_id)
        VALUES (188, '2012-3-15', false, 663);
INSERT INTO Meter_reading(value, date, paid, meter_id)
        VALUES (192, '2012-3-26', false, 663);
INSERT INTO person(person_id, name, surname, paternal_name, registration_date, email, password_hash, is_admin) 
    VALUES (332, 'test332', 'test332', '', '01/01/2012', 'test332', '098f6bcd4621d373cade4e832627b4f6', false);
INSERT INTO dweller VALUES (332);
INSERT INTO flat(flat_id, area, flat_number, balance, cladr_id, building_id)
    VALUES (332, 275, 332, 0, 1, 1);
INSERT INTO dweller_lives_in_flat(person_id, flat_id)
    VALUES (332, 332);
INSERT INTO meter(meter_id, installation_date, type, title, meter_unit_id, active, flat_id)
    VALUES (664, '01/01/2012', 'Water', 'Cold water in kitchen test332', 1, true, 332);
INSERT INTO meter(meter_id, installation_date, type, title, meter_unit_id, active, flat_id)
    VALUES (665, '01/01/2012', 'Electricity', 'Electricity in hall test332', 2, true, 332);
INSERT INTO Meter_reading(value, date, paid, meter_id)
        VALUES (226, '2012-1-12', false, 664);
INSERT INTO Meter_reading(value, date, paid, meter_id)
        VALUES (246, '2012-1-26', false, 664);
INSERT INTO Meter_reading(value, date, paid, meter_id)
        VALUES (248, '2012-2-13', false, 664);
INSERT INTO Meter_reading(value, date, paid, meter_id)
        VALUES (264, '2012-2-20', false, 664);
INSERT INTO Meter_reading(value, date, paid, meter_id)
        VALUES (282, '2012-3-2', false, 664);
INSERT INTO Meter_reading(value, date, paid, meter_id)
        VALUES (304, '2012-3-9', false, 664);
INSERT INTO Meter_reading(value, date, paid, meter_id)
        VALUES (313, '2012-3-20', false, 664);
INSERT INTO Meter_reading(value, date, paid, meter_id)
        VALUES (54, '2012-1-7', false, 665);
INSERT INTO Meter_reading(value, date, paid, meter_id)
        VALUES (69, '2012-1-18', false, 665);
INSERT INTO Meter_reading(value, date, paid, meter_id)
        VALUES (93, '2012-2-2', false, 665);
INSERT INTO Meter_reading(value, date, paid, meter_id)
        VALUES (103, '2012-2-15', false, 665);
INSERT INTO Meter_reading(value, date, paid, meter_id)
        VALUES (107, '2012-2-26', false, 665);
INSERT INTO Meter_reading(value, date, paid, meter_id)
        VALUES (108, '2012-3-13', false, 665);
INSERT INTO Meter_reading(value, date, paid, meter_id)
        VALUES (125, '2012-3-15', false, 665);
INSERT INTO Meter_reading(value, date, paid, meter_id)
        VALUES (133, '2012-3-27', false, 665);
INSERT INTO Meter_reading(value, date, paid, meter_id)
        VALUES (140, '2012-4-9', false, 665);
INSERT INTO Meter_reading(value, date, paid, meter_id)
        VALUES (158, '2012-4-21', false, 665);
INSERT INTO Meter_reading(value, date, paid, meter_id)
        VALUES (180, '2012-4-22', false, 665);
INSERT INTO Meter_reading(value, date, paid, meter_id)
        VALUES (197, '2012-5-7', false, 665);
INSERT INTO person(person_id, name, surname, paternal_name, registration_date, email, password_hash, is_admin) 
    VALUES (333, 'test333', 'test333', '', '01/01/2012', 'test333', '098f6bcd4621d373cade4e832627b4f6', false);
INSERT INTO dweller VALUES (333);
INSERT INTO flat(flat_id, area, flat_number, balance, cladr_id, building_id)
    VALUES (333, 128, 333, 0, 1, 1);
INSERT INTO dweller_lives_in_flat(person_id, flat_id)
    VALUES (333, 333);
INSERT INTO meter(meter_id, installation_date, type, title, meter_unit_id, active, flat_id)
    VALUES (666, '01/01/2012', 'Water', 'Cold water in kitchen test333', 1, true, 333);
INSERT INTO meter(meter_id, installation_date, type, title, meter_unit_id, active, flat_id)
    VALUES (667, '01/01/2012', 'Electricity', 'Electricity in hall test333', 2, true, 333);
INSERT INTO Meter_reading(value, date, paid, meter_id)
        VALUES (224, '2012-1-13', false, 666);
INSERT INTO Meter_reading(value, date, paid, meter_id)
        VALUES (265, '2012-1-14', false, 666);
INSERT INTO Meter_reading(value, date, paid, meter_id)
        VALUES (277, '2012-1-24', false, 666);
INSERT INTO Meter_reading(value, date, paid, meter_id)
        VALUES (319, '2012-1-25', false, 666);
INSERT INTO Meter_reading(value, date, paid, meter_id)
        VALUES (345, '2012-1-27', false, 666);
INSERT INTO Meter_reading(value, date, paid, meter_id)
        VALUES (353, '2012-2-5', false, 666);
INSERT INTO Meter_reading(value, date, paid, meter_id)
        VALUES (387, '2012-2-15', false, 666);
INSERT INTO Meter_reading(value, date, paid, meter_id)
        VALUES (417, '2012-2-26', false, 666);
INSERT INTO Meter_reading(value, date, paid, meter_id)
        VALUES (468, '2012-3-6', false, 666);
INSERT INTO Meter_reading(value, date, paid, meter_id)
        VALUES (70, '2012-1-15', false, 667);
INSERT INTO Meter_reading(value, date, paid, meter_id)
        VALUES (156, '2012-1-17', false, 667);
INSERT INTO Meter_reading(value, date, paid, meter_id)
        VALUES (220, '2012-1-18', false, 667);
INSERT INTO Meter_reading(value, date, paid, meter_id)
        VALUES (278, '2012-1-19', false, 667);
INSERT INTO Meter_reading(value, date, paid, meter_id)
        VALUES (327, '2012-1-25', false, 667);
INSERT INTO Meter_reading(value, date, paid, meter_id)
        VALUES (362, '2012-2-10', false, 667);
INSERT INTO Meter_reading(value, date, paid, meter_id)
        VALUES (437, '2012-2-12', false, 667);
INSERT INTO Meter_reading(value, date, paid, meter_id)
        VALUES (523, '2012-2-20', false, 667);
INSERT INTO Meter_reading(value, date, paid, meter_id)
        VALUES (563, '2012-2-22', false, 667);
INSERT INTO Meter_reading(value, date, paid, meter_id)
        VALUES (592, '2012-3-4', false, 667);
INSERT INTO person(person_id, name, surname, paternal_name, registration_date, email, password_hash, is_admin) 
    VALUES (334, 'test334', 'test334', '', '01/01/2012', 'test334', '098f6bcd4621d373cade4e832627b4f6', false);
INSERT INTO dweller VALUES (334);
INSERT INTO flat(flat_id, area, flat_number, balance, cladr_id, building_id)
    VALUES (334, 286, 334, 0, 1, 1);
INSERT INTO dweller_lives_in_flat(person_id, flat_id)
    VALUES (334, 334);
INSERT INTO meter(meter_id, installation_date, type, title, meter_unit_id, active, flat_id)
    VALUES (668, '01/01/2012', 'Water', 'Cold water in kitchen test334', 1, true, 334);
INSERT INTO meter(meter_id, installation_date, type, title, meter_unit_id, active, flat_id)
    VALUES (669, '01/01/2012', 'Electricity', 'Electricity in hall test334', 2, true, 334);
INSERT INTO Meter_reading(value, date, paid, meter_id)
        VALUES (48, '2012-1-14', false, 668);
INSERT INTO Meter_reading(value, date, paid, meter_id)
        VALUES (55, '2012-1-20', false, 668);
INSERT INTO Meter_reading(value, date, paid, meter_id)
        VALUES (82, '2012-2-4', false, 668);
INSERT INTO Meter_reading(value, date, paid, meter_id)
        VALUES (99, '2012-2-10', false, 668);
INSERT INTO Meter_reading(value, date, paid, meter_id)
        VALUES (101, '2012-2-18', false, 668);
INSERT INTO Meter_reading(value, date, paid, meter_id)
        VALUES (136, '2012-2-24', false, 668);
INSERT INTO Meter_reading(value, date, paid, meter_id)
        VALUES (94, '2012-1-9', false, 669);
INSERT INTO Meter_reading(value, date, paid, meter_id)
        VALUES (97, '2012-1-18', false, 669);
INSERT INTO Meter_reading(value, date, paid, meter_id)
        VALUES (106, '2012-1-22', false, 669);
INSERT INTO Meter_reading(value, date, paid, meter_id)
        VALUES (128, '2012-2-6', false, 669);
INSERT INTO Meter_reading(value, date, paid, meter_id)
        VALUES (133, '2012-2-18', false, 669);
INSERT INTO Meter_reading(value, date, paid, meter_id)
        VALUES (161, '2012-2-24', false, 669);
INSERT INTO Meter_reading(value, date, paid, meter_id)
        VALUES (187, '2012-3-4', false, 669);
INSERT INTO Meter_reading(value, date, paid, meter_id)
        VALUES (191, '2012-3-7', false, 669);
INSERT INTO Meter_reading(value, date, paid, meter_id)
        VALUES (203, '2012-3-13', false, 669);
INSERT INTO Meter_reading(value, date, paid, meter_id)
        VALUES (204, '2012-3-20', false, 669);
INSERT INTO Meter_reading(value, date, paid, meter_id)
        VALUES (206, '2012-3-26', false, 669);
INSERT INTO person(person_id, name, surname, paternal_name, registration_date, email, password_hash, is_admin) 
    VALUES (335, 'test335', 'test335', '', '01/01/2012', 'test335', '098f6bcd4621d373cade4e832627b4f6', false);
INSERT INTO dweller VALUES (335);
INSERT INTO flat(flat_id, area, flat_number, balance, cladr_id, building_id)
    VALUES (335, 131, 335, 0, 1, 1);
INSERT INTO dweller_lives_in_flat(person_id, flat_id)
    VALUES (335, 335);
INSERT INTO meter(meter_id, installation_date, type, title, meter_unit_id, active, flat_id)
    VALUES (670, '01/01/2012', 'Water', 'Cold water in kitchen test335', 1, true, 335);
INSERT INTO meter(meter_id, installation_date, type, title, meter_unit_id, active, flat_id)
    VALUES (671, '01/01/2012', 'Electricity', 'Electricity in hall test335', 2, true, 335);
INSERT INTO Meter_reading(value, date, paid, meter_id)
        VALUES (334, '2012-1-8', false, 670);
INSERT INTO Meter_reading(value, date, paid, meter_id)
        VALUES (396, '2012-1-20', false, 670);
INSERT INTO Meter_reading(value, date, paid, meter_id)
        VALUES (424, '2012-2-4', false, 670);
INSERT INTO Meter_reading(value, date, paid, meter_id)
        VALUES (465, '2012-2-7', false, 670);
INSERT INTO Meter_reading(value, date, paid, meter_id)
        VALUES (526, '2012-2-18', false, 670);
INSERT INTO Meter_reading(value, date, paid, meter_id)
        VALUES (563, '2012-3-4', false, 670);
INSERT INTO Meter_reading(value, date, paid, meter_id)
        VALUES (649, '2012-3-15', false, 670);
INSERT INTO Meter_reading(value, date, paid, meter_id)
        VALUES (662, '2012-3-16', false, 670);
INSERT INTO Meter_reading(value, date, paid, meter_id)
        VALUES (740, '2012-4-2', false, 670);
INSERT INTO Meter_reading(value, date, paid, meter_id)
        VALUES (743, '2012-4-13', false, 670);
INSERT INTO Meter_reading(value, date, paid, meter_id)
        VALUES (769, '2012-4-16', false, 670);
INSERT INTO Meter_reading(value, date, paid, meter_id)
        VALUES (841, '2012-5-1', false, 670);
INSERT INTO Meter_reading(value, date, paid, meter_id)
        VALUES (47, '2012-1-5', false, 671);
INSERT INTO Meter_reading(value, date, paid, meter_id)
        VALUES (76, '2012-1-19', false, 671);
INSERT INTO Meter_reading(value, date, paid, meter_id)
        VALUES (88, '2012-1-21', false, 671);
INSERT INTO Meter_reading(value, date, paid, meter_id)
        VALUES (97, '2012-2-5', false, 671);
INSERT INTO Meter_reading(value, date, paid, meter_id)
        VALUES (122, '2012-2-11', false, 671);
INSERT INTO Meter_reading(value, date, paid, meter_id)
        VALUES (134, '2012-2-20', false, 671);
INSERT INTO Meter_reading(value, date, paid, meter_id)
        VALUES (159, '2012-3-5', false, 671);
INSERT INTO Meter_reading(value, date, paid, meter_id)
        VALUES (166, '2012-3-14', false, 671);
INSERT INTO Meter_reading(value, date, paid, meter_id)
        VALUES (170, '2012-3-20', false, 671);
INSERT INTO person(person_id, name, surname, paternal_name, registration_date, email, password_hash, is_admin) 
    VALUES (336, 'test336', 'test336', '', '01/01/2012', 'test336', '098f6bcd4621d373cade4e832627b4f6', false);
INSERT INTO dweller VALUES (336);
INSERT INTO flat(flat_id, area, flat_number, balance, cladr_id, building_id)
    VALUES (336, 290, 336, 0, 1, 1);
INSERT INTO dweller_lives_in_flat(person_id, flat_id)
    VALUES (336, 336);
INSERT INTO meter(meter_id, installation_date, type, title, meter_unit_id, active, flat_id)
    VALUES (672, '01/01/2012', 'Water', 'Cold water in kitchen test336', 1, true, 336);
INSERT INTO meter(meter_id, installation_date, type, title, meter_unit_id, active, flat_id)
    VALUES (673, '01/01/2012', 'Electricity', 'Electricity in hall test336', 2, true, 336);
INSERT INTO Meter_reading(value, date, paid, meter_id)
        VALUES (83, '2012-1-12', false, 672);
INSERT INTO Meter_reading(value, date, paid, meter_id)
        VALUES (97, '2012-1-22', false, 672);
INSERT INTO Meter_reading(value, date, paid, meter_id)
        VALUES (126, '2012-1-26', false, 672);
INSERT INTO Meter_reading(value, date, paid, meter_id)
        VALUES (171, '2012-2-10', false, 672);
INSERT INTO Meter_reading(value, date, paid, meter_id)
        VALUES (198, '2012-2-16', false, 672);
INSERT INTO Meter_reading(value, date, paid, meter_id)
        VALUES (213, '2012-2-22', false, 672);
INSERT INTO Meter_reading(value, date, paid, meter_id)
        VALUES (226, '2012-3-8', false, 672);
INSERT INTO Meter_reading(value, date, paid, meter_id)
        VALUES (251, '2012-3-18', false, 672);
INSERT INTO Meter_reading(value, date, paid, meter_id)
        VALUES (292, '2012-4-5', false, 672);
INSERT INTO Meter_reading(value, date, paid, meter_id)
        VALUES (299, '2012-4-12', false, 672);
INSERT INTO Meter_reading(value, date, paid, meter_id)
        VALUES (79, '2012-1-6', false, 673);
INSERT INTO Meter_reading(value, date, paid, meter_id)
        VALUES (95, '2012-1-17', false, 673);
INSERT INTO Meter_reading(value, date, paid, meter_id)
        VALUES (118, '2012-2-4', false, 673);
INSERT INTO Meter_reading(value, date, paid, meter_id)
        VALUES (147, '2012-2-10', false, 673);
INSERT INTO Meter_reading(value, date, paid, meter_id)
        VALUES (168, '2012-2-14', false, 673);
INSERT INTO Meter_reading(value, date, paid, meter_id)
        VALUES (171, '2012-2-16', false, 673);
INSERT INTO Meter_reading(value, date, paid, meter_id)
        VALUES (183, '2012-2-18', false, 673);
INSERT INTO person(person_id, name, surname, paternal_name, registration_date, email, password_hash, is_admin) 
    VALUES (337, 'test337', 'test337', '', '01/01/2012', 'test337', '098f6bcd4621d373cade4e832627b4f6', false);
INSERT INTO dweller VALUES (337);
INSERT INTO flat(flat_id, area, flat_number, balance, cladr_id, building_id)
    VALUES (337, 70, 337, 0, 1, 1);
INSERT INTO dweller_lives_in_flat(person_id, flat_id)
    VALUES (337, 337);
INSERT INTO meter(meter_id, installation_date, type, title, meter_unit_id, active, flat_id)
    VALUES (674, '01/01/2012', 'Water', 'Cold water in kitchen test337', 1, true, 337);
INSERT INTO meter(meter_id, installation_date, type, title, meter_unit_id, active, flat_id)
    VALUES (675, '01/01/2012', 'Electricity', 'Electricity in hall test337', 2, true, 337);
INSERT INTO Meter_reading(value, date, paid, meter_id)
        VALUES (67, '2012-1-5', false, 674);
INSERT INTO Meter_reading(value, date, paid, meter_id)
        VALUES (94, '2012-1-6', false, 674);
INSERT INTO Meter_reading(value, date, paid, meter_id)
        VALUES (110, '2012-1-9', false, 674);
INSERT INTO Meter_reading(value, date, paid, meter_id)
        VALUES (118, '2012-1-23', false, 674);
INSERT INTO Meter_reading(value, date, paid, meter_id)
        VALUES (146, '2012-2-6', false, 674);
INSERT INTO Meter_reading(value, date, paid, meter_id)
        VALUES (213, '2012-1-12', false, 675);
INSERT INTO Meter_reading(value, date, paid, meter_id)
        VALUES (219, '2012-1-22', false, 675);
INSERT INTO Meter_reading(value, date, paid, meter_id)
        VALUES (227, '2012-2-9', false, 675);
INSERT INTO Meter_reading(value, date, paid, meter_id)
        VALUES (234, '2012-2-11', false, 675);
INSERT INTO Meter_reading(value, date, paid, meter_id)
        VALUES (238, '2012-2-20', false, 675);
INSERT INTO Meter_reading(value, date, paid, meter_id)
        VALUES (242, '2012-2-22', false, 675);
INSERT INTO person(person_id, name, surname, paternal_name, registration_date, email, password_hash, is_admin) 
    VALUES (338, 'test338', 'test338', '', '01/01/2012', 'test338', '098f6bcd4621d373cade4e832627b4f6', false);
INSERT INTO dweller VALUES (338);
INSERT INTO flat(flat_id, area, flat_number, balance, cladr_id, building_id)
    VALUES (338, 210, 338, 0, 1, 1);
INSERT INTO dweller_lives_in_flat(person_id, flat_id)
    VALUES (338, 338);
INSERT INTO meter(meter_id, installation_date, type, title, meter_unit_id, active, flat_id)
    VALUES (676, '01/01/2012', 'Water', 'Cold water in kitchen test338', 1, true, 338);
INSERT INTO meter(meter_id, installation_date, type, title, meter_unit_id, active, flat_id)
    VALUES (677, '01/01/2012', 'Electricity', 'Electricity in hall test338', 2, true, 338);
INSERT INTO Meter_reading(value, date, paid, meter_id)
        VALUES (18, '2012-1-4', false, 676);
INSERT INTO Meter_reading(value, date, paid, meter_id)
        VALUES (19, '2012-1-6', false, 676);
INSERT INTO Meter_reading(value, date, paid, meter_id)
        VALUES (38, '2012-1-11', false, 676);
INSERT INTO Meter_reading(value, date, paid, meter_id)
        VALUES (48, '2012-1-13', false, 676);
INSERT INTO Meter_reading(value, date, paid, meter_id)
        VALUES (71, '2012-1-23', false, 676);
INSERT INTO Meter_reading(value, date, paid, meter_id)
        VALUES (97, '2012-1-26', false, 676);
INSERT INTO Meter_reading(value, date, paid, meter_id)
        VALUES (136, '2012-1-9', false, 677);
INSERT INTO Meter_reading(value, date, paid, meter_id)
        VALUES (192, '2012-1-17', false, 677);
INSERT INTO Meter_reading(value, date, paid, meter_id)
        VALUES (216, '2012-2-4', false, 677);
INSERT INTO Meter_reading(value, date, paid, meter_id)
        VALUES (302, '2012-2-14', false, 677);
INSERT INTO Meter_reading(value, date, paid, meter_id)
        VALUES (381, '2012-2-24', false, 677);
INSERT INTO Meter_reading(value, date, paid, meter_id)
        VALUES (411, '2012-3-11', false, 677);
INSERT INTO Meter_reading(value, date, paid, meter_id)
        VALUES (446, '2012-3-18', false, 677);
INSERT INTO Meter_reading(value, date, paid, meter_id)
        VALUES (452, '2012-3-21', false, 677);
INSERT INTO Meter_reading(value, date, paid, meter_id)
        VALUES (527, '2012-3-24', false, 677);
INSERT INTO Meter_reading(value, date, paid, meter_id)
        VALUES (597, '2012-4-10', false, 677);
INSERT INTO Meter_reading(value, date, paid, meter_id)
        VALUES (673, '2012-4-13', false, 677);
INSERT INTO Meter_reading(value, date, paid, meter_id)
        VALUES (701, '2012-4-26', false, 677);
INSERT INTO Meter_reading(value, date, paid, meter_id)
        VALUES (760, '2012-5-12', false, 677);
INSERT INTO Meter_reading(value, date, paid, meter_id)
        VALUES (844, '2012-5-13', false, 677);
INSERT INTO person(person_id, name, surname, paternal_name, registration_date, email, password_hash, is_admin) 
    VALUES (339, 'test339', 'test339', '', '01/01/2012', 'test339', '098f6bcd4621d373cade4e832627b4f6', false);
INSERT INTO dweller VALUES (339);
INSERT INTO flat(flat_id, area, flat_number, balance, cladr_id, building_id)
    VALUES (339, 210, 339, 0, 1, 1);
INSERT INTO dweller_lives_in_flat(person_id, flat_id)
    VALUES (339, 339);
INSERT INTO meter(meter_id, installation_date, type, title, meter_unit_id, active, flat_id)
    VALUES (678, '01/01/2012', 'Water', 'Cold water in kitchen test339', 1, true, 339);
INSERT INTO meter(meter_id, installation_date, type, title, meter_unit_id, active, flat_id)
    VALUES (679, '01/01/2012', 'Electricity', 'Electricity in hall test339', 2, true, 339);
INSERT INTO Meter_reading(value, date, paid, meter_id)
        VALUES (257, '2012-1-8', false, 678);
INSERT INTO Meter_reading(value, date, paid, meter_id)
        VALUES (265, '2012-1-18', false, 678);
INSERT INTO Meter_reading(value, date, paid, meter_id)
        VALUES (269, '2012-1-24', false, 678);
INSERT INTO Meter_reading(value, date, paid, meter_id)
        VALUES (277, '2012-2-9', false, 678);
INSERT INTO Meter_reading(value, date, paid, meter_id)
        VALUES (286, '2012-2-14', false, 678);
INSERT INTO Meter_reading(value, date, paid, meter_id)
        VALUES (291, '2012-2-27', false, 678);
INSERT INTO Meter_reading(value, date, paid, meter_id)
        VALUES (296, '2012-3-1', false, 678);
INSERT INTO Meter_reading(value, date, paid, meter_id)
        VALUES (301, '2012-3-8', false, 678);
INSERT INTO Meter_reading(value, date, paid, meter_id)
        VALUES (306, '2012-3-11', false, 678);
INSERT INTO Meter_reading(value, date, paid, meter_id)
        VALUES (313, '2012-3-14', false, 678);
INSERT INTO Meter_reading(value, date, paid, meter_id)
        VALUES (12, '2012-1-11', false, 679);
INSERT INTO Meter_reading(value, date, paid, meter_id)
        VALUES (13, '2012-1-15', false, 679);
INSERT INTO Meter_reading(value, date, paid, meter_id)
        VALUES (32, '2012-1-27', false, 679);
INSERT INTO Meter_reading(value, date, paid, meter_id)
        VALUES (38, '2012-2-8', false, 679);
INSERT INTO Meter_reading(value, date, paid, meter_id)
        VALUES (40, '2012-2-16', false, 679);
INSERT INTO Meter_reading(value, date, paid, meter_id)
        VALUES (42, '2012-2-26', false, 679);
INSERT INTO Meter_reading(value, date, paid, meter_id)
        VALUES (65, '2012-3-4', false, 679);
INSERT INTO Meter_reading(value, date, paid, meter_id)
        VALUES (75, '2012-3-16', false, 679);
INSERT INTO Meter_reading(value, date, paid, meter_id)
        VALUES (87, '2012-3-20', false, 679);
INSERT INTO Meter_reading(value, date, paid, meter_id)
        VALUES (110, '2012-3-26', false, 679);
INSERT INTO Meter_reading(value, date, paid, meter_id)
        VALUES (130, '2012-4-5', false, 679);
INSERT INTO person(person_id, name, surname, paternal_name, registration_date, email, password_hash, is_admin) 
    VALUES (340, 'test340', 'test340', '', '01/01/2012', 'test340', '098f6bcd4621d373cade4e832627b4f6', false);
INSERT INTO dweller VALUES (340);
INSERT INTO flat(flat_id, area, flat_number, balance, cladr_id, building_id)
    VALUES (340, 245, 340, 0, 1, 1);
INSERT INTO dweller_lives_in_flat(person_id, flat_id)
    VALUES (340, 340);
INSERT INTO meter(meter_id, installation_date, type, title, meter_unit_id, active, flat_id)
    VALUES (680, '01/01/2012', 'Water', 'Cold water in kitchen test340', 1, true, 340);
INSERT INTO meter(meter_id, installation_date, type, title, meter_unit_id, active, flat_id)
    VALUES (681, '01/01/2012', 'Electricity', 'Electricity in hall test340', 2, true, 340);
INSERT INTO Meter_reading(value, date, paid, meter_id)
        VALUES (206, '2012-1-6', false, 680);
INSERT INTO Meter_reading(value, date, paid, meter_id)
        VALUES (209, '2012-1-14', false, 680);
INSERT INTO Meter_reading(value, date, paid, meter_id)
        VALUES (218, '2012-1-27', false, 680);
INSERT INTO Meter_reading(value, date, paid, meter_id)
        VALUES (235, '2012-2-10', false, 680);
INSERT INTO Meter_reading(value, date, paid, meter_id)
        VALUES (242, '2012-2-17', false, 680);
INSERT INTO Meter_reading(value, date, paid, meter_id)
        VALUES (270, '2012-2-24', false, 680);
INSERT INTO Meter_reading(value, date, paid, meter_id)
        VALUES (282, '2012-3-4', false, 680);
INSERT INTO Meter_reading(value, date, paid, meter_id)
        VALUES (306, '2012-3-16', false, 680);
INSERT INTO Meter_reading(value, date, paid, meter_id)
        VALUES (326, '2012-1-4', false, 681);
INSERT INTO Meter_reading(value, date, paid, meter_id)
        VALUES (355, '2012-1-7', false, 681);
INSERT INTO Meter_reading(value, date, paid, meter_id)
        VALUES (385, '2012-1-9', false, 681);
INSERT INTO Meter_reading(value, date, paid, meter_id)
        VALUES (476, '2012-1-14', false, 681);
INSERT INTO Meter_reading(value, date, paid, meter_id)
        VALUES (539, '2012-1-20', false, 681);
INSERT INTO person(person_id, name, surname, paternal_name, registration_date, email, password_hash, is_admin) 
    VALUES (341, 'test341', 'test341', '', '01/01/2012', 'test341', '098f6bcd4621d373cade4e832627b4f6', false);
INSERT INTO dweller VALUES (341);
INSERT INTO flat(flat_id, area, flat_number, balance, cladr_id, building_id)
    VALUES (341, 70, 341, 0, 1, 1);
INSERT INTO dweller_lives_in_flat(person_id, flat_id)
    VALUES (341, 341);
INSERT INTO meter(meter_id, installation_date, type, title, meter_unit_id, active, flat_id)
    VALUES (682, '01/01/2012', 'Water', 'Cold water in kitchen test341', 1, true, 341);
INSERT INTO meter(meter_id, installation_date, type, title, meter_unit_id, active, flat_id)
    VALUES (683, '01/01/2012', 'Electricity', 'Electricity in hall test341', 2, true, 341);
INSERT INTO Meter_reading(value, date, paid, meter_id)
        VALUES (269, '2012-1-16', false, 682);
INSERT INTO Meter_reading(value, date, paid, meter_id)
        VALUES (273, '2012-1-17', false, 682);
INSERT INTO Meter_reading(value, date, paid, meter_id)
        VALUES (275, '2012-1-26', false, 682);
INSERT INTO Meter_reading(value, date, paid, meter_id)
        VALUES (278, '2012-2-13', false, 682);
INSERT INTO Meter_reading(value, date, paid, meter_id)
        VALUES (286, '2012-2-26', false, 682);
INSERT INTO Meter_reading(value, date, paid, meter_id)
        VALUES (295, '2012-3-1', false, 682);
INSERT INTO Meter_reading(value, date, paid, meter_id)
        VALUES (304, '2012-3-7', false, 682);
INSERT INTO Meter_reading(value, date, paid, meter_id)
        VALUES (306, '2012-3-9', false, 682);
INSERT INTO Meter_reading(value, date, paid, meter_id)
        VALUES (313, '2012-3-12', false, 682);
INSERT INTO Meter_reading(value, date, paid, meter_id)
        VALUES (322, '2012-3-15', false, 682);
INSERT INTO Meter_reading(value, date, paid, meter_id)
        VALUES (231, '2012-1-5', false, 683);
INSERT INTO Meter_reading(value, date, paid, meter_id)
        VALUES (255, '2012-1-8', false, 683);
INSERT INTO Meter_reading(value, date, paid, meter_id)
        VALUES (266, '2012-1-11', false, 683);
INSERT INTO Meter_reading(value, date, paid, meter_id)
        VALUES (278, '2012-1-17', false, 683);
INSERT INTO Meter_reading(value, date, paid, meter_id)
        VALUES (287, '2012-2-1', false, 683);
INSERT INTO person(person_id, name, surname, paternal_name, registration_date, email, password_hash, is_admin) 
    VALUES (342, 'test342', 'test342', '', '01/01/2012', 'test342', '098f6bcd4621d373cade4e832627b4f6', false);
INSERT INTO dweller VALUES (342);
INSERT INTO flat(flat_id, area, flat_number, balance, cladr_id, building_id)
    VALUES (342, 91, 342, 0, 1, 1);
INSERT INTO dweller_lives_in_flat(person_id, flat_id)
    VALUES (342, 342);
INSERT INTO meter(meter_id, installation_date, type, title, meter_unit_id, active, flat_id)
    VALUES (684, '01/01/2012', 'Water', 'Cold water in kitchen test342', 1, true, 342);
INSERT INTO meter(meter_id, installation_date, type, title, meter_unit_id, active, flat_id)
    VALUES (685, '01/01/2012', 'Electricity', 'Electricity in hall test342', 2, true, 342);
INSERT INTO Meter_reading(value, date, paid, meter_id)
        VALUES (169, '2012-1-9', false, 684);
INSERT INTO Meter_reading(value, date, paid, meter_id)
        VALUES (193, '2012-1-18', false, 684);
INSERT INTO Meter_reading(value, date, paid, meter_id)
        VALUES (208, '2012-2-1', false, 684);
INSERT INTO Meter_reading(value, date, paid, meter_id)
        VALUES (225, '2012-2-10', false, 684);
INSERT INTO Meter_reading(value, date, paid, meter_id)
        VALUES (248, '2012-2-20', false, 684);
INSERT INTO Meter_reading(value, date, paid, meter_id)
        VALUES (277, '2012-3-2', false, 684);
INSERT INTO Meter_reading(value, date, paid, meter_id)
        VALUES (290, '2012-3-12', false, 684);
INSERT INTO Meter_reading(value, date, paid, meter_id)
        VALUES (314, '2012-3-14', false, 684);
INSERT INTO Meter_reading(value, date, paid, meter_id)
        VALUES (340, '2012-3-23', false, 684);
INSERT INTO Meter_reading(value, date, paid, meter_id)
        VALUES (362, '2012-3-25', false, 684);
INSERT INTO Meter_reading(value, date, paid, meter_id)
        VALUES (377, '2012-4-3', false, 684);
INSERT INTO Meter_reading(value, date, paid, meter_id)
        VALUES (201, '2012-1-14', false, 685);
INSERT INTO Meter_reading(value, date, paid, meter_id)
        VALUES (219, '2012-1-17', false, 685);
INSERT INTO Meter_reading(value, date, paid, meter_id)
        VALUES (234, '2012-1-23', false, 685);
INSERT INTO Meter_reading(value, date, paid, meter_id)
        VALUES (261, '2012-1-27', false, 685);
INSERT INTO Meter_reading(value, date, paid, meter_id)
        VALUES (295, '2012-2-10', false, 685);
INSERT INTO Meter_reading(value, date, paid, meter_id)
        VALUES (311, '2012-2-23', false, 685);
INSERT INTO Meter_reading(value, date, paid, meter_id)
        VALUES (338, '2012-2-25', false, 685);
INSERT INTO Meter_reading(value, date, paid, meter_id)
        VALUES (357, '2012-3-1', false, 685);
INSERT INTO Meter_reading(value, date, paid, meter_id)
        VALUES (385, '2012-3-4', false, 685);
INSERT INTO Meter_reading(value, date, paid, meter_id)
        VALUES (387, '2012-3-5', false, 685);
INSERT INTO Meter_reading(value, date, paid, meter_id)
        VALUES (398, '2012-3-9', false, 685);
INSERT INTO Meter_reading(value, date, paid, meter_id)
        VALUES (403, '2012-3-15', false, 685);
INSERT INTO person(person_id, name, surname, paternal_name, registration_date, email, password_hash, is_admin) 
    VALUES (343, 'test343', 'test343', '', '01/01/2012', 'test343', '098f6bcd4621d373cade4e832627b4f6', false);
INSERT INTO dweller VALUES (343);
INSERT INTO flat(flat_id, area, flat_number, balance, cladr_id, building_id)
    VALUES (343, 191, 343, 0, 1, 1);
INSERT INTO dweller_lives_in_flat(person_id, flat_id)
    VALUES (343, 343);
INSERT INTO meter(meter_id, installation_date, type, title, meter_unit_id, active, flat_id)
    VALUES (686, '01/01/2012', 'Water', 'Cold water in kitchen test343', 1, true, 343);
INSERT INTO meter(meter_id, installation_date, type, title, meter_unit_id, active, flat_id)
    VALUES (687, '01/01/2012', 'Electricity', 'Electricity in hall test343', 2, true, 343);
INSERT INTO Meter_reading(value, date, paid, meter_id)
        VALUES (165, '2012-1-3', false, 686);
INSERT INTO Meter_reading(value, date, paid, meter_id)
        VALUES (232, '2012-1-13', false, 686);
INSERT INTO Meter_reading(value, date, paid, meter_id)
        VALUES (253, '2012-1-21', false, 686);
INSERT INTO Meter_reading(value, date, paid, meter_id)
        VALUES (281, '2012-1-25', false, 686);
INSERT INTO Meter_reading(value, date, paid, meter_id)
        VALUES (316, '2012-2-6', false, 686);
INSERT INTO Meter_reading(value, date, paid, meter_id)
        VALUES (346, '2012-2-7', false, 686);
INSERT INTO Meter_reading(value, date, paid, meter_id)
        VALUES (395, '2012-2-12', false, 686);
INSERT INTO Meter_reading(value, date, paid, meter_id)
        VALUES (444, '2012-2-18', false, 686);
INSERT INTO Meter_reading(value, date, paid, meter_id)
        VALUES (254, '2012-1-13', false, 687);
INSERT INTO Meter_reading(value, date, paid, meter_id)
        VALUES (267, '2012-1-19', false, 687);
INSERT INTO Meter_reading(value, date, paid, meter_id)
        VALUES (276, '2012-1-22', false, 687);
INSERT INTO Meter_reading(value, date, paid, meter_id)
        VALUES (279, '2012-2-2', false, 687);
INSERT INTO Meter_reading(value, date, paid, meter_id)
        VALUES (301, '2012-2-7', false, 687);
INSERT INTO Meter_reading(value, date, paid, meter_id)
        VALUES (319, '2012-2-13', false, 687);
INSERT INTO Meter_reading(value, date, paid, meter_id)
        VALUES (327, '2012-2-24', false, 687);
INSERT INTO Meter_reading(value, date, paid, meter_id)
        VALUES (344, '2012-3-2', false, 687);
INSERT INTO person(person_id, name, surname, paternal_name, registration_date, email, password_hash, is_admin) 
    VALUES (344, 'test344', 'test344', '', '01/01/2012', 'test344', '098f6bcd4621d373cade4e832627b4f6', false);
INSERT INTO dweller VALUES (344);
INSERT INTO flat(flat_id, area, flat_number, balance, cladr_id, building_id)
    VALUES (344, 100, 344, 0, 1, 1);
INSERT INTO dweller_lives_in_flat(person_id, flat_id)
    VALUES (344, 344);
INSERT INTO meter(meter_id, installation_date, type, title, meter_unit_id, active, flat_id)
    VALUES (688, '01/01/2012', 'Water', 'Cold water in kitchen test344', 1, true, 344);
INSERT INTO meter(meter_id, installation_date, type, title, meter_unit_id, active, flat_id)
    VALUES (689, '01/01/2012', 'Electricity', 'Electricity in hall test344', 2, true, 344);
INSERT INTO Meter_reading(value, date, paid, meter_id)
        VALUES (115, '2012-1-12', false, 688);
INSERT INTO Meter_reading(value, date, paid, meter_id)
        VALUES (131, '2012-1-15', false, 688);
INSERT INTO Meter_reading(value, date, paid, meter_id)
        VALUES (159, '2012-1-24', false, 688);
INSERT INTO Meter_reading(value, date, paid, meter_id)
        VALUES (173, '2012-2-1', false, 688);
INSERT INTO Meter_reading(value, date, paid, meter_id)
        VALUES (181, '2012-2-11', false, 688);
INSERT INTO Meter_reading(value, date, paid, meter_id)
        VALUES (202, '2012-2-17', false, 688);
INSERT INTO Meter_reading(value, date, paid, meter_id)
        VALUES (206, '2012-2-27', false, 688);
INSERT INTO Meter_reading(value, date, paid, meter_id)
        VALUES (234, '2012-3-14', false, 688);
INSERT INTO Meter_reading(value, date, paid, meter_id)
        VALUES (235, '2012-3-15', false, 688);
INSERT INTO Meter_reading(value, date, paid, meter_id)
        VALUES (256, '2012-4-2', false, 688);
INSERT INTO Meter_reading(value, date, paid, meter_id)
        VALUES (281, '2012-4-7', false, 688);
INSERT INTO Meter_reading(value, date, paid, meter_id)
        VALUES (300, '2012-4-10', false, 688);
INSERT INTO Meter_reading(value, date, paid, meter_id)
        VALUES (305, '2012-4-19', false, 688);
INSERT INTO Meter_reading(value, date, paid, meter_id)
        VALUES (58, '2012-1-3', false, 689);
INSERT INTO Meter_reading(value, date, paid, meter_id)
        VALUES (68, '2012-1-10', false, 689);
INSERT INTO Meter_reading(value, date, paid, meter_id)
        VALUES (82, '2012-1-21', false, 689);
INSERT INTO Meter_reading(value, date, paid, meter_id)
        VALUES (104, '2012-2-7', false, 689);
INSERT INTO Meter_reading(value, date, paid, meter_id)
        VALUES (115, '2012-2-17', false, 689);
INSERT INTO Meter_reading(value, date, paid, meter_id)
        VALUES (128, '2012-2-24', false, 689);
INSERT INTO Meter_reading(value, date, paid, meter_id)
        VALUES (153, '2012-3-11', false, 689);
INSERT INTO person(person_id, name, surname, paternal_name, registration_date, email, password_hash, is_admin) 
    VALUES (345, 'test345', 'test345', '', '01/01/2012', 'test345', '098f6bcd4621d373cade4e832627b4f6', false);
INSERT INTO dweller VALUES (345);
INSERT INTO flat(flat_id, area, flat_number, balance, cladr_id, building_id)
    VALUES (345, 64, 345, 0, 1, 1);
INSERT INTO dweller_lives_in_flat(person_id, flat_id)
    VALUES (345, 345);
INSERT INTO meter(meter_id, installation_date, type, title, meter_unit_id, active, flat_id)
    VALUES (690, '01/01/2012', 'Water', 'Cold water in kitchen test345', 1, true, 345);
INSERT INTO meter(meter_id, installation_date, type, title, meter_unit_id, active, flat_id)
    VALUES (691, '01/01/2012', 'Electricity', 'Electricity in hall test345', 2, true, 345);
INSERT INTO Meter_reading(value, date, paid, meter_id)
        VALUES (155, '2012-1-14', false, 690);
INSERT INTO Meter_reading(value, date, paid, meter_id)
        VALUES (181, '2012-1-24', false, 690);
INSERT INTO Meter_reading(value, date, paid, meter_id)
        VALUES (220, '2012-2-3', false, 690);
INSERT INTO Meter_reading(value, date, paid, meter_id)
        VALUES (244, '2012-2-8', false, 690);
INSERT INTO Meter_reading(value, date, paid, meter_id)
        VALUES (280, '2012-2-10', false, 690);
INSERT INTO Meter_reading(value, date, paid, meter_id)
        VALUES (304, '2012-2-18', false, 690);
INSERT INTO Meter_reading(value, date, paid, meter_id)
        VALUES (315, '2012-3-5', false, 690);
INSERT INTO Meter_reading(value, date, paid, meter_id)
        VALUES (330, '2012-3-19', false, 690);
INSERT INTO Meter_reading(value, date, paid, meter_id)
        VALUES (353, '2012-4-5', false, 690);
INSERT INTO Meter_reading(value, date, paid, meter_id)
        VALUES (389, '2012-4-17', false, 690);
INSERT INTO Meter_reading(value, date, paid, meter_id)
        VALUES (423, '2012-4-26', false, 690);
INSERT INTO Meter_reading(value, date, paid, meter_id)
        VALUES (459, '2012-5-6', false, 690);
INSERT INTO Meter_reading(value, date, paid, meter_id)
        VALUES (497, '2012-5-19', false, 690);
INSERT INTO Meter_reading(value, date, paid, meter_id)
        VALUES (500, '2012-5-23', false, 690);
INSERT INTO Meter_reading(value, date, paid, meter_id)
        VALUES (220, '2012-1-5', false, 691);
INSERT INTO Meter_reading(value, date, paid, meter_id)
        VALUES (234, '2012-1-14', false, 691);
INSERT INTO Meter_reading(value, date, paid, meter_id)
        VALUES (262, '2012-1-26', false, 691);
INSERT INTO Meter_reading(value, date, paid, meter_id)
        VALUES (266, '2012-2-11', false, 691);
INSERT INTO Meter_reading(value, date, paid, meter_id)
        VALUES (278, '2012-2-12', false, 691);
INSERT INTO person(person_id, name, surname, paternal_name, registration_date, email, password_hash, is_admin) 
    VALUES (346, 'test346', 'test346', '', '01/01/2012', 'test346', '098f6bcd4621d373cade4e832627b4f6', false);
INSERT INTO dweller VALUES (346);
INSERT INTO flat(flat_id, area, flat_number, balance, cladr_id, building_id)
    VALUES (346, 79, 346, 0, 1, 1);
INSERT INTO dweller_lives_in_flat(person_id, flat_id)
    VALUES (346, 346);
INSERT INTO meter(meter_id, installation_date, type, title, meter_unit_id, active, flat_id)
    VALUES (692, '01/01/2012', 'Water', 'Cold water in kitchen test346', 1, true, 346);
INSERT INTO meter(meter_id, installation_date, type, title, meter_unit_id, active, flat_id)
    VALUES (693, '01/01/2012', 'Electricity', 'Electricity in hall test346', 2, true, 346);
INSERT INTO Meter_reading(value, date, paid, meter_id)
        VALUES (197, '2012-1-7', false, 692);
INSERT INTO Meter_reading(value, date, paid, meter_id)
        VALUES (224, '2012-1-14', false, 692);
INSERT INTO Meter_reading(value, date, paid, meter_id)
        VALUES (231, '2012-1-19', false, 692);
INSERT INTO Meter_reading(value, date, paid, meter_id)
        VALUES (236, '2012-1-21', false, 692);
INSERT INTO Meter_reading(value, date, paid, meter_id)
        VALUES (249, '2012-1-25', false, 692);
INSERT INTO Meter_reading(value, date, paid, meter_id)
        VALUES (253, '2012-2-3', false, 692);
INSERT INTO Meter_reading(value, date, paid, meter_id)
        VALUES (262, '2012-2-17', false, 692);
INSERT INTO Meter_reading(value, date, paid, meter_id)
        VALUES (266, '2012-2-22', false, 692);
INSERT INTO Meter_reading(value, date, paid, meter_id)
        VALUES (88, '2012-1-11', false, 693);
INSERT INTO Meter_reading(value, date, paid, meter_id)
        VALUES (114, '2012-1-18', false, 693);
INSERT INTO Meter_reading(value, date, paid, meter_id)
        VALUES (116, '2012-1-26', false, 693);
INSERT INTO Meter_reading(value, date, paid, meter_id)
        VALUES (130, '2012-1-27', false, 693);
INSERT INTO Meter_reading(value, date, paid, meter_id)
        VALUES (159, '2012-2-10', false, 693);
INSERT INTO Meter_reading(value, date, paid, meter_id)
        VALUES (188, '2012-2-11', false, 693);
INSERT INTO Meter_reading(value, date, paid, meter_id)
        VALUES (198, '2012-2-16', false, 693);
INSERT INTO person(person_id, name, surname, paternal_name, registration_date, email, password_hash, is_admin) 
    VALUES (347, 'test347', 'test347', '', '01/01/2012', 'test347', '098f6bcd4621d373cade4e832627b4f6', false);
INSERT INTO dweller VALUES (347);
INSERT INTO flat(flat_id, area, flat_number, balance, cladr_id, building_id)
    VALUES (347, 83, 347, 0, 1, 1);
INSERT INTO dweller_lives_in_flat(person_id, flat_id)
    VALUES (347, 347);
INSERT INTO meter(meter_id, installation_date, type, title, meter_unit_id, active, flat_id)
    VALUES (694, '01/01/2012', 'Water', 'Cold water in kitchen test347', 1, true, 347);
INSERT INTO meter(meter_id, installation_date, type, title, meter_unit_id, active, flat_id)
    VALUES (695, '01/01/2012', 'Electricity', 'Electricity in hall test347', 2, true, 347);
INSERT INTO Meter_reading(value, date, paid, meter_id)
        VALUES (212, '2012-1-15', false, 694);
INSERT INTO Meter_reading(value, date, paid, meter_id)
        VALUES (225, '2012-1-21', false, 694);
INSERT INTO Meter_reading(value, date, paid, meter_id)
        VALUES (232, '2012-2-3', false, 694);
INSERT INTO Meter_reading(value, date, paid, meter_id)
        VALUES (254, '2012-2-4', false, 694);
INSERT INTO Meter_reading(value, date, paid, meter_id)
        VALUES (267, '2012-2-15', false, 694);
INSERT INTO Meter_reading(value, date, paid, meter_id)
        VALUES (291, '2012-2-19', false, 694);
INSERT INTO Meter_reading(value, date, paid, meter_id)
        VALUES (301, '2012-2-23', false, 694);
INSERT INTO Meter_reading(value, date, paid, meter_id)
        VALUES (311, '2012-3-10', false, 694);
INSERT INTO Meter_reading(value, date, paid, meter_id)
        VALUES (291, '2012-1-10', false, 695);
INSERT INTO Meter_reading(value, date, paid, meter_id)
        VALUES (314, '2012-1-16', false, 695);
INSERT INTO Meter_reading(value, date, paid, meter_id)
        VALUES (326, '2012-1-24', false, 695);
INSERT INTO Meter_reading(value, date, paid, meter_id)
        VALUES (342, '2012-2-8', false, 695);
INSERT INTO Meter_reading(value, date, paid, meter_id)
        VALUES (366, '2012-2-9', false, 695);
INSERT INTO Meter_reading(value, date, paid, meter_id)
        VALUES (371, '2012-2-20', false, 695);
INSERT INTO Meter_reading(value, date, paid, meter_id)
        VALUES (379, '2012-2-27', false, 695);
INSERT INTO Meter_reading(value, date, paid, meter_id)
        VALUES (398, '2012-3-3', false, 695);
INSERT INTO Meter_reading(value, date, paid, meter_id)
        VALUES (401, '2012-3-11', false, 695);
INSERT INTO Meter_reading(value, date, paid, meter_id)
        VALUES (412, '2012-3-18', false, 695);
INSERT INTO person(person_id, name, surname, paternal_name, registration_date, email, password_hash, is_admin) 
    VALUES (348, 'test348', 'test348', '', '01/01/2012', 'test348', '098f6bcd4621d373cade4e832627b4f6', false);
INSERT INTO dweller VALUES (348);
INSERT INTO flat(flat_id, area, flat_number, balance, cladr_id, building_id)
    VALUES (348, 266, 348, 0, 1, 1);
INSERT INTO dweller_lives_in_flat(person_id, flat_id)
    VALUES (348, 348);
INSERT INTO meter(meter_id, installation_date, type, title, meter_unit_id, active, flat_id)
    VALUES (696, '01/01/2012', 'Water', 'Cold water in kitchen test348', 1, true, 348);
INSERT INTO meter(meter_id, installation_date, type, title, meter_unit_id, active, flat_id)
    VALUES (697, '01/01/2012', 'Electricity', 'Electricity in hall test348', 2, true, 348);
INSERT INTO Meter_reading(value, date, paid, meter_id)
        VALUES (51, '2012-1-13', false, 696);
INSERT INTO Meter_reading(value, date, paid, meter_id)
        VALUES (70, '2012-1-24', false, 696);
INSERT INTO Meter_reading(value, date, paid, meter_id)
        VALUES (90, '2012-2-6', false, 696);
INSERT INTO Meter_reading(value, date, paid, meter_id)
        VALUES (106, '2012-2-18', false, 696);
INSERT INTO Meter_reading(value, date, paid, meter_id)
        VALUES (127, '2012-2-22', false, 696);
INSERT INTO Meter_reading(value, date, paid, meter_id)
        VALUES (128, '2012-2-25', false, 696);
INSERT INTO Meter_reading(value, date, paid, meter_id)
        VALUES (132, '2012-3-6', false, 696);
INSERT INTO Meter_reading(value, date, paid, meter_id)
        VALUES (139, '2012-3-14', false, 696);
INSERT INTO Meter_reading(value, date, paid, meter_id)
        VALUES (223, '2012-1-10', false, 697);
INSERT INTO Meter_reading(value, date, paid, meter_id)
        VALUES (225, '2012-1-22', false, 697);
INSERT INTO Meter_reading(value, date, paid, meter_id)
        VALUES (232, '2012-1-27', false, 697);
INSERT INTO Meter_reading(value, date, paid, meter_id)
        VALUES (237, '2012-2-13', false, 697);
INSERT INTO Meter_reading(value, date, paid, meter_id)
        VALUES (240, '2012-2-18', false, 697);
INSERT INTO Meter_reading(value, date, paid, meter_id)
        VALUES (243, '2012-3-2', false, 697);
INSERT INTO Meter_reading(value, date, paid, meter_id)
        VALUES (244, '2012-3-10', false, 697);
INSERT INTO Meter_reading(value, date, paid, meter_id)
        VALUES (253, '2012-3-24', false, 697);
INSERT INTO Meter_reading(value, date, paid, meter_id)
        VALUES (261, '2012-4-11', false, 697);
INSERT INTO Meter_reading(value, date, paid, meter_id)
        VALUES (262, '2012-4-17', false, 697);
INSERT INTO Meter_reading(value, date, paid, meter_id)
        VALUES (264, '2012-4-25', false, 697);
INSERT INTO Meter_reading(value, date, paid, meter_id)
        VALUES (268, '2012-5-1', false, 697);
INSERT INTO person(person_id, name, surname, paternal_name, registration_date, email, password_hash, is_admin) 
    VALUES (349, 'test349', 'test349', '', '01/01/2012', 'test349', '098f6bcd4621d373cade4e832627b4f6', false);
INSERT INTO dweller VALUES (349);
INSERT INTO flat(flat_id, area, flat_number, balance, cladr_id, building_id)
    VALUES (349, 213, 349, 0, 1, 1);
INSERT INTO dweller_lives_in_flat(person_id, flat_id)
    VALUES (349, 349);
INSERT INTO meter(meter_id, installation_date, type, title, meter_unit_id, active, flat_id)
    VALUES (698, '01/01/2012', 'Water', 'Cold water in kitchen test349', 1, true, 349);
INSERT INTO meter(meter_id, installation_date, type, title, meter_unit_id, active, flat_id)
    VALUES (699, '01/01/2012', 'Electricity', 'Electricity in hall test349', 2, true, 349);
INSERT INTO Meter_reading(value, date, paid, meter_id)
        VALUES (55, '2012-1-4', false, 698);
INSERT INTO Meter_reading(value, date, paid, meter_id)
        VALUES (82, '2012-1-6', false, 698);
INSERT INTO Meter_reading(value, date, paid, meter_id)
        VALUES (106, '2012-1-16', false, 698);
INSERT INTO Meter_reading(value, date, paid, meter_id)
        VALUES (135, '2012-1-24', false, 698);
INSERT INTO Meter_reading(value, date, paid, meter_id)
        VALUES (159, '2012-2-2', false, 698);
INSERT INTO Meter_reading(value, date, paid, meter_id)
        VALUES (177, '2012-2-4', false, 698);
INSERT INTO Meter_reading(value, date, paid, meter_id)
        VALUES (183, '2012-2-13', false, 698);
INSERT INTO Meter_reading(value, date, paid, meter_id)
        VALUES (209, '2012-2-22', false, 698);
INSERT INTO Meter_reading(value, date, paid, meter_id)
        VALUES (230, '2012-3-2', false, 698);
INSERT INTO Meter_reading(value, date, paid, meter_id)
        VALUES (42, '2012-1-12', false, 699);
INSERT INTO Meter_reading(value, date, paid, meter_id)
        VALUES (64, '2012-1-15', false, 699);
INSERT INTO Meter_reading(value, date, paid, meter_id)
        VALUES (79, '2012-1-26', false, 699);
INSERT INTO Meter_reading(value, date, paid, meter_id)
        VALUES (85, '2012-2-2', false, 699);
INSERT INTO Meter_reading(value, date, paid, meter_id)
        VALUES (97, '2012-2-7', false, 699);
INSERT INTO Meter_reading(value, date, paid, meter_id)
        VALUES (102, '2012-2-16', false, 699);
INSERT INTO Meter_reading(value, date, paid, meter_id)
        VALUES (125, '2012-2-19', false, 699);
INSERT INTO Meter_reading(value, date, paid, meter_id)
        VALUES (143, '2012-2-21', false, 699);
INSERT INTO Meter_reading(value, date, paid, meter_id)
        VALUES (145, '2012-2-26', false, 699);
INSERT INTO Meter_reading(value, date, paid, meter_id)
        VALUES (163, '2012-3-7', false, 699);
INSERT INTO Meter_reading(value, date, paid, meter_id)
        VALUES (192, '2012-3-16', false, 699);
INSERT INTO Meter_reading(value, date, paid, meter_id)
        VALUES (201, '2012-3-25', false, 699);
INSERT INTO Meter_reading(value, date, paid, meter_id)
        VALUES (217, '2012-4-8', false, 699);
INSERT INTO person(person_id, name, surname, paternal_name, registration_date, email, password_hash, is_admin) 
    VALUES (350, 'test350', 'test350', '', '01/01/2012', 'test350', '098f6bcd4621d373cade4e832627b4f6', false);
INSERT INTO dweller VALUES (350);
INSERT INTO flat(flat_id, area, flat_number, balance, cladr_id, building_id)
    VALUES (350, 83, 350, 0, 1, 1);
INSERT INTO dweller_lives_in_flat(person_id, flat_id)
    VALUES (350, 350);
INSERT INTO meter(meter_id, installation_date, type, title, meter_unit_id, active, flat_id)
    VALUES (700, '01/01/2012', 'Water', 'Cold water in kitchen test350', 1, true, 350);
INSERT INTO meter(meter_id, installation_date, type, title, meter_unit_id, active, flat_id)
    VALUES (701, '01/01/2012', 'Electricity', 'Electricity in hall test350', 2, true, 350);
INSERT INTO Meter_reading(value, date, paid, meter_id)
        VALUES (174, '2012-1-7', false, 700);
INSERT INTO Meter_reading(value, date, paid, meter_id)
        VALUES (199, '2012-1-10', false, 700);
INSERT INTO Meter_reading(value, date, paid, meter_id)
        VALUES (214, '2012-1-13', false, 700);
INSERT INTO Meter_reading(value, date, paid, meter_id)
        VALUES (238, '2012-1-16', false, 700);
INSERT INTO Meter_reading(value, date, paid, meter_id)
        VALUES (265, '2012-1-21', false, 700);
INSERT INTO Meter_reading(value, date, paid, meter_id)
        VALUES (290, '2012-1-8', false, 701);
INSERT INTO Meter_reading(value, date, paid, meter_id)
        VALUES (311, '2012-1-16', false, 701);
INSERT INTO Meter_reading(value, date, paid, meter_id)
        VALUES (316, '2012-2-2', false, 701);
INSERT INTO Meter_reading(value, date, paid, meter_id)
        VALUES (321, '2012-2-14', false, 701);
INSERT INTO Meter_reading(value, date, paid, meter_id)
        VALUES (325, '2012-2-22', false, 701);
INSERT INTO Meter_reading(value, date, paid, meter_id)
        VALUES (329, '2012-3-1', false, 701);
INSERT INTO Meter_reading(value, date, paid, meter_id)
        VALUES (358, '2012-3-3', false, 701);
INSERT INTO Meter_reading(value, date, paid, meter_id)
        VALUES (374, '2012-3-16', false, 701);
INSERT INTO Meter_reading(value, date, paid, meter_id)
        VALUES (381, '2012-4-2', false, 701);
INSERT INTO person(person_id, name, surname, paternal_name, registration_date, email, password_hash, is_admin) 
    VALUES (351, 'test351', 'test351', '', '01/01/2012', 'test351', '098f6bcd4621d373cade4e832627b4f6', false);
INSERT INTO dweller VALUES (351);
INSERT INTO flat(flat_id, area, flat_number, balance, cladr_id, building_id)
    VALUES (351, 136, 351, 0, 1, 1);
INSERT INTO dweller_lives_in_flat(person_id, flat_id)
    VALUES (351, 351);
INSERT INTO meter(meter_id, installation_date, type, title, meter_unit_id, active, flat_id)
    VALUES (702, '01/01/2012', 'Water', 'Cold water in kitchen test351', 1, true, 351);
INSERT INTO meter(meter_id, installation_date, type, title, meter_unit_id, active, flat_id)
    VALUES (703, '01/01/2012', 'Electricity', 'Electricity in hall test351', 2, true, 351);
INSERT INTO Meter_reading(value, date, paid, meter_id)
        VALUES (268, '2012-1-12', false, 702);
INSERT INTO Meter_reading(value, date, paid, meter_id)
        VALUES (308, '2012-1-13', false, 702);
INSERT INTO Meter_reading(value, date, paid, meter_id)
        VALUES (331, '2012-1-19', false, 702);
INSERT INTO Meter_reading(value, date, paid, meter_id)
        VALUES (386, '2012-2-3', false, 702);
INSERT INTO Meter_reading(value, date, paid, meter_id)
        VALUES (401, '2012-2-15', false, 702);
INSERT INTO Meter_reading(value, date, paid, meter_id)
        VALUES (432, '2012-2-25', false, 702);
INSERT INTO Meter_reading(value, date, paid, meter_id)
        VALUES (484, '2012-2-26', false, 702);
INSERT INTO Meter_reading(value, date, paid, meter_id)
        VALUES (541, '2012-3-2', false, 702);
INSERT INTO Meter_reading(value, date, paid, meter_id)
        VALUES (550, '2012-3-14', false, 702);
INSERT INTO Meter_reading(value, date, paid, meter_id)
        VALUES (620, '2012-3-18', false, 702);
INSERT INTO Meter_reading(value, date, paid, meter_id)
        VALUES (649, '2012-4-2', false, 702);
INSERT INTO Meter_reading(value, date, paid, meter_id)
        VALUES (651, '2012-4-7', false, 702);
INSERT INTO Meter_reading(value, date, paid, meter_id)
        VALUES (703, '2012-4-10', false, 702);
INSERT INTO Meter_reading(value, date, paid, meter_id)
        VALUES (195, '2012-1-9', false, 703);
INSERT INTO Meter_reading(value, date, paid, meter_id)
        VALUES (200, '2012-1-13', false, 703);
INSERT INTO Meter_reading(value, date, paid, meter_id)
        VALUES (213, '2012-1-23', false, 703);
INSERT INTO Meter_reading(value, date, paid, meter_id)
        VALUES (218, '2012-2-9', false, 703);
INSERT INTO Meter_reading(value, date, paid, meter_id)
        VALUES (235, '2012-2-11', false, 703);
INSERT INTO Meter_reading(value, date, paid, meter_id)
        VALUES (241, '2012-2-19', false, 703);
INSERT INTO Meter_reading(value, date, paid, meter_id)
        VALUES (269, '2012-2-25', false, 703);
INSERT INTO Meter_reading(value, date, paid, meter_id)
        VALUES (283, '2012-3-6', false, 703);
INSERT INTO Meter_reading(value, date, paid, meter_id)
        VALUES (299, '2012-3-10', false, 703);
INSERT INTO Meter_reading(value, date, paid, meter_id)
        VALUES (316, '2012-3-19', false, 703);
INSERT INTO Meter_reading(value, date, paid, meter_id)
        VALUES (326, '2012-4-2', false, 703);
INSERT INTO Meter_reading(value, date, paid, meter_id)
        VALUES (333, '2012-4-5', false, 703);
INSERT INTO Meter_reading(value, date, paid, meter_id)
        VALUES (347, '2012-4-16', false, 703);
INSERT INTO person(person_id, name, surname, paternal_name, registration_date, email, password_hash, is_admin) 
    VALUES (352, 'test352', 'test352', '', '01/01/2012', 'test352', '098f6bcd4621d373cade4e832627b4f6', false);
INSERT INTO dweller VALUES (352);
INSERT INTO flat(flat_id, area, flat_number, balance, cladr_id, building_id)
    VALUES (352, 141, 352, 0, 1, 1);
INSERT INTO dweller_lives_in_flat(person_id, flat_id)
    VALUES (352, 352);
INSERT INTO meter(meter_id, installation_date, type, title, meter_unit_id, active, flat_id)
    VALUES (704, '01/01/2012', 'Water', 'Cold water in kitchen test352', 1, true, 352);
INSERT INTO meter(meter_id, installation_date, type, title, meter_unit_id, active, flat_id)
    VALUES (705, '01/01/2012', 'Electricity', 'Electricity in hall test352', 2, true, 352);
INSERT INTO Meter_reading(value, date, paid, meter_id)
        VALUES (207, '2012-1-12', false, 704);
INSERT INTO Meter_reading(value, date, paid, meter_id)
        VALUES (272, '2012-1-18', false, 704);
INSERT INTO Meter_reading(value, date, paid, meter_id)
        VALUES (326, '2012-2-2', false, 704);
INSERT INTO Meter_reading(value, date, paid, meter_id)
        VALUES (347, '2012-2-5', false, 704);
INSERT INTO Meter_reading(value, date, paid, meter_id)
        VALUES (368, '2012-2-17', false, 704);
INSERT INTO Meter_reading(value, date, paid, meter_id)
        VALUES (95, '2012-1-3', false, 705);
INSERT INTO Meter_reading(value, date, paid, meter_id)
        VALUES (96, '2012-1-10', false, 705);
INSERT INTO Meter_reading(value, date, paid, meter_id)
        VALUES (98, '2012-1-19', false, 705);
INSERT INTO Meter_reading(value, date, paid, meter_id)
        VALUES (108, '2012-1-24', false, 705);
INSERT INTO Meter_reading(value, date, paid, meter_id)
        VALUES (112, '2012-1-26', false, 705);
INSERT INTO Meter_reading(value, date, paid, meter_id)
        VALUES (126, '2012-2-11', false, 705);
INSERT INTO Meter_reading(value, date, paid, meter_id)
        VALUES (136, '2012-2-23', false, 705);
INSERT INTO Meter_reading(value, date, paid, meter_id)
        VALUES (147, '2012-2-26', false, 705);
INSERT INTO Meter_reading(value, date, paid, meter_id)
        VALUES (162, '2012-3-10', false, 705);
INSERT INTO Meter_reading(value, date, paid, meter_id)
        VALUES (175, '2012-3-24', false, 705);
INSERT INTO Meter_reading(value, date, paid, meter_id)
        VALUES (185, '2012-4-8', false, 705);
INSERT INTO Meter_reading(value, date, paid, meter_id)
        VALUES (191, '2012-4-11', false, 705);
INSERT INTO person(person_id, name, surname, paternal_name, registration_date, email, password_hash, is_admin) 
    VALUES (353, 'test353', 'test353', '', '01/01/2012', 'test353', '098f6bcd4621d373cade4e832627b4f6', false);
INSERT INTO dweller VALUES (353);
INSERT INTO flat(flat_id, area, flat_number, balance, cladr_id, building_id)
    VALUES (353, 135, 353, 0, 1, 1);
INSERT INTO dweller_lives_in_flat(person_id, flat_id)
    VALUES (353, 353);
INSERT INTO meter(meter_id, installation_date, type, title, meter_unit_id, active, flat_id)
    VALUES (706, '01/01/2012', 'Water', 'Cold water in kitchen test353', 1, true, 353);
INSERT INTO meter(meter_id, installation_date, type, title, meter_unit_id, active, flat_id)
    VALUES (707, '01/01/2012', 'Electricity', 'Electricity in hall test353', 2, true, 353);
INSERT INTO Meter_reading(value, date, paid, meter_id)
        VALUES (300, '2012-1-8', false, 706);
INSERT INTO Meter_reading(value, date, paid, meter_id)
        VALUES (310, '2012-1-17', false, 706);
INSERT INTO Meter_reading(value, date, paid, meter_id)
        VALUES (327, '2012-1-19', false, 706);
INSERT INTO Meter_reading(value, date, paid, meter_id)
        VALUES (337, '2012-1-20', false, 706);
INSERT INTO Meter_reading(value, date, paid, meter_id)
        VALUES (359, '2012-2-2', false, 706);
INSERT INTO Meter_reading(value, date, paid, meter_id)
        VALUES (383, '2012-2-9', false, 706);
INSERT INTO Meter_reading(value, date, paid, meter_id)
        VALUES (407, '2012-2-16', false, 706);
INSERT INTO Meter_reading(value, date, paid, meter_id)
        VALUES (422, '2012-3-2', false, 706);
INSERT INTO Meter_reading(value, date, paid, meter_id)
        VALUES (429, '2012-3-3', false, 706);
INSERT INTO Meter_reading(value, date, paid, meter_id)
        VALUES (448, '2012-3-12', false, 706);
INSERT INTO Meter_reading(value, date, paid, meter_id)
        VALUES (464, '2012-3-25', false, 706);
INSERT INTO Meter_reading(value, date, paid, meter_id)
        VALUES (473, '2012-4-6', false, 706);
INSERT INTO Meter_reading(value, date, paid, meter_id)
        VALUES (486, '2012-4-10', false, 706);
INSERT INTO Meter_reading(value, date, paid, meter_id)
        VALUES (504, '2012-4-23', false, 706);
INSERT INTO Meter_reading(value, date, paid, meter_id)
        VALUES (30, '2012-1-13', false, 707);
INSERT INTO Meter_reading(value, date, paid, meter_id)
        VALUES (32, '2012-1-21', false, 707);
INSERT INTO Meter_reading(value, date, paid, meter_id)
        VALUES (37, '2012-2-6', false, 707);
INSERT INTO Meter_reading(value, date, paid, meter_id)
        VALUES (42, '2012-2-8', false, 707);
INSERT INTO Meter_reading(value, date, paid, meter_id)
        VALUES (44, '2012-2-11', false, 707);
INSERT INTO person(person_id, name, surname, paternal_name, registration_date, email, password_hash, is_admin) 
    VALUES (354, 'test354', 'test354', '', '01/01/2012', 'test354', '098f6bcd4621d373cade4e832627b4f6', false);
INSERT INTO dweller VALUES (354);
INSERT INTO flat(flat_id, area, flat_number, balance, cladr_id, building_id)
    VALUES (354, 97, 354, 0, 1, 1);
INSERT INTO dweller_lives_in_flat(person_id, flat_id)
    VALUES (354, 354);
INSERT INTO meter(meter_id, installation_date, type, title, meter_unit_id, active, flat_id)
    VALUES (708, '01/01/2012', 'Water', 'Cold water in kitchen test354', 1, true, 354);
INSERT INTO meter(meter_id, installation_date, type, title, meter_unit_id, active, flat_id)
    VALUES (709, '01/01/2012', 'Electricity', 'Electricity in hall test354', 2, true, 354);
INSERT INTO Meter_reading(value, date, paid, meter_id)
        VALUES (170, '2012-1-9', false, 708);
INSERT INTO Meter_reading(value, date, paid, meter_id)
        VALUES (191, '2012-1-10', false, 708);
INSERT INTO Meter_reading(value, date, paid, meter_id)
        VALUES (208, '2012-1-17', false, 708);
INSERT INTO Meter_reading(value, date, paid, meter_id)
        VALUES (237, '2012-1-23', false, 708);
INSERT INTO Meter_reading(value, date, paid, meter_id)
        VALUES (247, '2012-2-3', false, 708);
INSERT INTO Meter_reading(value, date, paid, meter_id)
        VALUES (276, '2012-2-6', false, 708);
INSERT INTO Meter_reading(value, date, paid, meter_id)
        VALUES (278, '2012-2-8', false, 708);
INSERT INTO Meter_reading(value, date, paid, meter_id)
        VALUES (293, '2012-2-11', false, 708);
INSERT INTO Meter_reading(value, date, paid, meter_id)
        VALUES (303, '2012-2-21', false, 708);
INSERT INTO Meter_reading(value, date, paid, meter_id)
        VALUES (320, '2012-2-26', false, 708);
INSERT INTO Meter_reading(value, date, paid, meter_id)
        VALUES (342, '2012-3-6', false, 708);
INSERT INTO Meter_reading(value, date, paid, meter_id)
        VALUES (348, '2012-3-10', false, 708);
INSERT INTO Meter_reading(value, date, paid, meter_id)
        VALUES (359, '2012-3-12', false, 708);
INSERT INTO Meter_reading(value, date, paid, meter_id)
        VALUES (151, '2012-1-12', false, 709);
INSERT INTO Meter_reading(value, date, paid, meter_id)
        VALUES (157, '2012-1-26', false, 709);
INSERT INTO Meter_reading(value, date, paid, meter_id)
        VALUES (184, '2012-1-27', false, 709);
INSERT INTO Meter_reading(value, date, paid, meter_id)
        VALUES (224, '2012-2-2', false, 709);
INSERT INTO Meter_reading(value, date, paid, meter_id)
        VALUES (266, '2012-2-6', false, 709);
INSERT INTO Meter_reading(value, date, paid, meter_id)
        VALUES (305, '2012-2-7', false, 709);
INSERT INTO Meter_reading(value, date, paid, meter_id)
        VALUES (356, '2012-2-21', false, 709);
INSERT INTO Meter_reading(value, date, paid, meter_id)
        VALUES (358, '2012-3-1', false, 709);
INSERT INTO person(person_id, name, surname, paternal_name, registration_date, email, password_hash, is_admin) 
    VALUES (355, 'test355', 'test355', '', '01/01/2012', 'test355', '098f6bcd4621d373cade4e832627b4f6', false);
INSERT INTO dweller VALUES (355);
INSERT INTO flat(flat_id, area, flat_number, balance, cladr_id, building_id)
    VALUES (355, 312, 355, 0, 1, 1);
INSERT INTO dweller_lives_in_flat(person_id, flat_id)
    VALUES (355, 355);
INSERT INTO meter(meter_id, installation_date, type, title, meter_unit_id, active, flat_id)
    VALUES (710, '01/01/2012', 'Water', 'Cold water in kitchen test355', 1, true, 355);
INSERT INTO meter(meter_id, installation_date, type, title, meter_unit_id, active, flat_id)
    VALUES (711, '01/01/2012', 'Electricity', 'Electricity in hall test355', 2, true, 355);
INSERT INTO Meter_reading(value, date, paid, meter_id)
        VALUES (76, '2012-1-16', false, 710);
INSERT INTO Meter_reading(value, date, paid, meter_id)
        VALUES (79, '2012-1-24', false, 710);
INSERT INTO Meter_reading(value, date, paid, meter_id)
        VALUES (88, '2012-2-4', false, 710);
INSERT INTO Meter_reading(value, date, paid, meter_id)
        VALUES (99, '2012-2-10', false, 710);
INSERT INTO Meter_reading(value, date, paid, meter_id)
        VALUES (107, '2012-2-22', false, 710);
INSERT INTO Meter_reading(value, date, paid, meter_id)
        VALUES (121, '2012-2-27', false, 710);
INSERT INTO Meter_reading(value, date, paid, meter_id)
        VALUES (122, '2012-3-13', false, 710);
INSERT INTO Meter_reading(value, date, paid, meter_id)
        VALUES (135, '2012-3-24', false, 710);
INSERT INTO Meter_reading(value, date, paid, meter_id)
        VALUES (137, '2012-4-7', false, 710);
INSERT INTO Meter_reading(value, date, paid, meter_id)
        VALUES (150, '2012-4-16', false, 710);
INSERT INTO Meter_reading(value, date, paid, meter_id)
        VALUES (157, '2012-4-19', false, 710);
INSERT INTO Meter_reading(value, date, paid, meter_id)
        VALUES (59, '2012-1-11', false, 711);
INSERT INTO Meter_reading(value, date, paid, meter_id)
        VALUES (77, '2012-1-16', false, 711);
INSERT INTO Meter_reading(value, date, paid, meter_id)
        VALUES (82, '2012-1-18', false, 711);
INSERT INTO Meter_reading(value, date, paid, meter_id)
        VALUES (85, '2012-2-5', false, 711);
INSERT INTO Meter_reading(value, date, paid, meter_id)
        VALUES (107, '2012-2-12', false, 711);
INSERT INTO Meter_reading(value, date, paid, meter_id)
        VALUES (112, '2012-2-19', false, 711);
INSERT INTO Meter_reading(value, date, paid, meter_id)
        VALUES (125, '2012-2-22', false, 711);
INSERT INTO Meter_reading(value, date, paid, meter_id)
        VALUES (136, '2012-3-2', false, 711);
INSERT INTO Meter_reading(value, date, paid, meter_id)
        VALUES (138, '2012-3-11', false, 711);
INSERT INTO Meter_reading(value, date, paid, meter_id)
        VALUES (148, '2012-3-16', false, 711);
INSERT INTO Meter_reading(value, date, paid, meter_id)
        VALUES (176, '2012-4-1', false, 711);
INSERT INTO Meter_reading(value, date, paid, meter_id)
        VALUES (183, '2012-4-8', false, 711);
INSERT INTO person(person_id, name, surname, paternal_name, registration_date, email, password_hash, is_admin) 
    VALUES (356, 'test356', 'test356', '', '01/01/2012', 'test356', '098f6bcd4621d373cade4e832627b4f6', false);
INSERT INTO dweller VALUES (356);
INSERT INTO flat(flat_id, area, flat_number, balance, cladr_id, building_id)
    VALUES (356, 165, 356, 0, 1, 1);
INSERT INTO dweller_lives_in_flat(person_id, flat_id)
    VALUES (356, 356);
INSERT INTO meter(meter_id, installation_date, type, title, meter_unit_id, active, flat_id)
    VALUES (712, '01/01/2012', 'Water', 'Cold water in kitchen test356', 1, true, 356);
INSERT INTO meter(meter_id, installation_date, type, title, meter_unit_id, active, flat_id)
    VALUES (713, '01/01/2012', 'Electricity', 'Electricity in hall test356', 2, true, 356);
INSERT INTO Meter_reading(value, date, paid, meter_id)
        VALUES (166, '2012-1-14', false, 712);
INSERT INTO Meter_reading(value, date, paid, meter_id)
        VALUES (178, '2012-1-25', false, 712);
INSERT INTO Meter_reading(value, date, paid, meter_id)
        VALUES (186, '2012-2-3', false, 712);
INSERT INTO Meter_reading(value, date, paid, meter_id)
        VALUES (198, '2012-2-8', false, 712);
INSERT INTO Meter_reading(value, date, paid, meter_id)
        VALUES (203, '2012-2-14', false, 712);
INSERT INTO Meter_reading(value, date, paid, meter_id)
        VALUES (204, '2012-2-26', false, 712);
INSERT INTO Meter_reading(value, date, paid, meter_id)
        VALUES (207, '2012-3-9', false, 712);
INSERT INTO Meter_reading(value, date, paid, meter_id)
        VALUES (218, '2012-3-17', false, 712);
INSERT INTO Meter_reading(value, date, paid, meter_id)
        VALUES (229, '2012-3-20', false, 712);
INSERT INTO Meter_reading(value, date, paid, meter_id)
        VALUES (236, '2012-4-5', false, 712);
INSERT INTO Meter_reading(value, date, paid, meter_id)
        VALUES (241, '2012-4-14', false, 712);
INSERT INTO Meter_reading(value, date, paid, meter_id)
        VALUES (242, '2012-4-17', false, 712);
INSERT INTO Meter_reading(value, date, paid, meter_id)
        VALUES (245, '2012-4-24', false, 712);
INSERT INTO Meter_reading(value, date, paid, meter_id)
        VALUES (253, '2012-4-25', false, 712);
INSERT INTO Meter_reading(value, date, paid, meter_id)
        VALUES (306, '2012-1-12', false, 713);
INSERT INTO Meter_reading(value, date, paid, meter_id)
        VALUES (327, '2012-1-24', false, 713);
INSERT INTO Meter_reading(value, date, paid, meter_id)
        VALUES (329, '2012-2-11', false, 713);
INSERT INTO Meter_reading(value, date, paid, meter_id)
        VALUES (353, '2012-2-17', false, 713);
INSERT INTO Meter_reading(value, date, paid, meter_id)
        VALUES (364, '2012-2-27', false, 713);
INSERT INTO Meter_reading(value, date, paid, meter_id)
        VALUES (374, '2012-3-5', false, 713);
INSERT INTO Meter_reading(value, date, paid, meter_id)
        VALUES (396, '2012-3-16', false, 713);
INSERT INTO Meter_reading(value, date, paid, meter_id)
        VALUES (405, '2012-3-23', false, 713);
INSERT INTO Meter_reading(value, date, paid, meter_id)
        VALUES (428, '2012-4-4', false, 713);
INSERT INTO Meter_reading(value, date, paid, meter_id)
        VALUES (430, '2012-4-6', false, 713);
INSERT INTO person(person_id, name, surname, paternal_name, registration_date, email, password_hash, is_admin) 
    VALUES (357, 'test357', 'test357', '', '01/01/2012', 'test357', '098f6bcd4621d373cade4e832627b4f6', false);
INSERT INTO dweller VALUES (357);
INSERT INTO flat(flat_id, area, flat_number, balance, cladr_id, building_id)
    VALUES (357, 223, 357, 0, 1, 1);
INSERT INTO dweller_lives_in_flat(person_id, flat_id)
    VALUES (357, 357);
INSERT INTO meter(meter_id, installation_date, type, title, meter_unit_id, active, flat_id)
    VALUES (714, '01/01/2012', 'Water', 'Cold water in kitchen test357', 1, true, 357);
INSERT INTO meter(meter_id, installation_date, type, title, meter_unit_id, active, flat_id)
    VALUES (715, '01/01/2012', 'Electricity', 'Electricity in hall test357', 2, true, 357);
INSERT INTO Meter_reading(value, date, paid, meter_id)
        VALUES (82, '2012-1-12', false, 714);
INSERT INTO Meter_reading(value, date, paid, meter_id)
        VALUES (93, '2012-1-25', false, 714);
INSERT INTO Meter_reading(value, date, paid, meter_id)
        VALUES (113, '2012-2-11', false, 714);
INSERT INTO Meter_reading(value, date, paid, meter_id)
        VALUES (125, '2012-2-25', false, 714);
INSERT INTO Meter_reading(value, date, paid, meter_id)
        VALUES (148, '2012-3-9', false, 714);
INSERT INTO Meter_reading(value, date, paid, meter_id)
        VALUES (161, '2012-3-16', false, 714);
INSERT INTO Meter_reading(value, date, paid, meter_id)
        VALUES (176, '2012-4-2', false, 714);
INSERT INTO Meter_reading(value, date, paid, meter_id)
        VALUES (197, '2012-4-10', false, 714);
INSERT INTO Meter_reading(value, date, paid, meter_id)
        VALUES (215, '2012-4-14', false, 714);
INSERT INTO Meter_reading(value, date, paid, meter_id)
        VALUES (235, '2012-4-22', false, 714);
INSERT INTO Meter_reading(value, date, paid, meter_id)
        VALUES (241, '2012-5-7', false, 714);
INSERT INTO Meter_reading(value, date, paid, meter_id)
        VALUES (265, '2012-5-20', false, 714);
INSERT INTO Meter_reading(value, date, paid, meter_id)
        VALUES (269, '2012-6-7', false, 714);
INSERT INTO Meter_reading(value, date, paid, meter_id)
        VALUES (297, '2012-6-16', false, 714);
INSERT INTO Meter_reading(value, date, paid, meter_id)
        VALUES (58, '2012-1-8', false, 715);
INSERT INTO Meter_reading(value, date, paid, meter_id)
        VALUES (66, '2012-1-12', false, 715);
INSERT INTO Meter_reading(value, date, paid, meter_id)
        VALUES (70, '2012-1-19', false, 715);
INSERT INTO Meter_reading(value, date, paid, meter_id)
        VALUES (75, '2012-1-26', false, 715);
INSERT INTO Meter_reading(value, date, paid, meter_id)
        VALUES (84, '2012-2-11', false, 715);
INSERT INTO Meter_reading(value, date, paid, meter_id)
        VALUES (106, '2012-2-21', false, 715);
INSERT INTO Meter_reading(value, date, paid, meter_id)
        VALUES (115, '2012-2-22', false, 715);
INSERT INTO Meter_reading(value, date, paid, meter_id)
        VALUES (137, '2012-2-26', false, 715);
INSERT INTO Meter_reading(value, date, paid, meter_id)
        VALUES (139, '2012-3-10', false, 715);
INSERT INTO Meter_reading(value, date, paid, meter_id)
        VALUES (154, '2012-3-22', false, 715);
INSERT INTO Meter_reading(value, date, paid, meter_id)
        VALUES (172, '2012-4-4', false, 715);
INSERT INTO Meter_reading(value, date, paid, meter_id)
        VALUES (177, '2012-4-14', false, 715);
INSERT INTO person(person_id, name, surname, paternal_name, registration_date, email, password_hash, is_admin) 
    VALUES (358, 'test358', 'test358', '', '01/01/2012', 'test358', '098f6bcd4621d373cade4e832627b4f6', false);
INSERT INTO dweller VALUES (358);
INSERT INTO flat(flat_id, area, flat_number, balance, cladr_id, building_id)
    VALUES (358, 170, 358, 0, 1, 1);
INSERT INTO dweller_lives_in_flat(person_id, flat_id)
    VALUES (358, 358);
INSERT INTO meter(meter_id, installation_date, type, title, meter_unit_id, active, flat_id)
    VALUES (716, '01/01/2012', 'Water', 'Cold water in kitchen test358', 1, true, 358);
INSERT INTO meter(meter_id, installation_date, type, title, meter_unit_id, active, flat_id)
    VALUES (717, '01/01/2012', 'Electricity', 'Electricity in hall test358', 2, true, 358);
INSERT INTO Meter_reading(value, date, paid, meter_id)
        VALUES (85, '2012-1-12', false, 716);
INSERT INTO Meter_reading(value, date, paid, meter_id)
        VALUES (106, '2012-1-20', false, 716);
INSERT INTO Meter_reading(value, date, paid, meter_id)
        VALUES (134, '2012-2-7', false, 716);
INSERT INTO Meter_reading(value, date, paid, meter_id)
        VALUES (146, '2012-2-9', false, 716);
INSERT INTO Meter_reading(value, date, paid, meter_id)
        VALUES (165, '2012-2-14', false, 716);
INSERT INTO Meter_reading(value, date, paid, meter_id)
        VALUES (182, '2012-2-19', false, 716);
INSERT INTO Meter_reading(value, date, paid, meter_id)
        VALUES (189, '2012-3-5', false, 716);
INSERT INTO Meter_reading(value, date, paid, meter_id)
        VALUES (218, '2012-3-9', false, 716);
INSERT INTO Meter_reading(value, date, paid, meter_id)
        VALUES (228, '2012-3-17', false, 716);
INSERT INTO Meter_reading(value, date, paid, meter_id)
        VALUES (253, '2012-3-19', false, 716);
INSERT INTO Meter_reading(value, date, paid, meter_id)
        VALUES (267, '2012-4-6', false, 716);
INSERT INTO Meter_reading(value, date, paid, meter_id)
        VALUES (288, '2012-4-14', false, 716);
INSERT INTO Meter_reading(value, date, paid, meter_id)
        VALUES (291, '2012-5-1', false, 716);
INSERT INTO Meter_reading(value, date, paid, meter_id)
        VALUES (121, '2012-1-5', false, 717);
INSERT INTO Meter_reading(value, date, paid, meter_id)
        VALUES (147, '2012-1-14', false, 717);
INSERT INTO Meter_reading(value, date, paid, meter_id)
        VALUES (167, '2012-1-20', false, 717);
INSERT INTO Meter_reading(value, date, paid, meter_id)
        VALUES (202, '2012-1-24', false, 717);
INSERT INTO Meter_reading(value, date, paid, meter_id)
        VALUES (227, '2012-2-6', false, 717);
INSERT INTO Meter_reading(value, date, paid, meter_id)
        VALUES (240, '2012-2-20', false, 717);
INSERT INTO Meter_reading(value, date, paid, meter_id)
        VALUES (262, '2012-3-2', false, 717);
INSERT INTO person(person_id, name, surname, paternal_name, registration_date, email, password_hash, is_admin) 
    VALUES (359, 'test359', 'test359', '', '01/01/2012', 'test359', '098f6bcd4621d373cade4e832627b4f6', false);
INSERT INTO dweller VALUES (359);
INSERT INTO flat(flat_id, area, flat_number, balance, cladr_id, building_id)
    VALUES (359, 65, 359, 0, 1, 1);
INSERT INTO dweller_lives_in_flat(person_id, flat_id)
    VALUES (359, 359);
INSERT INTO meter(meter_id, installation_date, type, title, meter_unit_id, active, flat_id)
    VALUES (718, '01/01/2012', 'Water', 'Cold water in kitchen test359', 1, true, 359);
INSERT INTO meter(meter_id, installation_date, type, title, meter_unit_id, active, flat_id)
    VALUES (719, '01/01/2012', 'Electricity', 'Electricity in hall test359', 2, true, 359);
INSERT INTO Meter_reading(value, date, paid, meter_id)
        VALUES (36, '2012-1-9', false, 718);
INSERT INTO Meter_reading(value, date, paid, meter_id)
        VALUES (48, '2012-1-17', false, 718);
INSERT INTO Meter_reading(value, date, paid, meter_id)
        VALUES (50, '2012-2-2', false, 718);
INSERT INTO Meter_reading(value, date, paid, meter_id)
        VALUES (72, '2012-2-12', false, 718);
INSERT INTO Meter_reading(value, date, paid, meter_id)
        VALUES (73, '2012-2-24', false, 718);
INSERT INTO Meter_reading(value, date, paid, meter_id)
        VALUES (80, '2012-2-25', false, 718);
INSERT INTO Meter_reading(value, date, paid, meter_id)
        VALUES (104, '2012-3-4', false, 718);
INSERT INTO Meter_reading(value, date, paid, meter_id)
        VALUES (48, '2012-1-9', false, 719);
INSERT INTO Meter_reading(value, date, paid, meter_id)
        VALUES (84, '2012-1-16', false, 719);
INSERT INTO Meter_reading(value, date, paid, meter_id)
        VALUES (126, '2012-1-26', false, 719);
INSERT INTO Meter_reading(value, date, paid, meter_id)
        VALUES (163, '2012-2-3', false, 719);
INSERT INTO Meter_reading(value, date, paid, meter_id)
        VALUES (190, '2012-2-9', false, 719);
INSERT INTO Meter_reading(value, date, paid, meter_id)
        VALUES (193, '2012-2-17', false, 719);
INSERT INTO Meter_reading(value, date, paid, meter_id)
        VALUES (256, '2012-2-27', false, 719);
INSERT INTO Meter_reading(value, date, paid, meter_id)
        VALUES (296, '2012-3-13', false, 719);
INSERT INTO Meter_reading(value, date, paid, meter_id)
        VALUES (311, '2012-3-14', false, 719);
INSERT INTO person(person_id, name, surname, paternal_name, registration_date, email, password_hash, is_admin) 
    VALUES (360, 'test360', 'test360', '', '01/01/2012', 'test360', '098f6bcd4621d373cade4e832627b4f6', false);
INSERT INTO dweller VALUES (360);
INSERT INTO flat(flat_id, area, flat_number, balance, cladr_id, building_id)
    VALUES (360, 297, 360, 0, 1, 1);
INSERT INTO dweller_lives_in_flat(person_id, flat_id)
    VALUES (360, 360);
INSERT INTO meter(meter_id, installation_date, type, title, meter_unit_id, active, flat_id)
    VALUES (720, '01/01/2012', 'Water', 'Cold water in kitchen test360', 1, true, 360);
INSERT INTO meter(meter_id, installation_date, type, title, meter_unit_id, active, flat_id)
    VALUES (721, '01/01/2012', 'Electricity', 'Electricity in hall test360', 2, true, 360);
INSERT INTO Meter_reading(value, date, paid, meter_id)
        VALUES (209, '2012-1-4', false, 720);
INSERT INTO Meter_reading(value, date, paid, meter_id)
        VALUES (228, '2012-1-9', false, 720);
INSERT INTO Meter_reading(value, date, paid, meter_id)
        VALUES (241, '2012-1-19', false, 720);
INSERT INTO Meter_reading(value, date, paid, meter_id)
        VALUES (269, '2012-2-1', false, 720);
INSERT INTO Meter_reading(value, date, paid, meter_id)
        VALUES (276, '2012-2-10', false, 720);
INSERT INTO Meter_reading(value, date, paid, meter_id)
        VALUES (278, '2012-2-23', false, 720);
INSERT INTO Meter_reading(value, date, paid, meter_id)
        VALUES (300, '2012-2-27', false, 720);
INSERT INTO Meter_reading(value, date, paid, meter_id)
        VALUES (323, '2012-3-4', false, 720);
INSERT INTO Meter_reading(value, date, paid, meter_id)
        VALUES (333, '2012-3-6', false, 720);
INSERT INTO Meter_reading(value, date, paid, meter_id)
        VALUES (342, '2012-3-10', false, 720);
INSERT INTO Meter_reading(value, date, paid, meter_id)
        VALUES (217, '2012-1-14', false, 721);
INSERT INTO Meter_reading(value, date, paid, meter_id)
        VALUES (239, '2012-1-16', false, 721);
INSERT INTO Meter_reading(value, date, paid, meter_id)
        VALUES (264, '2012-1-22', false, 721);
INSERT INTO Meter_reading(value, date, paid, meter_id)
        VALUES (265, '2012-1-27', false, 721);
INSERT INTO Meter_reading(value, date, paid, meter_id)
        VALUES (288, '2012-2-4', false, 721);
INSERT INTO Meter_reading(value, date, paid, meter_id)
        VALUES (320, '2012-2-5', false, 721);
INSERT INTO person(person_id, name, surname, paternal_name, registration_date, email, password_hash, is_admin) 
    VALUES (361, 'test361', 'test361', '', '01/01/2012', 'test361', '098f6bcd4621d373cade4e832627b4f6', false);
INSERT INTO dweller VALUES (361);
INSERT INTO flat(flat_id, area, flat_number, balance, cladr_id, building_id)
    VALUES (361, 314, 361, 0, 1, 1);
INSERT INTO dweller_lives_in_flat(person_id, flat_id)
    VALUES (361, 361);
INSERT INTO meter(meter_id, installation_date, type, title, meter_unit_id, active, flat_id)
    VALUES (722, '01/01/2012', 'Water', 'Cold water in kitchen test361', 1, true, 361);
INSERT INTO meter(meter_id, installation_date, type, title, meter_unit_id, active, flat_id)
    VALUES (723, '01/01/2012', 'Electricity', 'Electricity in hall test361', 2, true, 361);
INSERT INTO Meter_reading(value, date, paid, meter_id)
        VALUES (145, '2012-1-5', false, 722);
INSERT INTO Meter_reading(value, date, paid, meter_id)
        VALUES (147, '2012-1-17', false, 722);
INSERT INTO Meter_reading(value, date, paid, meter_id)
        VALUES (153, '2012-1-19', false, 722);
INSERT INTO Meter_reading(value, date, paid, meter_id)
        VALUES (163, '2012-2-1', false, 722);
INSERT INTO Meter_reading(value, date, paid, meter_id)
        VALUES (168, '2012-2-12', false, 722);
INSERT INTO Meter_reading(value, date, paid, meter_id)
        VALUES (170, '2012-2-13', false, 722);
INSERT INTO Meter_reading(value, date, paid, meter_id)
        VALUES (178, '2012-2-15', false, 722);
INSERT INTO Meter_reading(value, date, paid, meter_id)
        VALUES (182, '2012-2-20', false, 722);
INSERT INTO Meter_reading(value, date, paid, meter_id)
        VALUES (196, '2012-1-3', false, 723);
INSERT INTO Meter_reading(value, date, paid, meter_id)
        VALUES (204, '2012-1-11', false, 723);
INSERT INTO Meter_reading(value, date, paid, meter_id)
        VALUES (215, '2012-1-18', false, 723);
INSERT INTO Meter_reading(value, date, paid, meter_id)
        VALUES (218, '2012-2-4', false, 723);
INSERT INTO Meter_reading(value, date, paid, meter_id)
        VALUES (233, '2012-2-11', false, 723);
INSERT INTO Meter_reading(value, date, paid, meter_id)
        VALUES (240, '2012-2-12', false, 723);
INSERT INTO person(person_id, name, surname, paternal_name, registration_date, email, password_hash, is_admin) 
    VALUES (362, 'test362', 'test362', '', '01/01/2012', 'test362', '098f6bcd4621d373cade4e832627b4f6', false);
INSERT INTO dweller VALUES (362);
INSERT INTO flat(flat_id, area, flat_number, balance, cladr_id, building_id)
    VALUES (362, 268, 362, 0, 1, 1);
INSERT INTO dweller_lives_in_flat(person_id, flat_id)
    VALUES (362, 362);
INSERT INTO meter(meter_id, installation_date, type, title, meter_unit_id, active, flat_id)
    VALUES (724, '01/01/2012', 'Water', 'Cold water in kitchen test362', 1, true, 362);
INSERT INTO meter(meter_id, installation_date, type, title, meter_unit_id, active, flat_id)
    VALUES (725, '01/01/2012', 'Electricity', 'Electricity in hall test362', 2, true, 362);
INSERT INTO Meter_reading(value, date, paid, meter_id)
        VALUES (97, '2012-1-14', false, 724);
INSERT INTO Meter_reading(value, date, paid, meter_id)
        VALUES (109, '2012-1-16', false, 724);
INSERT INTO Meter_reading(value, date, paid, meter_id)
        VALUES (124, '2012-1-27', false, 724);
INSERT INTO Meter_reading(value, date, paid, meter_id)
        VALUES (130, '2012-2-13', false, 724);
INSERT INTO Meter_reading(value, date, paid, meter_id)
        VALUES (151, '2012-2-16', false, 724);
INSERT INTO Meter_reading(value, date, paid, meter_id)
        VALUES (157, '2012-2-18', false, 724);
INSERT INTO Meter_reading(value, date, paid, meter_id)
        VALUES (176, '2012-2-19', false, 724);
INSERT INTO Meter_reading(value, date, paid, meter_id)
        VALUES (194, '2012-2-24', false, 724);
INSERT INTO Meter_reading(value, date, paid, meter_id)
        VALUES (213, '2012-3-11', false, 724);
INSERT INTO Meter_reading(value, date, paid, meter_id)
        VALUES (220, '2012-3-18', false, 724);
INSERT INTO Meter_reading(value, date, paid, meter_id)
        VALUES (229, '2012-3-20', false, 724);
INSERT INTO Meter_reading(value, date, paid, meter_id)
        VALUES (238, '2012-4-4', false, 724);
INSERT INTO Meter_reading(value, date, paid, meter_id)
        VALUES (243, '2012-4-5', false, 724);
INSERT INTO Meter_reading(value, date, paid, meter_id)
        VALUES (263, '2012-4-7', false, 724);
INSERT INTO Meter_reading(value, date, paid, meter_id)
        VALUES (51, '2012-1-12', false, 725);
INSERT INTO Meter_reading(value, date, paid, meter_id)
        VALUES (66, '2012-1-22', false, 725);
INSERT INTO Meter_reading(value, date, paid, meter_id)
        VALUES (72, '2012-2-2', false, 725);
INSERT INTO Meter_reading(value, date, paid, meter_id)
        VALUES (96, '2012-2-14', false, 725);
INSERT INTO Meter_reading(value, date, paid, meter_id)
        VALUES (106, '2012-3-1', false, 725);
INSERT INTO Meter_reading(value, date, paid, meter_id)
        VALUES (118, '2012-3-6', false, 725);
INSERT INTO Meter_reading(value, date, paid, meter_id)
        VALUES (146, '2012-3-19', false, 725);
INSERT INTO Meter_reading(value, date, paid, meter_id)
        VALUES (155, '2012-4-6', false, 725);
INSERT INTO Meter_reading(value, date, paid, meter_id)
        VALUES (164, '2012-4-14', false, 725);
INSERT INTO Meter_reading(value, date, paid, meter_id)
        VALUES (188, '2012-4-22', false, 725);
INSERT INTO person(person_id, name, surname, paternal_name, registration_date, email, password_hash, is_admin) 
    VALUES (363, 'test363', 'test363', '', '01/01/2012', 'test363', '098f6bcd4621d373cade4e832627b4f6', false);
INSERT INTO dweller VALUES (363);
INSERT INTO flat(flat_id, area, flat_number, balance, cladr_id, building_id)
    VALUES (363, 93, 363, 0, 1, 1);
INSERT INTO dweller_lives_in_flat(person_id, flat_id)
    VALUES (363, 363);
INSERT INTO meter(meter_id, installation_date, type, title, meter_unit_id, active, flat_id)
    VALUES (726, '01/01/2012', 'Water', 'Cold water in kitchen test363', 1, true, 363);
INSERT INTO meter(meter_id, installation_date, type, title, meter_unit_id, active, flat_id)
    VALUES (727, '01/01/2012', 'Electricity', 'Electricity in hall test363', 2, true, 363);
INSERT INTO Meter_reading(value, date, paid, meter_id)
        VALUES (63, '2012-1-5', false, 726);
INSERT INTO Meter_reading(value, date, paid, meter_id)
        VALUES (74, '2012-1-19', false, 726);
INSERT INTO Meter_reading(value, date, paid, meter_id)
        VALUES (102, '2012-1-24', false, 726);
INSERT INTO Meter_reading(value, date, paid, meter_id)
        VALUES (108, '2012-2-7', false, 726);
INSERT INTO Meter_reading(value, date, paid, meter_id)
        VALUES (118, '2012-2-19', false, 726);
INSERT INTO Meter_reading(value, date, paid, meter_id)
        VALUES (139, '2012-3-5', false, 726);
INSERT INTO Meter_reading(value, date, paid, meter_id)
        VALUES (159, '2012-3-13', false, 726);
INSERT INTO Meter_reading(value, date, paid, meter_id)
        VALUES (179, '2012-3-24', false, 726);
INSERT INTO Meter_reading(value, date, paid, meter_id)
        VALUES (281, '2012-1-9', false, 727);
INSERT INTO Meter_reading(value, date, paid, meter_id)
        VALUES (303, '2012-1-16', false, 727);
INSERT INTO Meter_reading(value, date, paid, meter_id)
        VALUES (311, '2012-1-26', false, 727);
INSERT INTO Meter_reading(value, date, paid, meter_id)
        VALUES (320, '2012-2-1', false, 727);
INSERT INTO Meter_reading(value, date, paid, meter_id)
        VALUES (330, '2012-2-11', false, 727);
INSERT INTO Meter_reading(value, date, paid, meter_id)
        VALUES (352, '2012-2-25', false, 727);
INSERT INTO person(person_id, name, surname, paternal_name, registration_date, email, password_hash, is_admin) 
    VALUES (364, 'test364', 'test364', '', '01/01/2012', 'test364', '098f6bcd4621d373cade4e832627b4f6', false);
INSERT INTO dweller VALUES (364);
INSERT INTO flat(flat_id, area, flat_number, balance, cladr_id, building_id)
    VALUES (364, 160, 364, 0, 1, 1);
INSERT INTO dweller_lives_in_flat(person_id, flat_id)
    VALUES (364, 364);
INSERT INTO meter(meter_id, installation_date, type, title, meter_unit_id, active, flat_id)
    VALUES (728, '01/01/2012', 'Water', 'Cold water in kitchen test364', 1, true, 364);
INSERT INTO meter(meter_id, installation_date, type, title, meter_unit_id, active, flat_id)
    VALUES (729, '01/01/2012', 'Electricity', 'Electricity in hall test364', 2, true, 364);
INSERT INTO Meter_reading(value, date, paid, meter_id)
        VALUES (93, '2012-1-13', false, 728);
INSERT INTO Meter_reading(value, date, paid, meter_id)
        VALUES (117, '2012-1-17', false, 728);
INSERT INTO Meter_reading(value, date, paid, meter_id)
        VALUES (126, '2012-2-2', false, 728);
INSERT INTO Meter_reading(value, date, paid, meter_id)
        VALUES (134, '2012-2-8', false, 728);
INSERT INTO Meter_reading(value, date, paid, meter_id)
        VALUES (145, '2012-2-12', false, 728);
INSERT INTO Meter_reading(value, date, paid, meter_id)
        VALUES (174, '2012-2-19', false, 728);
INSERT INTO Meter_reading(value, date, paid, meter_id)
        VALUES (68, '2012-1-16', false, 729);
INSERT INTO Meter_reading(value, date, paid, meter_id)
        VALUES (79, '2012-1-26', false, 729);
INSERT INTO Meter_reading(value, date, paid, meter_id)
        VALUES (87, '2012-2-5', false, 729);
INSERT INTO Meter_reading(value, date, paid, meter_id)
        VALUES (101, '2012-2-12', false, 729);
INSERT INTO Meter_reading(value, date, paid, meter_id)
        VALUES (127, '2012-2-26', false, 729);
INSERT INTO Meter_reading(value, date, paid, meter_id)
        VALUES (130, '2012-3-5', false, 729);
INSERT INTO Meter_reading(value, date, paid, meter_id)
        VALUES (133, '2012-3-14', false, 729);
INSERT INTO Meter_reading(value, date, paid, meter_id)
        VALUES (141, '2012-3-24', false, 729);
INSERT INTO Meter_reading(value, date, paid, meter_id)
        VALUES (162, '2012-4-11', false, 729);
INSERT INTO person(person_id, name, surname, paternal_name, registration_date, email, password_hash, is_admin) 
    VALUES (365, 'test365', 'test365', '', '01/01/2012', 'test365', '098f6bcd4621d373cade4e832627b4f6', false);
INSERT INTO dweller VALUES (365);
INSERT INTO flat(flat_id, area, flat_number, balance, cladr_id, building_id)
    VALUES (365, 144, 365, 0, 1, 1);
INSERT INTO dweller_lives_in_flat(person_id, flat_id)
    VALUES (365, 365);
INSERT INTO meter(meter_id, installation_date, type, title, meter_unit_id, active, flat_id)
    VALUES (730, '01/01/2012', 'Water', 'Cold water in kitchen test365', 1, true, 365);
INSERT INTO meter(meter_id, installation_date, type, title, meter_unit_id, active, flat_id)
    VALUES (731, '01/01/2012', 'Electricity', 'Electricity in hall test365', 2, true, 365);
INSERT INTO Meter_reading(value, date, paid, meter_id)
        VALUES (239, '2012-1-13', false, 730);
INSERT INTO Meter_reading(value, date, paid, meter_id)
        VALUES (244, '2012-1-27', false, 730);
INSERT INTO Meter_reading(value, date, paid, meter_id)
        VALUES (258, '2012-2-7', false, 730);
INSERT INTO Meter_reading(value, date, paid, meter_id)
        VALUES (273, '2012-2-9', false, 730);
INSERT INTO Meter_reading(value, date, paid, meter_id)
        VALUES (279, '2012-2-18', false, 730);
INSERT INTO Meter_reading(value, date, paid, meter_id)
        VALUES (203, '2012-1-4', false, 731);
INSERT INTO Meter_reading(value, date, paid, meter_id)
        VALUES (225, '2012-1-8', false, 731);
INSERT INTO Meter_reading(value, date, paid, meter_id)
        VALUES (239, '2012-1-18', false, 731);
INSERT INTO Meter_reading(value, date, paid, meter_id)
        VALUES (247, '2012-1-20', false, 731);
INSERT INTO Meter_reading(value, date, paid, meter_id)
        VALUES (264, '2012-1-23', false, 731);
INSERT INTO person(person_id, name, surname, paternal_name, registration_date, email, password_hash, is_admin) 
    VALUES (366, 'test366', 'test366', '', '01/01/2012', 'test366', '098f6bcd4621d373cade4e832627b4f6', false);
INSERT INTO dweller VALUES (366);
INSERT INTO flat(flat_id, area, flat_number, balance, cladr_id, building_id)
    VALUES (366, 316, 366, 0, 1, 1);
INSERT INTO dweller_lives_in_flat(person_id, flat_id)
    VALUES (366, 366);
INSERT INTO meter(meter_id, installation_date, type, title, meter_unit_id, active, flat_id)
    VALUES (732, '01/01/2012', 'Water', 'Cold water in kitchen test366', 1, true, 366);
INSERT INTO meter(meter_id, installation_date, type, title, meter_unit_id, active, flat_id)
    VALUES (733, '01/01/2012', 'Electricity', 'Electricity in hall test366', 2, true, 366);
INSERT INTO Meter_reading(value, date, paid, meter_id)
        VALUES (85, '2012-1-13', false, 732);
INSERT INTO Meter_reading(value, date, paid, meter_id)
        VALUES (106, '2012-1-18', false, 732);
INSERT INTO Meter_reading(value, date, paid, meter_id)
        VALUES (162, '2012-1-26', false, 732);
INSERT INTO Meter_reading(value, date, paid, meter_id)
        VALUES (193, '2012-2-6', false, 732);
INSERT INTO Meter_reading(value, date, paid, meter_id)
        VALUES (234, '2012-2-7', false, 732);
INSERT INTO Meter_reading(value, date, paid, meter_id)
        VALUES (238, '2012-2-20', false, 732);
INSERT INTO Meter_reading(value, date, paid, meter_id)
        VALUES (281, '2012-2-26', false, 732);
INSERT INTO Meter_reading(value, date, paid, meter_id)
        VALUES (286, '2012-3-9', false, 732);
INSERT INTO Meter_reading(value, date, paid, meter_id)
        VALUES (310, '2012-3-11', false, 732);
INSERT INTO Meter_reading(value, date, paid, meter_id)
        VALUES (317, '2012-3-20', false, 732);
INSERT INTO Meter_reading(value, date, paid, meter_id)
        VALUES (347, '2012-4-6', false, 732);
INSERT INTO Meter_reading(value, date, paid, meter_id)
        VALUES (392, '2012-4-7', false, 732);
INSERT INTO Meter_reading(value, date, paid, meter_id)
        VALUES (78, '2012-1-16', false, 733);
INSERT INTO Meter_reading(value, date, paid, meter_id)
        VALUES (97, '2012-1-21', false, 733);
INSERT INTO Meter_reading(value, date, paid, meter_id)
        VALUES (107, '2012-1-25', false, 733);
INSERT INTO Meter_reading(value, date, paid, meter_id)
        VALUES (117, '2012-1-27', false, 733);
INSERT INTO Meter_reading(value, date, paid, meter_id)
        VALUES (120, '2012-2-7', false, 733);
INSERT INTO Meter_reading(value, date, paid, meter_id)
        VALUES (138, '2012-2-19', false, 733);
INSERT INTO Meter_reading(value, date, paid, meter_id)
        VALUES (163, '2012-2-23', false, 733);
INSERT INTO Meter_reading(value, date, paid, meter_id)
        VALUES (173, '2012-3-5', false, 733);
INSERT INTO person(person_id, name, surname, paternal_name, registration_date, email, password_hash, is_admin) 
    VALUES (367, 'test367', 'test367', '', '01/01/2012', 'test367', '098f6bcd4621d373cade4e832627b4f6', false);
INSERT INTO dweller VALUES (367);
INSERT INTO flat(flat_id, area, flat_number, balance, cladr_id, building_id)
    VALUES (367, 224, 367, 0, 1, 1);
INSERT INTO dweller_lives_in_flat(person_id, flat_id)
    VALUES (367, 367);
INSERT INTO meter(meter_id, installation_date, type, title, meter_unit_id, active, flat_id)
    VALUES (734, '01/01/2012', 'Water', 'Cold water in kitchen test367', 1, true, 367);
INSERT INTO meter(meter_id, installation_date, type, title, meter_unit_id, active, flat_id)
    VALUES (735, '01/01/2012', 'Electricity', 'Electricity in hall test367', 2, true, 367);
INSERT INTO Meter_reading(value, date, paid, meter_id)
        VALUES (113, '2012-1-16', false, 734);
INSERT INTO Meter_reading(value, date, paid, meter_id)
        VALUES (121, '2012-1-19', false, 734);
INSERT INTO Meter_reading(value, date, paid, meter_id)
        VALUES (136, '2012-1-21', false, 734);
INSERT INTO Meter_reading(value, date, paid, meter_id)
        VALUES (144, '2012-2-2', false, 734);
INSERT INTO Meter_reading(value, date, paid, meter_id)
        VALUES (163, '2012-2-15', false, 734);
INSERT INTO Meter_reading(value, date, paid, meter_id)
        VALUES (177, '2012-2-24', false, 734);
INSERT INTO Meter_reading(value, date, paid, meter_id)
        VALUES (195, '2012-3-4', false, 734);
INSERT INTO Meter_reading(value, date, paid, meter_id)
        VALUES (206, '2012-3-6', false, 734);
INSERT INTO Meter_reading(value, date, paid, meter_id)
        VALUES (217, '2012-3-9', false, 734);
INSERT INTO Meter_reading(value, date, paid, meter_id)
        VALUES (226, '2012-3-14', false, 734);
INSERT INTO Meter_reading(value, date, paid, meter_id)
        VALUES (238, '2012-3-25', false, 734);
INSERT INTO Meter_reading(value, date, paid, meter_id)
        VALUES (251, '2012-4-11', false, 734);
INSERT INTO Meter_reading(value, date, paid, meter_id)
        VALUES (270, '2012-4-15', false, 734);
INSERT INTO Meter_reading(value, date, paid, meter_id)
        VALUES (144, '2012-1-13', false, 735);
INSERT INTO Meter_reading(value, date, paid, meter_id)
        VALUES (166, '2012-1-16', false, 735);
INSERT INTO Meter_reading(value, date, paid, meter_id)
        VALUES (188, '2012-1-24', false, 735);
INSERT INTO Meter_reading(value, date, paid, meter_id)
        VALUES (201, '2012-2-5', false, 735);
INSERT INTO Meter_reading(value, date, paid, meter_id)
        VALUES (221, '2012-2-17', false, 735);
INSERT INTO Meter_reading(value, date, paid, meter_id)
        VALUES (225, '2012-2-20', false, 735);
INSERT INTO Meter_reading(value, date, paid, meter_id)
        VALUES (247, '2012-3-3', false, 735);
INSERT INTO Meter_reading(value, date, paid, meter_id)
        VALUES (256, '2012-3-15', false, 735);
INSERT INTO Meter_reading(value, date, paid, meter_id)
        VALUES (277, '2012-3-19', false, 735);
INSERT INTO Meter_reading(value, date, paid, meter_id)
        VALUES (300, '2012-4-2', false, 735);
INSERT INTO Meter_reading(value, date, paid, meter_id)
        VALUES (303, '2012-4-11', false, 735);
INSERT INTO Meter_reading(value, date, paid, meter_id)
        VALUES (314, '2012-4-12', false, 735);
INSERT INTO person(person_id, name, surname, paternal_name, registration_date, email, password_hash, is_admin) 
    VALUES (368, 'test368', 'test368', '', '01/01/2012', 'test368', '098f6bcd4621d373cade4e832627b4f6', false);
INSERT INTO dweller VALUES (368);
INSERT INTO flat(flat_id, area, flat_number, balance, cladr_id, building_id)
    VALUES (368, 86, 368, 0, 1, 1);
INSERT INTO dweller_lives_in_flat(person_id, flat_id)
    VALUES (368, 368);
INSERT INTO meter(meter_id, installation_date, type, title, meter_unit_id, active, flat_id)
    VALUES (736, '01/01/2012', 'Water', 'Cold water in kitchen test368', 1, true, 368);
INSERT INTO meter(meter_id, installation_date, type, title, meter_unit_id, active, flat_id)
    VALUES (737, '01/01/2012', 'Electricity', 'Electricity in hall test368', 2, true, 368);
INSERT INTO Meter_reading(value, date, paid, meter_id)
        VALUES (308, '2012-1-3', false, 736);
INSERT INTO Meter_reading(value, date, paid, meter_id)
        VALUES (317, '2012-1-12', false, 736);
INSERT INTO Meter_reading(value, date, paid, meter_id)
        VALUES (331, '2012-1-18', false, 736);
INSERT INTO Meter_reading(value, date, paid, meter_id)
        VALUES (333, '2012-2-1', false, 736);
INSERT INTO Meter_reading(value, date, paid, meter_id)
        VALUES (362, '2012-2-13', false, 736);
INSERT INTO Meter_reading(value, date, paid, meter_id)
        VALUES (372, '2012-2-21', false, 736);
INSERT INTO Meter_reading(value, date, paid, meter_id)
        VALUES (396, '2012-3-4', false, 736);
INSERT INTO Meter_reading(value, date, paid, meter_id)
        VALUES (405, '2012-3-8', false, 736);
INSERT INTO Meter_reading(value, date, paid, meter_id)
        VALUES (282, '2012-1-16', false, 737);
INSERT INTO Meter_reading(value, date, paid, meter_id)
        VALUES (291, '2012-1-18', false, 737);
INSERT INTO Meter_reading(value, date, paid, meter_id)
        VALUES (293, '2012-2-2', false, 737);
INSERT INTO Meter_reading(value, date, paid, meter_id)
        VALUES (303, '2012-2-9', false, 737);
INSERT INTO Meter_reading(value, date, paid, meter_id)
        VALUES (317, '2012-2-18', false, 737);
INSERT INTO Meter_reading(value, date, paid, meter_id)
        VALUES (324, '2012-2-21', false, 737);
INSERT INTO Meter_reading(value, date, paid, meter_id)
        VALUES (340, '2012-2-22', false, 737);
INSERT INTO Meter_reading(value, date, paid, meter_id)
        VALUES (362, '2012-2-24', false, 737);
INSERT INTO person(person_id, name, surname, paternal_name, registration_date, email, password_hash, is_admin) 
    VALUES (369, 'test369', 'test369', '', '01/01/2012', 'test369', '098f6bcd4621d373cade4e832627b4f6', false);
INSERT INTO dweller VALUES (369);
INSERT INTO flat(flat_id, area, flat_number, balance, cladr_id, building_id)
    VALUES (369, 119, 369, 0, 1, 1);
INSERT INTO dweller_lives_in_flat(person_id, flat_id)
    VALUES (369, 369);
INSERT INTO meter(meter_id, installation_date, type, title, meter_unit_id, active, flat_id)
    VALUES (738, '01/01/2012', 'Water', 'Cold water in kitchen test369', 1, true, 369);
INSERT INTO meter(meter_id, installation_date, type, title, meter_unit_id, active, flat_id)
    VALUES (739, '01/01/2012', 'Electricity', 'Electricity in hall test369', 2, true, 369);
INSERT INTO Meter_reading(value, date, paid, meter_id)
        VALUES (96, '2012-1-7', false, 738);
INSERT INTO Meter_reading(value, date, paid, meter_id)
        VALUES (111, '2012-1-14', false, 738);
INSERT INTO Meter_reading(value, date, paid, meter_id)
        VALUES (132, '2012-1-24', false, 738);
INSERT INTO Meter_reading(value, date, paid, meter_id)
        VALUES (148, '2012-2-5', false, 738);
INSERT INTO Meter_reading(value, date, paid, meter_id)
        VALUES (152, '2012-2-12', false, 738);
INSERT INTO Meter_reading(value, date, paid, meter_id)
        VALUES (157, '2012-2-21', false, 738);
INSERT INTO Meter_reading(value, date, paid, meter_id)
        VALUES (158, '2012-3-6', false, 738);
INSERT INTO Meter_reading(value, date, paid, meter_id)
        VALUES (168, '2012-3-10', false, 738);
INSERT INTO Meter_reading(value, date, paid, meter_id)
        VALUES (187, '2012-3-13', false, 738);
INSERT INTO Meter_reading(value, date, paid, meter_id)
        VALUES (209, '2012-3-22', false, 738);
INSERT INTO Meter_reading(value, date, paid, meter_id)
        VALUES (221, '2012-3-24', false, 738);
INSERT INTO Meter_reading(value, date, paid, meter_id)
        VALUES (133, '2012-1-15', false, 739);
INSERT INTO Meter_reading(value, date, paid, meter_id)
        VALUES (144, '2012-2-2', false, 739);
INSERT INTO Meter_reading(value, date, paid, meter_id)
        VALUES (170, '2012-2-14', false, 739);
INSERT INTO Meter_reading(value, date, paid, meter_id)
        VALUES (198, '2012-2-18', false, 739);
INSERT INTO Meter_reading(value, date, paid, meter_id)
        VALUES (226, '2012-3-3', false, 739);
INSERT INTO Meter_reading(value, date, paid, meter_id)
        VALUES (227, '2012-3-4', false, 739);
INSERT INTO Meter_reading(value, date, paid, meter_id)
        VALUES (254, '2012-3-7', false, 739);
INSERT INTO Meter_reading(value, date, paid, meter_id)
        VALUES (262, '2012-3-18', false, 739);
INSERT INTO Meter_reading(value, date, paid, meter_id)
        VALUES (266, '2012-3-21', false, 739);
INSERT INTO Meter_reading(value, date, paid, meter_id)
        VALUES (274, '2012-4-5', false, 739);
INSERT INTO person(person_id, name, surname, paternal_name, registration_date, email, password_hash, is_admin) 
    VALUES (370, 'test370', 'test370', '', '01/01/2012', 'test370', '098f6bcd4621d373cade4e832627b4f6', false);
INSERT INTO dweller VALUES (370);
INSERT INTO flat(flat_id, area, flat_number, balance, cladr_id, building_id)
    VALUES (370, 71, 370, 0, 1, 1);
INSERT INTO dweller_lives_in_flat(person_id, flat_id)
    VALUES (370, 370);
INSERT INTO meter(meter_id, installation_date, type, title, meter_unit_id, active, flat_id)
    VALUES (740, '01/01/2012', 'Water', 'Cold water in kitchen test370', 1, true, 370);
INSERT INTO meter(meter_id, installation_date, type, title, meter_unit_id, active, flat_id)
    VALUES (741, '01/01/2012', 'Electricity', 'Electricity in hall test370', 2, true, 370);
INSERT INTO Meter_reading(value, date, paid, meter_id)
        VALUES (167, '2012-1-6', false, 740);
INSERT INTO Meter_reading(value, date, paid, meter_id)
        VALUES (179, '2012-1-14', false, 740);
INSERT INTO Meter_reading(value, date, paid, meter_id)
        VALUES (201, '2012-1-16', false, 740);
INSERT INTO Meter_reading(value, date, paid, meter_id)
        VALUES (208, '2012-1-23', false, 740);
INSERT INTO Meter_reading(value, date, paid, meter_id)
        VALUES (222, '2012-1-26', false, 740);
INSERT INTO Meter_reading(value, date, paid, meter_id)
        VALUES (249, '2012-2-7', false, 740);
INSERT INTO Meter_reading(value, date, paid, meter_id)
        VALUES (253, '2012-2-19', false, 740);
INSERT INTO Meter_reading(value, date, paid, meter_id)
        VALUES (258, '2012-2-22', false, 740);
INSERT INTO Meter_reading(value, date, paid, meter_id)
        VALUES (281, '2012-2-24', false, 740);
INSERT INTO Meter_reading(value, date, paid, meter_id)
        VALUES (297, '2012-3-1', false, 740);
INSERT INTO Meter_reading(value, date, paid, meter_id)
        VALUES (323, '2012-3-13', false, 740);
INSERT INTO Meter_reading(value, date, paid, meter_id)
        VALUES (324, '2012-3-26', false, 740);
INSERT INTO Meter_reading(value, date, paid, meter_id)
        VALUES (347, '2012-4-11', false, 740);
INSERT INTO Meter_reading(value, date, paid, meter_id)
        VALUES (46, '2012-1-16', false, 741);
INSERT INTO Meter_reading(value, date, paid, meter_id)
        VALUES (70, '2012-2-3', false, 741);
INSERT INTO Meter_reading(value, date, paid, meter_id)
        VALUES (107, '2012-2-16', false, 741);
INSERT INTO Meter_reading(value, date, paid, meter_id)
        VALUES (128, '2012-2-27', false, 741);
INSERT INTO Meter_reading(value, date, paid, meter_id)
        VALUES (159, '2012-3-6', false, 741);
INSERT INTO Meter_reading(value, date, paid, meter_id)
        VALUES (212, '2012-3-15', false, 741);
INSERT INTO Meter_reading(value, date, paid, meter_id)
        VALUES (225, '2012-4-1', false, 741);
INSERT INTO Meter_reading(value, date, paid, meter_id)
        VALUES (229, '2012-4-14', false, 741);
INSERT INTO Meter_reading(value, date, paid, meter_id)
        VALUES (234, '2012-4-20', false, 741);
INSERT INTO Meter_reading(value, date, paid, meter_id)
        VALUES (277, '2012-5-2', false, 741);
INSERT INTO Meter_reading(value, date, paid, meter_id)
        VALUES (285, '2012-5-3', false, 741);
INSERT INTO person(person_id, name, surname, paternal_name, registration_date, email, password_hash, is_admin) 
    VALUES (371, 'test371', 'test371', '', '01/01/2012', 'test371', '098f6bcd4621d373cade4e832627b4f6', false);
INSERT INTO dweller VALUES (371);
INSERT INTO flat(flat_id, area, flat_number, balance, cladr_id, building_id)
    VALUES (371, 199, 371, 0, 1, 1);
INSERT INTO dweller_lives_in_flat(person_id, flat_id)
    VALUES (371, 371);
INSERT INTO meter(meter_id, installation_date, type, title, meter_unit_id, active, flat_id)
    VALUES (742, '01/01/2012', 'Water', 'Cold water in kitchen test371', 1, true, 371);
INSERT INTO meter(meter_id, installation_date, type, title, meter_unit_id, active, flat_id)
    VALUES (743, '01/01/2012', 'Electricity', 'Electricity in hall test371', 2, true, 371);
INSERT INTO Meter_reading(value, date, paid, meter_id)
        VALUES (154, '2012-1-9', false, 742);
INSERT INTO Meter_reading(value, date, paid, meter_id)
        VALUES (155, '2012-1-17', false, 742);
INSERT INTO Meter_reading(value, date, paid, meter_id)
        VALUES (163, '2012-1-21', false, 742);
INSERT INTO Meter_reading(value, date, paid, meter_id)
        VALUES (175, '2012-1-27', false, 742);
INSERT INTO Meter_reading(value, date, paid, meter_id)
        VALUES (194, '2012-2-14', false, 742);
INSERT INTO Meter_reading(value, date, paid, meter_id)
        VALUES (227, '2012-1-4', false, 743);
INSERT INTO Meter_reading(value, date, paid, meter_id)
        VALUES (246, '2012-1-14', false, 743);
INSERT INTO Meter_reading(value, date, paid, meter_id)
        VALUES (257, '2012-1-24', false, 743);
INSERT INTO Meter_reading(value, date, paid, meter_id)
        VALUES (264, '2012-2-9', false, 743);
INSERT INTO Meter_reading(value, date, paid, meter_id)
        VALUES (266, '2012-2-23', false, 743);
INSERT INTO Meter_reading(value, date, paid, meter_id)
        VALUES (287, '2012-2-27', false, 743);
INSERT INTO Meter_reading(value, date, paid, meter_id)
        VALUES (303, '2012-3-13', false, 743);
INSERT INTO Meter_reading(value, date, paid, meter_id)
        VALUES (323, '2012-3-14', false, 743);
INSERT INTO Meter_reading(value, date, paid, meter_id)
        VALUES (349, '2012-3-24', false, 743);
INSERT INTO Meter_reading(value, date, paid, meter_id)
        VALUES (359, '2012-4-1', false, 743);
INSERT INTO Meter_reading(value, date, paid, meter_id)
        VALUES (374, '2012-4-5', false, 743);
INSERT INTO Meter_reading(value, date, paid, meter_id)
        VALUES (398, '2012-4-10', false, 743);
INSERT INTO Meter_reading(value, date, paid, meter_id)
        VALUES (399, '2012-4-17', false, 743);
INSERT INTO person(person_id, name, surname, paternal_name, registration_date, email, password_hash, is_admin) 
    VALUES (372, 'test372', 'test372', '', '01/01/2012', 'test372', '098f6bcd4621d373cade4e832627b4f6', false);
INSERT INTO dweller VALUES (372);
INSERT INTO flat(flat_id, area, flat_number, balance, cladr_id, building_id)
    VALUES (372, 163, 372, 0, 1, 1);
INSERT INTO dweller_lives_in_flat(person_id, flat_id)
    VALUES (372, 372);
INSERT INTO meter(meter_id, installation_date, type, title, meter_unit_id, active, flat_id)
    VALUES (744, '01/01/2012', 'Water', 'Cold water in kitchen test372', 1, true, 372);
INSERT INTO meter(meter_id, installation_date, type, title, meter_unit_id, active, flat_id)
    VALUES (745, '01/01/2012', 'Electricity', 'Electricity in hall test372', 2, true, 372);
INSERT INTO Meter_reading(value, date, paid, meter_id)
        VALUES (217, '2012-1-7', false, 744);
INSERT INTO Meter_reading(value, date, paid, meter_id)
        VALUES (220, '2012-1-16', false, 744);
INSERT INTO Meter_reading(value, date, paid, meter_id)
        VALUES (222, '2012-2-2', false, 744);
INSERT INTO Meter_reading(value, date, paid, meter_id)
        VALUES (225, '2012-2-16', false, 744);
INSERT INTO Meter_reading(value, date, paid, meter_id)
        VALUES (227, '2012-2-21', false, 744);
INSERT INTO Meter_reading(value, date, paid, meter_id)
        VALUES (231, '2012-3-7', false, 744);
INSERT INTO Meter_reading(value, date, paid, meter_id)
        VALUES (234, '2012-3-8', false, 744);
INSERT INTO Meter_reading(value, date, paid, meter_id)
        VALUES (235, '2012-3-17', false, 744);
INSERT INTO Meter_reading(value, date, paid, meter_id)
        VALUES (236, '2012-3-25', false, 744);
INSERT INTO Meter_reading(value, date, paid, meter_id)
        VALUES (237, '2012-3-26', false, 744);
INSERT INTO Meter_reading(value, date, paid, meter_id)
        VALUES (241, '2012-4-12', false, 744);
INSERT INTO Meter_reading(value, date, paid, meter_id)
        VALUES (242, '2012-4-19', false, 744);
INSERT INTO Meter_reading(value, date, paid, meter_id)
        VALUES (246, '2012-5-5', false, 744);
INSERT INTO Meter_reading(value, date, paid, meter_id)
        VALUES (249, '2012-5-19', false, 744);
INSERT INTO Meter_reading(value, date, paid, meter_id)
        VALUES (229, '2012-1-14', false, 745);
INSERT INTO Meter_reading(value, date, paid, meter_id)
        VALUES (230, '2012-1-18', false, 745);
INSERT INTO Meter_reading(value, date, paid, meter_id)
        VALUES (240, '2012-2-1', false, 745);
INSERT INTO Meter_reading(value, date, paid, meter_id)
        VALUES (261, '2012-2-8', false, 745);
INSERT INTO Meter_reading(value, date, paid, meter_id)
        VALUES (286, '2012-2-16', false, 745);
INSERT INTO Meter_reading(value, date, paid, meter_id)
        VALUES (292, '2012-3-2', false, 745);
INSERT INTO Meter_reading(value, date, paid, meter_id)
        VALUES (307, '2012-3-8', false, 745);
INSERT INTO person(person_id, name, surname, paternal_name, registration_date, email, password_hash, is_admin) 
    VALUES (373, 'test373', 'test373', '', '01/01/2012', 'test373', '098f6bcd4621d373cade4e832627b4f6', false);
INSERT INTO dweller VALUES (373);
INSERT INTO flat(flat_id, area, flat_number, balance, cladr_id, building_id)
    VALUES (373, 158, 373, 0, 1, 1);
INSERT INTO dweller_lives_in_flat(person_id, flat_id)
    VALUES (373, 373);
INSERT INTO meter(meter_id, installation_date, type, title, meter_unit_id, active, flat_id)
    VALUES (746, '01/01/2012', 'Water', 'Cold water in kitchen test373', 1, true, 373);
INSERT INTO meter(meter_id, installation_date, type, title, meter_unit_id, active, flat_id)
    VALUES (747, '01/01/2012', 'Electricity', 'Electricity in hall test373', 2, true, 373);
INSERT INTO Meter_reading(value, date, paid, meter_id)
        VALUES (17, '2012-1-12', false, 746);
INSERT INTO Meter_reading(value, date, paid, meter_id)
        VALUES (26, '2012-1-21', false, 746);
INSERT INTO Meter_reading(value, date, paid, meter_id)
        VALUES (30, '2012-2-3', false, 746);
INSERT INTO Meter_reading(value, date, paid, meter_id)
        VALUES (33, '2012-2-6', false, 746);
INSERT INTO Meter_reading(value, date, paid, meter_id)
        VALUES (62, '2012-2-15', false, 746);
INSERT INTO Meter_reading(value, date, paid, meter_id)
        VALUES (81, '2012-2-26', false, 746);
INSERT INTO Meter_reading(value, date, paid, meter_id)
        VALUES (97, '2012-2-27', false, 746);
INSERT INTO Meter_reading(value, date, paid, meter_id)
        VALUES (119, '2012-3-6', false, 746);
INSERT INTO Meter_reading(value, date, paid, meter_id)
        VALUES (127, '2012-3-15', false, 746);
INSERT INTO Meter_reading(value, date, paid, meter_id)
        VALUES (138, '2012-4-1', false, 746);
INSERT INTO Meter_reading(value, date, paid, meter_id)
        VALUES (185, '2012-1-5', false, 747);
INSERT INTO Meter_reading(value, date, paid, meter_id)
        VALUES (198, '2012-1-14', false, 747);
INSERT INTO Meter_reading(value, date, paid, meter_id)
        VALUES (209, '2012-1-15', false, 747);
INSERT INTO Meter_reading(value, date, paid, meter_id)
        VALUES (212, '2012-1-26', false, 747);
INSERT INTO Meter_reading(value, date, paid, meter_id)
        VALUES (222, '2012-2-2', false, 747);
INSERT INTO Meter_reading(value, date, paid, meter_id)
        VALUES (246, '2012-2-16', false, 747);
INSERT INTO person(person_id, name, surname, paternal_name, registration_date, email, password_hash, is_admin) 
    VALUES (374, 'test374', 'test374', '', '01/01/2012', 'test374', '098f6bcd4621d373cade4e832627b4f6', false);
INSERT INTO dweller VALUES (374);
INSERT INTO flat(flat_id, area, flat_number, balance, cladr_id, building_id)
    VALUES (374, 247, 374, 0, 1, 1);
INSERT INTO dweller_lives_in_flat(person_id, flat_id)
    VALUES (374, 374);
INSERT INTO meter(meter_id, installation_date, type, title, meter_unit_id, active, flat_id)
    VALUES (748, '01/01/2012', 'Water', 'Cold water in kitchen test374', 1, true, 374);
INSERT INTO meter(meter_id, installation_date, type, title, meter_unit_id, active, flat_id)
    VALUES (749, '01/01/2012', 'Electricity', 'Electricity in hall test374', 2, true, 374);
INSERT INTO Meter_reading(value, date, paid, meter_id)
        VALUES (259, '2012-1-8', false, 748);
INSERT INTO Meter_reading(value, date, paid, meter_id)
        VALUES (269, '2012-1-9', false, 748);
INSERT INTO Meter_reading(value, date, paid, meter_id)
        VALUES (291, '2012-1-20', false, 748);
INSERT INTO Meter_reading(value, date, paid, meter_id)
        VALUES (322, '2012-2-2', false, 748);
INSERT INTO Meter_reading(value, date, paid, meter_id)
        VALUES (353, '2012-2-9', false, 748);
INSERT INTO Meter_reading(value, date, paid, meter_id)
        VALUES (363, '2012-2-21', false, 748);
INSERT INTO Meter_reading(value, date, paid, meter_id)
        VALUES (364, '2012-3-5', false, 748);
INSERT INTO Meter_reading(value, date, paid, meter_id)
        VALUES (381, '2012-3-9', false, 748);
INSERT INTO Meter_reading(value, date, paid, meter_id)
        VALUES (403, '2012-3-16', false, 748);
INSERT INTO Meter_reading(value, date, paid, meter_id)
        VALUES (412, '2012-3-19', false, 748);
INSERT INTO Meter_reading(value, date, paid, meter_id)
        VALUES (431, '2012-4-1', false, 748);
INSERT INTO Meter_reading(value, date, paid, meter_id)
        VALUES (434, '2012-4-9', false, 748);
INSERT INTO Meter_reading(value, date, paid, meter_id)
        VALUES (83, '2012-1-10', false, 749);
INSERT INTO Meter_reading(value, date, paid, meter_id)
        VALUES (103, '2012-1-16', false, 749);
INSERT INTO Meter_reading(value, date, paid, meter_id)
        VALUES (120, '2012-1-24', false, 749);
INSERT INTO Meter_reading(value, date, paid, meter_id)
        VALUES (135, '2012-1-26', false, 749);
INSERT INTO Meter_reading(value, date, paid, meter_id)
        VALUES (153, '2012-2-13', false, 749);
INSERT INTO person(person_id, name, surname, paternal_name, registration_date, email, password_hash, is_admin) 
    VALUES (375, 'test375', 'test375', '', '01/01/2012', 'test375', '098f6bcd4621d373cade4e832627b4f6', false);
INSERT INTO dweller VALUES (375);
INSERT INTO flat(flat_id, area, flat_number, balance, cladr_id, building_id)
    VALUES (375, 134, 375, 0, 1, 1);
INSERT INTO dweller_lives_in_flat(person_id, flat_id)
    VALUES (375, 375);
INSERT INTO meter(meter_id, installation_date, type, title, meter_unit_id, active, flat_id)
    VALUES (750, '01/01/2012', 'Water', 'Cold water in kitchen test375', 1, true, 375);
INSERT INTO meter(meter_id, installation_date, type, title, meter_unit_id, active, flat_id)
    VALUES (751, '01/01/2012', 'Electricity', 'Electricity in hall test375', 2, true, 375);
INSERT INTO Meter_reading(value, date, paid, meter_id)
        VALUES (278, '2012-1-6', false, 750);
INSERT INTO Meter_reading(value, date, paid, meter_id)
        VALUES (299, '2012-1-7', false, 750);
INSERT INTO Meter_reading(value, date, paid, meter_id)
        VALUES (313, '2012-1-15', false, 750);
INSERT INTO Meter_reading(value, date, paid, meter_id)
        VALUES (316, '2012-1-26', false, 750);
INSERT INTO Meter_reading(value, date, paid, meter_id)
        VALUES (323, '2012-2-8', false, 750);
INSERT INTO Meter_reading(value, date, paid, meter_id)
        VALUES (325, '2012-2-19', false, 750);
INSERT INTO Meter_reading(value, date, paid, meter_id)
        VALUES (338, '2012-2-25', false, 750);
INSERT INTO Meter_reading(value, date, paid, meter_id)
        VALUES (340, '2012-3-6', false, 750);
INSERT INTO Meter_reading(value, date, paid, meter_id)
        VALUES (361, '2012-3-11', false, 750);
INSERT INTO Meter_reading(value, date, paid, meter_id)
        VALUES (74, '2012-1-13', false, 751);
INSERT INTO Meter_reading(value, date, paid, meter_id)
        VALUES (88, '2012-1-17', false, 751);
INSERT INTO Meter_reading(value, date, paid, meter_id)
        VALUES (111, '2012-1-22', false, 751);
INSERT INTO Meter_reading(value, date, paid, meter_id)
        VALUES (122, '2012-2-4', false, 751);
INSERT INTO Meter_reading(value, date, paid, meter_id)
        VALUES (144, '2012-2-17', false, 751);
INSERT INTO Meter_reading(value, date, paid, meter_id)
        VALUES (145, '2012-2-19', false, 751);
INSERT INTO Meter_reading(value, date, paid, meter_id)
        VALUES (152, '2012-2-24', false, 751);
INSERT INTO Meter_reading(value, date, paid, meter_id)
        VALUES (178, '2012-2-26', false, 751);
INSERT INTO Meter_reading(value, date, paid, meter_id)
        VALUES (183, '2012-2-27', false, 751);
INSERT INTO Meter_reading(value, date, paid, meter_id)
        VALUES (200, '2012-3-5', false, 751);
INSERT INTO Meter_reading(value, date, paid, meter_id)
        VALUES (209, '2012-3-19', false, 751);
INSERT INTO Meter_reading(value, date, paid, meter_id)
        VALUES (231, '2012-3-27', false, 751);
INSERT INTO Meter_reading(value, date, paid, meter_id)
        VALUES (234, '2012-4-9', false, 751);
INSERT INTO person(person_id, name, surname, paternal_name, registration_date, email, password_hash, is_admin) 
    VALUES (376, 'test376', 'test376', '', '01/01/2012', 'test376', '098f6bcd4621d373cade4e832627b4f6', false);
INSERT INTO dweller VALUES (376);
INSERT INTO flat(flat_id, area, flat_number, balance, cladr_id, building_id)
    VALUES (376, 158, 376, 0, 1, 1);
INSERT INTO dweller_lives_in_flat(person_id, flat_id)
    VALUES (376, 376);
INSERT INTO meter(meter_id, installation_date, type, title, meter_unit_id, active, flat_id)
    VALUES (752, '01/01/2012', 'Water', 'Cold water in kitchen test376', 1, true, 376);
INSERT INTO meter(meter_id, installation_date, type, title, meter_unit_id, active, flat_id)
    VALUES (753, '01/01/2012', 'Electricity', 'Electricity in hall test376', 2, true, 376);
INSERT INTO Meter_reading(value, date, paid, meter_id)
        VALUES (143, '2012-1-9', false, 752);
INSERT INTO Meter_reading(value, date, paid, meter_id)
        VALUES (176, '2012-1-11', false, 752);
INSERT INTO Meter_reading(value, date, paid, meter_id)
        VALUES (182, '2012-1-22', false, 752);
INSERT INTO Meter_reading(value, date, paid, meter_id)
        VALUES (199, '2012-1-23', false, 752);
INSERT INTO Meter_reading(value, date, paid, meter_id)
        VALUES (227, '2012-1-25', false, 752);
INSERT INTO Meter_reading(value, date, paid, meter_id)
        VALUES (267, '2012-1-26', false, 752);
INSERT INTO Meter_reading(value, date, paid, meter_id)
        VALUES (311, '2012-2-3', false, 752);
INSERT INTO Meter_reading(value, date, paid, meter_id)
        VALUES (346, '2012-2-9', false, 752);
INSERT INTO Meter_reading(value, date, paid, meter_id)
        VALUES (390, '2012-2-13', false, 752);
INSERT INTO Meter_reading(value, date, paid, meter_id)
        VALUES (427, '2012-2-17', false, 752);
INSERT INTO Meter_reading(value, date, paid, meter_id)
        VALUES (470, '2012-2-27', false, 752);
INSERT INTO Meter_reading(value, date, paid, meter_id)
        VALUES (515, '2012-3-8', false, 752);
INSERT INTO Meter_reading(value, date, paid, meter_id)
        VALUES (518, '2012-3-12', false, 752);
INSERT INTO Meter_reading(value, date, paid, meter_id)
        VALUES (566, '2012-3-24', false, 752);
INSERT INTO Meter_reading(value, date, paid, meter_id)
        VALUES (309, '2012-1-12', false, 753);
INSERT INTO Meter_reading(value, date, paid, meter_id)
        VALUES (316, '2012-1-26', false, 753);
INSERT INTO Meter_reading(value, date, paid, meter_id)
        VALUES (336, '2012-2-2', false, 753);
INSERT INTO Meter_reading(value, date, paid, meter_id)
        VALUES (338, '2012-2-3', false, 753);
INSERT INTO Meter_reading(value, date, paid, meter_id)
        VALUES (364, '2012-2-16', false, 753);
INSERT INTO Meter_reading(value, date, paid, meter_id)
        VALUES (387, '2012-2-27', false, 753);
INSERT INTO Meter_reading(value, date, paid, meter_id)
        VALUES (414, '2012-3-9', false, 753);
INSERT INTO Meter_reading(value, date, paid, meter_id)
        VALUES (433, '2012-3-11', false, 753);
INSERT INTO person(person_id, name, surname, paternal_name, registration_date, email, password_hash, is_admin) 
    VALUES (377, 'test377', 'test377', '', '01/01/2012', 'test377', '098f6bcd4621d373cade4e832627b4f6', false);
INSERT INTO dweller VALUES (377);
INSERT INTO flat(flat_id, area, flat_number, balance, cladr_id, building_id)
    VALUES (377, 305, 377, 0, 1, 1);
INSERT INTO dweller_lives_in_flat(person_id, flat_id)
    VALUES (377, 377);
INSERT INTO meter(meter_id, installation_date, type, title, meter_unit_id, active, flat_id)
    VALUES (754, '01/01/2012', 'Water', 'Cold water in kitchen test377', 1, true, 377);
INSERT INTO meter(meter_id, installation_date, type, title, meter_unit_id, active, flat_id)
    VALUES (755, '01/01/2012', 'Electricity', 'Electricity in hall test377', 2, true, 377);
INSERT INTO Meter_reading(value, date, paid, meter_id)
        VALUES (173, '2012-1-4', false, 754);
INSERT INTO Meter_reading(value, date, paid, meter_id)
        VALUES (189, '2012-1-8', false, 754);
INSERT INTO Meter_reading(value, date, paid, meter_id)
        VALUES (247, '2012-1-19', false, 754);
INSERT INTO Meter_reading(value, date, paid, meter_id)
        VALUES (292, '2012-1-27', false, 754);
INSERT INTO Meter_reading(value, date, paid, meter_id)
        VALUES (296, '2012-2-9', false, 754);
INSERT INTO Meter_reading(value, date, paid, meter_id)
        VALUES (306, '2012-2-20', false, 754);
INSERT INTO Meter_reading(value, date, paid, meter_id)
        VALUES (329, '2012-2-27', false, 754);
INSERT INTO Meter_reading(value, date, paid, meter_id)
        VALUES (383, '2012-3-1', false, 754);
INSERT INTO Meter_reading(value, date, paid, meter_id)
        VALUES (93, '2012-1-5', false, 755);
INSERT INTO Meter_reading(value, date, paid, meter_id)
        VALUES (133, '2012-1-18', false, 755);
INSERT INTO Meter_reading(value, date, paid, meter_id)
        VALUES (153, '2012-1-20', false, 755);
INSERT INTO Meter_reading(value, date, paid, meter_id)
        VALUES (185, '2012-1-27', false, 755);
INSERT INTO Meter_reading(value, date, paid, meter_id)
        VALUES (232, '2012-2-2', false, 755);
INSERT INTO Meter_reading(value, date, paid, meter_id)
        VALUES (260, '2012-2-15', false, 755);
INSERT INTO Meter_reading(value, date, paid, meter_id)
        VALUES (275, '2012-2-19', false, 755);
INSERT INTO person(person_id, name, surname, paternal_name, registration_date, email, password_hash, is_admin) 
    VALUES (378, 'test378', 'test378', '', '01/01/2012', 'test378', '098f6bcd4621d373cade4e832627b4f6', false);
INSERT INTO dweller VALUES (378);
INSERT INTO flat(flat_id, area, flat_number, balance, cladr_id, building_id)
    VALUES (378, 180, 378, 0, 1, 1);
INSERT INTO dweller_lives_in_flat(person_id, flat_id)
    VALUES (378, 378);
INSERT INTO meter(meter_id, installation_date, type, title, meter_unit_id, active, flat_id)
    VALUES (756, '01/01/2012', 'Water', 'Cold water in kitchen test378', 1, true, 378);
INSERT INTO meter(meter_id, installation_date, type, title, meter_unit_id, active, flat_id)
    VALUES (757, '01/01/2012', 'Electricity', 'Electricity in hall test378', 2, true, 378);
INSERT INTO Meter_reading(value, date, paid, meter_id)
        VALUES (278, '2012-1-13', false, 756);
INSERT INTO Meter_reading(value, date, paid, meter_id)
        VALUES (296, '2012-1-16', false, 756);
INSERT INTO Meter_reading(value, date, paid, meter_id)
        VALUES (313, '2012-1-25', false, 756);
INSERT INTO Meter_reading(value, date, paid, meter_id)
        VALUES (338, '2012-2-6', false, 756);
INSERT INTO Meter_reading(value, date, paid, meter_id)
        VALUES (376, '2012-2-7', false, 756);
INSERT INTO Meter_reading(value, date, paid, meter_id)
        VALUES (382, '2012-2-12', false, 756);
INSERT INTO Meter_reading(value, date, paid, meter_id)
        VALUES (390, '2012-2-16', false, 756);
INSERT INTO Meter_reading(value, date, paid, meter_id)
        VALUES (412, '2012-3-2', false, 756);
INSERT INTO Meter_reading(value, date, paid, meter_id)
        VALUES (445, '2012-3-10', false, 756);
INSERT INTO Meter_reading(value, date, paid, meter_id)
        VALUES (451, '2012-3-17', false, 756);
INSERT INTO Meter_reading(value, date, paid, meter_id)
        VALUES (453, '2012-3-25', false, 756);
INSERT INTO Meter_reading(value, date, paid, meter_id)
        VALUES (493, '2012-4-12', false, 756);
INSERT INTO Meter_reading(value, date, paid, meter_id)
        VALUES (291, '2012-1-15', false, 757);
INSERT INTO Meter_reading(value, date, paid, meter_id)
        VALUES (303, '2012-1-22', false, 757);
INSERT INTO Meter_reading(value, date, paid, meter_id)
        VALUES (315, '2012-2-6', false, 757);
INSERT INTO Meter_reading(value, date, paid, meter_id)
        VALUES (324, '2012-2-9', false, 757);
INSERT INTO Meter_reading(value, date, paid, meter_id)
        VALUES (344, '2012-2-20', false, 757);
INSERT INTO Meter_reading(value, date, paid, meter_id)
        VALUES (359, '2012-2-22', false, 757);
INSERT INTO Meter_reading(value, date, paid, meter_id)
        VALUES (374, '2012-2-23', false, 757);
INSERT INTO Meter_reading(value, date, paid, meter_id)
        VALUES (393, '2012-2-26', false, 757);
INSERT INTO Meter_reading(value, date, paid, meter_id)
        VALUES (415, '2012-3-2', false, 757);
INSERT INTO Meter_reading(value, date, paid, meter_id)
        VALUES (421, '2012-3-10', false, 757);
INSERT INTO Meter_reading(value, date, paid, meter_id)
        VALUES (431, '2012-3-19', false, 757);
INSERT INTO person(person_id, name, surname, paternal_name, registration_date, email, password_hash, is_admin) 
    VALUES (379, 'test379', 'test379', '', '01/01/2012', 'test379', '098f6bcd4621d373cade4e832627b4f6', false);
INSERT INTO dweller VALUES (379);
INSERT INTO flat(flat_id, area, flat_number, balance, cladr_id, building_id)
    VALUES (379, 318, 379, 0, 1, 1);
INSERT INTO dweller_lives_in_flat(person_id, flat_id)
    VALUES (379, 379);
INSERT INTO meter(meter_id, installation_date, type, title, meter_unit_id, active, flat_id)
    VALUES (758, '01/01/2012', 'Water', 'Cold water in kitchen test379', 1, true, 379);
INSERT INTO meter(meter_id, installation_date, type, title, meter_unit_id, active, flat_id)
    VALUES (759, '01/01/2012', 'Electricity', 'Electricity in hall test379', 2, true, 379);
INSERT INTO Meter_reading(value, date, paid, meter_id)
        VALUES (301, '2012-1-5', false, 758);
INSERT INTO Meter_reading(value, date, paid, meter_id)
        VALUES (334, '2012-1-11', false, 758);
INSERT INTO Meter_reading(value, date, paid, meter_id)
        VALUES (402, '2012-1-25', false, 758);
INSERT INTO Meter_reading(value, date, paid, meter_id)
        VALUES (460, '2012-2-12', false, 758);
INSERT INTO Meter_reading(value, date, paid, meter_id)
        VALUES (537, '2012-2-25', false, 758);
INSERT INTO Meter_reading(value, date, paid, meter_id)
        VALUES (594, '2012-3-11', false, 758);
INSERT INTO Meter_reading(value, date, paid, meter_id)
        VALUES (618, '2012-3-17', false, 758);
INSERT INTO Meter_reading(value, date, paid, meter_id)
        VALUES (696, '2012-4-1', false, 758);
INSERT INTO Meter_reading(value, date, paid, meter_id)
        VALUES (772, '2012-4-12', false, 758);
INSERT INTO Meter_reading(value, date, paid, meter_id)
        VALUES (230, '2012-1-5', false, 759);
INSERT INTO Meter_reading(value, date, paid, meter_id)
        VALUES (256, '2012-1-16', false, 759);
INSERT INTO Meter_reading(value, date, paid, meter_id)
        VALUES (266, '2012-1-17', false, 759);
INSERT INTO Meter_reading(value, date, paid, meter_id)
        VALUES (274, '2012-1-18', false, 759);
INSERT INTO Meter_reading(value, date, paid, meter_id)
        VALUES (303, '2012-2-3', false, 759);
INSERT INTO Meter_reading(value, date, paid, meter_id)
        VALUES (327, '2012-2-17', false, 759);
INSERT INTO Meter_reading(value, date, paid, meter_id)
        VALUES (343, '2012-3-3', false, 759);
INSERT INTO Meter_reading(value, date, paid, meter_id)
        VALUES (345, '2012-3-17', false, 759);
INSERT INTO Meter_reading(value, date, paid, meter_id)
        VALUES (349, '2012-3-26', false, 759);
INSERT INTO Meter_reading(value, date, paid, meter_id)
        VALUES (378, '2012-4-8', false, 759);
INSERT INTO Meter_reading(value, date, paid, meter_id)
        VALUES (381, '2012-4-22', false, 759);
INSERT INTO Meter_reading(value, date, paid, meter_id)
        VALUES (394, '2012-5-3', false, 759);
INSERT INTO Meter_reading(value, date, paid, meter_id)
        VALUES (416, '2012-5-8', false, 759);
INSERT INTO person(person_id, name, surname, paternal_name, registration_date, email, password_hash, is_admin) 
    VALUES (380, 'test380', 'test380', '', '01/01/2012', 'test380', '098f6bcd4621d373cade4e832627b4f6', false);
INSERT INTO dweller VALUES (380);
INSERT INTO flat(flat_id, area, flat_number, balance, cladr_id, building_id)
    VALUES (380, 201, 380, 0, 1, 1);
INSERT INTO dweller_lives_in_flat(person_id, flat_id)
    VALUES (380, 380);
INSERT INTO meter(meter_id, installation_date, type, title, meter_unit_id, active, flat_id)
    VALUES (760, '01/01/2012', 'Water', 'Cold water in kitchen test380', 1, true, 380);
INSERT INTO meter(meter_id, installation_date, type, title, meter_unit_id, active, flat_id)
    VALUES (761, '01/01/2012', 'Electricity', 'Electricity in hall test380', 2, true, 380);
INSERT INTO Meter_reading(value, date, paid, meter_id)
        VALUES (159, '2012-1-9', false, 760);
INSERT INTO Meter_reading(value, date, paid, meter_id)
        VALUES (179, '2012-1-18', false, 760);
INSERT INTO Meter_reading(value, date, paid, meter_id)
        VALUES (201, '2012-1-27', false, 760);
INSERT INTO Meter_reading(value, date, paid, meter_id)
        VALUES (227, '2012-2-9', false, 760);
INSERT INTO Meter_reading(value, date, paid, meter_id)
        VALUES (241, '2012-2-22', false, 760);
INSERT INTO Meter_reading(value, date, paid, meter_id)
        VALUES (259, '2012-2-27', false, 760);
INSERT INTO Meter_reading(value, date, paid, meter_id)
        VALUES (272, '2012-3-5', false, 760);
INSERT INTO Meter_reading(value, date, paid, meter_id)
        VALUES (288, '2012-3-18', false, 760);
INSERT INTO Meter_reading(value, date, paid, meter_id)
        VALUES (306, '2012-4-5', false, 760);
INSERT INTO Meter_reading(value, date, paid, meter_id)
        VALUES (320, '2012-4-13', false, 760);
INSERT INTO Meter_reading(value, date, paid, meter_id)
        VALUES (325, '2012-4-18', false, 760);
INSERT INTO Meter_reading(value, date, paid, meter_id)
        VALUES (326, '2012-4-25', false, 760);
INSERT INTO Meter_reading(value, date, paid, meter_id)
        VALUES (354, '2012-5-2', false, 760);
INSERT INTO Meter_reading(value, date, paid, meter_id)
        VALUES (362, '2012-5-15', false, 760);
INSERT INTO Meter_reading(value, date, paid, meter_id)
        VALUES (67, '2012-1-14', false, 761);
INSERT INTO Meter_reading(value, date, paid, meter_id)
        VALUES (93, '2012-1-22', false, 761);
INSERT INTO Meter_reading(value, date, paid, meter_id)
        VALUES (121, '2012-1-27', false, 761);
INSERT INTO Meter_reading(value, date, paid, meter_id)
        VALUES (151, '2012-2-9', false, 761);
INSERT INTO Meter_reading(value, date, paid, meter_id)
        VALUES (182, '2012-2-21', false, 761);
INSERT INTO Meter_reading(value, date, paid, meter_id)
        VALUES (185, '2012-3-6', false, 761);
INSERT INTO Meter_reading(value, date, paid, meter_id)
        VALUES (207, '2012-3-17', false, 761);
INSERT INTO person(person_id, name, surname, paternal_name, registration_date, email, password_hash, is_admin) 
    VALUES (381, 'test381', 'test381', '', '01/01/2012', 'test381', '098f6bcd4621d373cade4e832627b4f6', false);
INSERT INTO dweller VALUES (381);
INSERT INTO flat(flat_id, area, flat_number, balance, cladr_id, building_id)
    VALUES (381, 99, 381, 0, 1, 1);
INSERT INTO dweller_lives_in_flat(person_id, flat_id)
    VALUES (381, 381);
INSERT INTO meter(meter_id, installation_date, type, title, meter_unit_id, active, flat_id)
    VALUES (762, '01/01/2012', 'Water', 'Cold water in kitchen test381', 1, true, 381);
INSERT INTO meter(meter_id, installation_date, type, title, meter_unit_id, active, flat_id)
    VALUES (763, '01/01/2012', 'Electricity', 'Electricity in hall test381', 2, true, 381);
INSERT INTO Meter_reading(value, date, paid, meter_id)
        VALUES (156, '2012-1-3', false, 762);
INSERT INTO Meter_reading(value, date, paid, meter_id)
        VALUES (176, '2012-1-9', false, 762);
INSERT INTO Meter_reading(value, date, paid, meter_id)
        VALUES (199, '2012-1-18', false, 762);
INSERT INTO Meter_reading(value, date, paid, meter_id)
        VALUES (235, '2012-1-24', false, 762);
INSERT INTO Meter_reading(value, date, paid, meter_id)
        VALUES (241, '2012-1-27', false, 762);
INSERT INTO Meter_reading(value, date, paid, meter_id)
        VALUES (278, '2012-2-9', false, 762);
INSERT INTO Meter_reading(value, date, paid, meter_id)
        VALUES (326, '2012-2-11', false, 762);
INSERT INTO Meter_reading(value, date, paid, meter_id)
        VALUES (361, '2012-2-23', false, 762);
INSERT INTO Meter_reading(value, date, paid, meter_id)
        VALUES (405, '2012-3-1', false, 762);
INSERT INTO Meter_reading(value, date, paid, meter_id)
        VALUES (435, '2012-3-10', false, 762);
INSERT INTO Meter_reading(value, date, paid, meter_id)
        VALUES (461, '2012-3-11', false, 762);
INSERT INTO Meter_reading(value, date, paid, meter_id)
        VALUES (498, '2012-3-25', false, 762);
INSERT INTO Meter_reading(value, date, paid, meter_id)
        VALUES (530, '2012-4-12', false, 762);
INSERT INTO Meter_reading(value, date, paid, meter_id)
        VALUES (568, '2012-4-25', false, 762);
INSERT INTO Meter_reading(value, date, paid, meter_id)
        VALUES (183, '2012-1-13', false, 763);
INSERT INTO Meter_reading(value, date, paid, meter_id)
        VALUES (241, '2012-1-19', false, 763);
INSERT INTO Meter_reading(value, date, paid, meter_id)
        VALUES (261, '2012-1-21', false, 763);
INSERT INTO Meter_reading(value, date, paid, meter_id)
        VALUES (299, '2012-2-2', false, 763);
INSERT INTO Meter_reading(value, date, paid, meter_id)
        VALUES (351, '2012-2-6', false, 763);
INSERT INTO Meter_reading(value, date, paid, meter_id)
        VALUES (369, '2012-2-17', false, 763);
INSERT INTO Meter_reading(value, date, paid, meter_id)
        VALUES (381, '2012-2-24', false, 763);
INSERT INTO Meter_reading(value, date, paid, meter_id)
        VALUES (436, '2012-3-6', false, 763);
INSERT INTO Meter_reading(value, date, paid, meter_id)
        VALUES (439, '2012-3-16', false, 763);
INSERT INTO Meter_reading(value, date, paid, meter_id)
        VALUES (445, '2012-3-17', false, 763);
INSERT INTO Meter_reading(value, date, paid, meter_id)
        VALUES (456, '2012-3-20', false, 763);
INSERT INTO person(person_id, name, surname, paternal_name, registration_date, email, password_hash, is_admin) 
    VALUES (382, 'test382', 'test382', '', '01/01/2012', 'test382', '098f6bcd4621d373cade4e832627b4f6', false);
INSERT INTO dweller VALUES (382);
INSERT INTO flat(flat_id, area, flat_number, balance, cladr_id, building_id)
    VALUES (382, 210, 382, 0, 1, 1);
INSERT INTO dweller_lives_in_flat(person_id, flat_id)
    VALUES (382, 382);
INSERT INTO meter(meter_id, installation_date, type, title, meter_unit_id, active, flat_id)
    VALUES (764, '01/01/2012', 'Water', 'Cold water in kitchen test382', 1, true, 382);
INSERT INTO meter(meter_id, installation_date, type, title, meter_unit_id, active, flat_id)
    VALUES (765, '01/01/2012', 'Electricity', 'Electricity in hall test382', 2, true, 382);
INSERT INTO Meter_reading(value, date, paid, meter_id)
        VALUES (133, '2012-1-16', false, 764);
INSERT INTO Meter_reading(value, date, paid, meter_id)
        VALUES (138, '2012-1-22', false, 764);
INSERT INTO Meter_reading(value, date, paid, meter_id)
        VALUES (162, '2012-1-27', false, 764);
INSERT INTO Meter_reading(value, date, paid, meter_id)
        VALUES (189, '2012-2-9', false, 764);
INSERT INTO Meter_reading(value, date, paid, meter_id)
        VALUES (193, '2012-2-12', false, 764);
INSERT INTO Meter_reading(value, date, paid, meter_id)
        VALUES (210, '2012-2-17', false, 764);
INSERT INTO Meter_reading(value, date, paid, meter_id)
        VALUES (221, '2012-2-19', false, 764);
INSERT INTO Meter_reading(value, date, paid, meter_id)
        VALUES (230, '2012-3-5', false, 764);
INSERT INTO Meter_reading(value, date, paid, meter_id)
        VALUES (241, '2012-3-12', false, 764);
INSERT INTO Meter_reading(value, date, paid, meter_id)
        VALUES (242, '2012-3-17', false, 764);
INSERT INTO Meter_reading(value, date, paid, meter_id)
        VALUES (253, '2012-4-1', false, 764);
INSERT INTO Meter_reading(value, date, paid, meter_id)
        VALUES (269, '2012-4-8', false, 764);
INSERT INTO Meter_reading(value, date, paid, meter_id)
        VALUES (298, '2012-4-21', false, 764);
INSERT INTO Meter_reading(value, date, paid, meter_id)
        VALUES (313, '2012-5-7', false, 764);
INSERT INTO Meter_reading(value, date, paid, meter_id)
        VALUES (317, '2012-1-14', false, 765);
INSERT INTO Meter_reading(value, date, paid, meter_id)
        VALUES (318, '2012-1-25', false, 765);
INSERT INTO Meter_reading(value, date, paid, meter_id)
        VALUES (327, '2012-1-27', false, 765);
INSERT INTO Meter_reading(value, date, paid, meter_id)
        VALUES (352, '2012-2-5', false, 765);
INSERT INTO Meter_reading(value, date, paid, meter_id)
        VALUES (361, '2012-2-7', false, 765);
INSERT INTO Meter_reading(value, date, paid, meter_id)
        VALUES (372, '2012-2-9', false, 765);
INSERT INTO person(person_id, name, surname, paternal_name, registration_date, email, password_hash, is_admin) 
    VALUES (383, 'test383', 'test383', '', '01/01/2012', 'test383', '098f6bcd4621d373cade4e832627b4f6', false);
INSERT INTO dweller VALUES (383);
INSERT INTO flat(flat_id, area, flat_number, balance, cladr_id, building_id)
    VALUES (383, 66, 383, 0, 1, 1);
INSERT INTO dweller_lives_in_flat(person_id, flat_id)
    VALUES (383, 383);
INSERT INTO meter(meter_id, installation_date, type, title, meter_unit_id, active, flat_id)
    VALUES (766, '01/01/2012', 'Water', 'Cold water in kitchen test383', 1, true, 383);
INSERT INTO meter(meter_id, installation_date, type, title, meter_unit_id, active, flat_id)
    VALUES (767, '01/01/2012', 'Electricity', 'Electricity in hall test383', 2, true, 383);
INSERT INTO Meter_reading(value, date, paid, meter_id)
        VALUES (120, '2012-1-4', false, 766);
INSERT INTO Meter_reading(value, date, paid, meter_id)
        VALUES (135, '2012-1-7', false, 766);
INSERT INTO Meter_reading(value, date, paid, meter_id)
        VALUES (163, '2012-1-12', false, 766);
INSERT INTO Meter_reading(value, date, paid, meter_id)
        VALUES (173, '2012-1-13', false, 766);
INSERT INTO Meter_reading(value, date, paid, meter_id)
        VALUES (178, '2012-1-14', false, 766);
INSERT INTO Meter_reading(value, date, paid, meter_id)
        VALUES (190, '2012-2-1', false, 766);
INSERT INTO Meter_reading(value, date, paid, meter_id)
        VALUES (211, '2012-2-12', false, 766);
INSERT INTO Meter_reading(value, date, paid, meter_id)
        VALUES (231, '2012-2-16', false, 766);
INSERT INTO Meter_reading(value, date, paid, meter_id)
        VALUES (251, '2012-3-2', false, 766);
INSERT INTO Meter_reading(value, date, paid, meter_id)
        VALUES (266, '2012-3-4', false, 766);
INSERT INTO Meter_reading(value, date, paid, meter_id)
        VALUES (267, '2012-3-12', false, 766);
INSERT INTO Meter_reading(value, date, paid, meter_id)
        VALUES (291, '2012-3-26', false, 766);
INSERT INTO Meter_reading(value, date, paid, meter_id)
        VALUES (294, '2012-4-11', false, 766);
INSERT INTO Meter_reading(value, date, paid, meter_id)
        VALUES (181, '2012-1-13', false, 767);
INSERT INTO Meter_reading(value, date, paid, meter_id)
        VALUES (184, '2012-1-26', false, 767);
INSERT INTO Meter_reading(value, date, paid, meter_id)
        VALUES (187, '2012-2-2', false, 767);
INSERT INTO Meter_reading(value, date, paid, meter_id)
        VALUES (199, '2012-2-9', false, 767);
INSERT INTO Meter_reading(value, date, paid, meter_id)
        VALUES (200, '2012-2-12', false, 767);
INSERT INTO Meter_reading(value, date, paid, meter_id)
        VALUES (210, '2012-2-18', false, 767);
INSERT INTO Meter_reading(value, date, paid, meter_id)
        VALUES (217, '2012-3-3', false, 767);
INSERT INTO person(person_id, name, surname, paternal_name, registration_date, email, password_hash, is_admin) 
    VALUES (384, 'test384', 'test384', '', '01/01/2012', 'test384', '098f6bcd4621d373cade4e832627b4f6', false);
INSERT INTO dweller VALUES (384);
INSERT INTO flat(flat_id, area, flat_number, balance, cladr_id, building_id)
    VALUES (384, 302, 384, 0, 1, 1);
INSERT INTO dweller_lives_in_flat(person_id, flat_id)
    VALUES (384, 384);
INSERT INTO meter(meter_id, installation_date, type, title, meter_unit_id, active, flat_id)
    VALUES (768, '01/01/2012', 'Water', 'Cold water in kitchen test384', 1, true, 384);
INSERT INTO meter(meter_id, installation_date, type, title, meter_unit_id, active, flat_id)
    VALUES (769, '01/01/2012', 'Electricity', 'Electricity in hall test384', 2, true, 384);
INSERT INTO Meter_reading(value, date, paid, meter_id)
        VALUES (15, '2012-1-12', false, 768);
INSERT INTO Meter_reading(value, date, paid, meter_id)
        VALUES (43, '2012-1-22', false, 768);
INSERT INTO Meter_reading(value, date, paid, meter_id)
        VALUES (66, '2012-2-5', false, 768);
INSERT INTO Meter_reading(value, date, paid, meter_id)
        VALUES (72, '2012-2-7', false, 768);
INSERT INTO Meter_reading(value, date, paid, meter_id)
        VALUES (100, '2012-2-21', false, 768);
INSERT INTO Meter_reading(value, date, paid, meter_id)
        VALUES (117, '2012-3-8', false, 768);
INSERT INTO Meter_reading(value, date, paid, meter_id)
        VALUES (44, '2012-1-4', false, 769);
INSERT INTO Meter_reading(value, date, paid, meter_id)
        VALUES (68, '2012-1-12', false, 769);
INSERT INTO Meter_reading(value, date, paid, meter_id)
        VALUES (69, '2012-1-25', false, 769);
INSERT INTO Meter_reading(value, date, paid, meter_id)
        VALUES (74, '2012-2-12', false, 769);
INSERT INTO Meter_reading(value, date, paid, meter_id)
        VALUES (91, '2012-2-23', false, 769);
INSERT INTO Meter_reading(value, date, paid, meter_id)
        VALUES (115, '2012-2-26', false, 769);
INSERT INTO Meter_reading(value, date, paid, meter_id)
        VALUES (136, '2012-3-5', false, 769);
INSERT INTO Meter_reading(value, date, paid, meter_id)
        VALUES (147, '2012-3-7', false, 769);
INSERT INTO Meter_reading(value, date, paid, meter_id)
        VALUES (148, '2012-3-12', false, 769);
INSERT INTO Meter_reading(value, date, paid, meter_id)
        VALUES (173, '2012-3-22', false, 769);
INSERT INTO Meter_reading(value, date, paid, meter_id)
        VALUES (194, '2012-4-2', false, 769);
INSERT INTO Meter_reading(value, date, paid, meter_id)
        VALUES (210, '2012-4-10', false, 769);
INSERT INTO Meter_reading(value, date, paid, meter_id)
        VALUES (232, '2012-4-20', false, 769);
INSERT INTO Meter_reading(value, date, paid, meter_id)
        VALUES (242, '2012-4-27', false, 769);
INSERT INTO person(person_id, name, surname, paternal_name, registration_date, email, password_hash, is_admin) 
    VALUES (385, 'test385', 'test385', '', '01/01/2012', 'test385', '098f6bcd4621d373cade4e832627b4f6', false);
INSERT INTO dweller VALUES (385);
INSERT INTO flat(flat_id, area, flat_number, balance, cladr_id, building_id)
    VALUES (385, 86, 385, 0, 1, 1);
INSERT INTO dweller_lives_in_flat(person_id, flat_id)
    VALUES (385, 385);
INSERT INTO meter(meter_id, installation_date, type, title, meter_unit_id, active, flat_id)
    VALUES (770, '01/01/2012', 'Water', 'Cold water in kitchen test385', 1, true, 385);
INSERT INTO meter(meter_id, installation_date, type, title, meter_unit_id, active, flat_id)
    VALUES (771, '01/01/2012', 'Electricity', 'Electricity in hall test385', 2, true, 385);
INSERT INTO Meter_reading(value, date, paid, meter_id)
        VALUES (133, '2012-1-8', false, 770);
INSERT INTO Meter_reading(value, date, paid, meter_id)
        VALUES (147, '2012-1-13', false, 770);
INSERT INTO Meter_reading(value, date, paid, meter_id)
        VALUES (153, '2012-1-26', false, 770);
INSERT INTO Meter_reading(value, date, paid, meter_id)
        VALUES (160, '2012-2-7', false, 770);
INSERT INTO Meter_reading(value, date, paid, meter_id)
        VALUES (167, '2012-2-16', false, 770);
INSERT INTO Meter_reading(value, date, paid, meter_id)
        VALUES (172, '2012-3-2', false, 770);
INSERT INTO Meter_reading(value, date, paid, meter_id)
        VALUES (184, '2012-3-6', false, 770);
INSERT INTO Meter_reading(value, date, paid, meter_id)
        VALUES (187, '2012-3-14', false, 770);
INSERT INTO Meter_reading(value, date, paid, meter_id)
        VALUES (193, '2012-3-17', false, 770);
INSERT INTO Meter_reading(value, date, paid, meter_id)
        VALUES (209, '2012-4-2', false, 770);
INSERT INTO Meter_reading(value, date, paid, meter_id)
        VALUES (212, '2012-4-7', false, 770);
INSERT INTO Meter_reading(value, date, paid, meter_id)
        VALUES (228, '2012-4-9', false, 770);
INSERT INTO Meter_reading(value, date, paid, meter_id)
        VALUES (205, '2012-1-9', false, 771);
INSERT INTO Meter_reading(value, date, paid, meter_id)
        VALUES (213, '2012-1-13', false, 771);
INSERT INTO Meter_reading(value, date, paid, meter_id)
        VALUES (222, '2012-1-17', false, 771);
INSERT INTO Meter_reading(value, date, paid, meter_id)
        VALUES (223, '2012-2-1', false, 771);
INSERT INTO Meter_reading(value, date, paid, meter_id)
        VALUES (246, '2012-2-2', false, 771);
INSERT INTO Meter_reading(value, date, paid, meter_id)
        VALUES (265, '2012-2-3', false, 771);
INSERT INTO Meter_reading(value, date, paid, meter_id)
        VALUES (277, '2012-2-5', false, 771);
INSERT INTO person(person_id, name, surname, paternal_name, registration_date, email, password_hash, is_admin) 
    VALUES (386, 'test386', 'test386', '', '01/01/2012', 'test386', '098f6bcd4621d373cade4e832627b4f6', false);
INSERT INTO dweller VALUES (386);
INSERT INTO flat(flat_id, area, flat_number, balance, cladr_id, building_id)
    VALUES (386, 210, 386, 0, 1, 1);
INSERT INTO dweller_lives_in_flat(person_id, flat_id)
    VALUES (386, 386);
INSERT INTO meter(meter_id, installation_date, type, title, meter_unit_id, active, flat_id)
    VALUES (772, '01/01/2012', 'Water', 'Cold water in kitchen test386', 1, true, 386);
INSERT INTO meter(meter_id, installation_date, type, title, meter_unit_id, active, flat_id)
    VALUES (773, '01/01/2012', 'Electricity', 'Electricity in hall test386', 2, true, 386);
INSERT INTO Meter_reading(value, date, paid, meter_id)
        VALUES (105, '2012-1-13', false, 772);
INSERT INTO Meter_reading(value, date, paid, meter_id)
        VALUES (152, '2012-1-26', false, 772);
INSERT INTO Meter_reading(value, date, paid, meter_id)
        VALUES (201, '2012-2-12', false, 772);
INSERT INTO Meter_reading(value, date, paid, meter_id)
        VALUES (244, '2012-2-24', false, 772);
INSERT INTO Meter_reading(value, date, paid, meter_id)
        VALUES (281, '2012-3-2', false, 772);
INSERT INTO Meter_reading(value, date, paid, meter_id)
        VALUES (282, '2012-3-14', false, 772);
INSERT INTO Meter_reading(value, date, paid, meter_id)
        VALUES (311, '2012-3-20', false, 772);
INSERT INTO Meter_reading(value, date, paid, meter_id)
        VALUES (322, '2012-4-5', false, 772);
INSERT INTO Meter_reading(value, date, paid, meter_id)
        VALUES (354, '2012-4-17', false, 772);
INSERT INTO Meter_reading(value, date, paid, meter_id)
        VALUES (241, '2012-1-15', false, 773);
INSERT INTO Meter_reading(value, date, paid, meter_id)
        VALUES (263, '2012-1-16', false, 773);
INSERT INTO Meter_reading(value, date, paid, meter_id)
        VALUES (289, '2012-1-26', false, 773);
INSERT INTO Meter_reading(value, date, paid, meter_id)
        VALUES (308, '2012-2-5', false, 773);
INSERT INTO Meter_reading(value, date, paid, meter_id)
        VALUES (323, '2012-2-15', false, 773);
INSERT INTO Meter_reading(value, date, paid, meter_id)
        VALUES (334, '2012-2-18', false, 773);
INSERT INTO Meter_reading(value, date, paid, meter_id)
        VALUES (359, '2012-3-1', false, 773);
INSERT INTO person(person_id, name, surname, paternal_name, registration_date, email, password_hash, is_admin) 
    VALUES (387, 'test387', 'test387', '', '01/01/2012', 'test387', '098f6bcd4621d373cade4e832627b4f6', false);
INSERT INTO dweller VALUES (387);
INSERT INTO flat(flat_id, area, flat_number, balance, cladr_id, building_id)
    VALUES (387, 242, 387, 0, 1, 1);
INSERT INTO dweller_lives_in_flat(person_id, flat_id)
    VALUES (387, 387);
INSERT INTO meter(meter_id, installation_date, type, title, meter_unit_id, active, flat_id)
    VALUES (774, '01/01/2012', 'Water', 'Cold water in kitchen test387', 1, true, 387);
INSERT INTO meter(meter_id, installation_date, type, title, meter_unit_id, active, flat_id)
    VALUES (775, '01/01/2012', 'Electricity', 'Electricity in hall test387', 2, true, 387);
INSERT INTO Meter_reading(value, date, paid, meter_id)
        VALUES (32, '2012-1-16', false, 774);
INSERT INTO Meter_reading(value, date, paid, meter_id)
        VALUES (51, '2012-2-1', false, 774);
INSERT INTO Meter_reading(value, date, paid, meter_id)
        VALUES (80, '2012-2-7', false, 774);
INSERT INTO Meter_reading(value, date, paid, meter_id)
        VALUES (89, '2012-2-16', false, 774);
INSERT INTO Meter_reading(value, date, paid, meter_id)
        VALUES (102, '2012-2-23', false, 774);
INSERT INTO Meter_reading(value, date, paid, meter_id)
        VALUES (130, '2012-3-10', false, 774);
INSERT INTO Meter_reading(value, date, paid, meter_id)
        VALUES (155, '2012-3-21', false, 774);
INSERT INTO Meter_reading(value, date, paid, meter_id)
        VALUES (172, '2012-3-27', false, 774);
INSERT INTO Meter_reading(value, date, paid, meter_id)
        VALUES (199, '2012-4-8', false, 774);
INSERT INTO Meter_reading(value, date, paid, meter_id)
        VALUES (225, '2012-4-18', false, 774);
INSERT INTO Meter_reading(value, date, paid, meter_id)
        VALUES (312, '2012-1-7', false, 775);
INSERT INTO Meter_reading(value, date, paid, meter_id)
        VALUES (323, '2012-1-21', false, 775);
INSERT INTO Meter_reading(value, date, paid, meter_id)
        VALUES (346, '2012-2-7', false, 775);
INSERT INTO Meter_reading(value, date, paid, meter_id)
        VALUES (351, '2012-2-18', false, 775);
INSERT INTO Meter_reading(value, date, paid, meter_id)
        VALUES (355, '2012-2-22', false, 775);
INSERT INTO Meter_reading(value, date, paid, meter_id)
        VALUES (360, '2012-2-27', false, 775);
INSERT INTO Meter_reading(value, date, paid, meter_id)
        VALUES (362, '2012-3-7', false, 775);
INSERT INTO Meter_reading(value, date, paid, meter_id)
        VALUES (391, '2012-3-18', false, 775);
INSERT INTO Meter_reading(value, date, paid, meter_id)
        VALUES (393, '2012-3-24', false, 775);
INSERT INTO Meter_reading(value, date, paid, meter_id)
        VALUES (415, '2012-4-1', false, 775);
INSERT INTO Meter_reading(value, date, paid, meter_id)
        VALUES (427, '2012-4-14', false, 775);
INSERT INTO Meter_reading(value, date, paid, meter_id)
        VALUES (453, '2012-4-22', false, 775);
INSERT INTO person(person_id, name, surname, paternal_name, registration_date, email, password_hash, is_admin) 
    VALUES (388, 'test388', 'test388', '', '01/01/2012', 'test388', '098f6bcd4621d373cade4e832627b4f6', false);
INSERT INTO dweller VALUES (388);
INSERT INTO flat(flat_id, area, flat_number, balance, cladr_id, building_id)
    VALUES (388, 255, 388, 0, 1, 1);
INSERT INTO dweller_lives_in_flat(person_id, flat_id)
    VALUES (388, 388);
INSERT INTO meter(meter_id, installation_date, type, title, meter_unit_id, active, flat_id)
    VALUES (776, '01/01/2012', 'Water', 'Cold water in kitchen test388', 1, true, 388);
INSERT INTO meter(meter_id, installation_date, type, title, meter_unit_id, active, flat_id)
    VALUES (777, '01/01/2012', 'Electricity', 'Electricity in hall test388', 2, true, 388);
INSERT INTO Meter_reading(value, date, paid, meter_id)
        VALUES (298, '2012-1-5', false, 776);
INSERT INTO Meter_reading(value, date, paid, meter_id)
        VALUES (312, '2012-1-15', false, 776);
INSERT INTO Meter_reading(value, date, paid, meter_id)
        VALUES (336, '2012-1-16', false, 776);
INSERT INTO Meter_reading(value, date, paid, meter_id)
        VALUES (349, '2012-1-25', false, 776);
INSERT INTO Meter_reading(value, date, paid, meter_id)
        VALUES (364, '2012-2-5', false, 776);
INSERT INTO Meter_reading(value, date, paid, meter_id)
        VALUES (380, '2012-2-13', false, 776);
INSERT INTO Meter_reading(value, date, paid, meter_id)
        VALUES (406, '2012-2-22', false, 776);
INSERT INTO Meter_reading(value, date, paid, meter_id)
        VALUES (426, '2012-3-2', false, 776);
INSERT INTO Meter_reading(value, date, paid, meter_id)
        VALUES (434, '2012-3-15', false, 776);
INSERT INTO Meter_reading(value, date, paid, meter_id)
        VALUES (438, '2012-3-18', false, 776);
INSERT INTO Meter_reading(value, date, paid, meter_id)
        VALUES (457, '2012-4-5', false, 776);
INSERT INTO Meter_reading(value, date, paid, meter_id)
        VALUES (480, '2012-4-11', false, 776);
INSERT INTO Meter_reading(value, date, paid, meter_id)
        VALUES (508, '2012-4-12', false, 776);
INSERT INTO Meter_reading(value, date, paid, meter_id)
        VALUES (535, '2012-4-14', false, 776);
INSERT INTO Meter_reading(value, date, paid, meter_id)
        VALUES (135, '2012-1-11', false, 777);
INSERT INTO Meter_reading(value, date, paid, meter_id)
        VALUES (146, '2012-1-18', false, 777);
INSERT INTO Meter_reading(value, date, paid, meter_id)
        VALUES (148, '2012-1-26', false, 777);
INSERT INTO Meter_reading(value, date, paid, meter_id)
        VALUES (164, '2012-2-10', false, 777);
INSERT INTO Meter_reading(value, date, paid, meter_id)
        VALUES (172, '2012-2-22', false, 777);
INSERT INTO Meter_reading(value, date, paid, meter_id)
        VALUES (173, '2012-2-24', false, 777);
INSERT INTO Meter_reading(value, date, paid, meter_id)
        VALUES (180, '2012-3-11', false, 777);
INSERT INTO Meter_reading(value, date, paid, meter_id)
        VALUES (189, '2012-3-23', false, 777);
INSERT INTO Meter_reading(value, date, paid, meter_id)
        VALUES (205, '2012-3-27', false, 777);
INSERT INTO Meter_reading(value, date, paid, meter_id)
        VALUES (207, '2012-4-11', false, 777);
INSERT INTO Meter_reading(value, date, paid, meter_id)
        VALUES (221, '2012-4-21', false, 777);
INSERT INTO Meter_reading(value, date, paid, meter_id)
        VALUES (227, '2012-5-7', false, 777);
INSERT INTO person(person_id, name, surname, paternal_name, registration_date, email, password_hash, is_admin) 
    VALUES (389, 'test389', 'test389', '', '01/01/2012', 'test389', '098f6bcd4621d373cade4e832627b4f6', false);
INSERT INTO dweller VALUES (389);
INSERT INTO flat(flat_id, area, flat_number, balance, cladr_id, building_id)
    VALUES (389, 212, 389, 0, 1, 1);
INSERT INTO dweller_lives_in_flat(person_id, flat_id)
    VALUES (389, 389);
INSERT INTO meter(meter_id, installation_date, type, title, meter_unit_id, active, flat_id)
    VALUES (778, '01/01/2012', 'Water', 'Cold water in kitchen test389', 1, true, 389);
INSERT INTO meter(meter_id, installation_date, type, title, meter_unit_id, active, flat_id)
    VALUES (779, '01/01/2012', 'Electricity', 'Electricity in hall test389', 2, true, 389);
INSERT INTO Meter_reading(value, date, paid, meter_id)
        VALUES (219, '2012-1-3', false, 778);
INSERT INTO Meter_reading(value, date, paid, meter_id)
        VALUES (234, '2012-1-10', false, 778);
INSERT INTO Meter_reading(value, date, paid, meter_id)
        VALUES (241, '2012-1-19', false, 778);
INSERT INTO Meter_reading(value, date, paid, meter_id)
        VALUES (247, '2012-1-27', false, 778);
INSERT INTO Meter_reading(value, date, paid, meter_id)
        VALUES (254, '2012-2-11', false, 778);
INSERT INTO Meter_reading(value, date, paid, meter_id)
        VALUES (260, '2012-2-19', false, 778);
INSERT INTO Meter_reading(value, date, paid, meter_id)
        VALUES (278, '2012-2-26', false, 778);
INSERT INTO Meter_reading(value, date, paid, meter_id)
        VALUES (286, '2012-3-2', false, 778);
INSERT INTO Meter_reading(value, date, paid, meter_id)
        VALUES (304, '2012-3-14', false, 778);
INSERT INTO Meter_reading(value, date, paid, meter_id)
        VALUES (309, '2012-3-16', false, 778);
INSERT INTO Meter_reading(value, date, paid, meter_id)
        VALUES (320, '2012-3-20', false, 778);
INSERT INTO Meter_reading(value, date, paid, meter_id)
        VALUES (331, '2012-3-25', false, 778);
INSERT INTO Meter_reading(value, date, paid, meter_id)
        VALUES (208, '2012-1-15', false, 779);
INSERT INTO Meter_reading(value, date, paid, meter_id)
        VALUES (209, '2012-1-27', false, 779);
INSERT INTO Meter_reading(value, date, paid, meter_id)
        VALUES (239, '2012-2-13', false, 779);
INSERT INTO Meter_reading(value, date, paid, meter_id)
        VALUES (250, '2012-2-19', false, 779);
INSERT INTO Meter_reading(value, date, paid, meter_id)
        VALUES (269, '2012-2-21', false, 779);
INSERT INTO Meter_reading(value, date, paid, meter_id)
        VALUES (308, '2012-3-5', false, 779);
INSERT INTO Meter_reading(value, date, paid, meter_id)
        VALUES (344, '2012-3-15', false, 779);
INSERT INTO Meter_reading(value, date, paid, meter_id)
        VALUES (352, '2012-4-2', false, 779);
INSERT INTO Meter_reading(value, date, paid, meter_id)
        VALUES (373, '2012-4-6', false, 779);
INSERT INTO Meter_reading(value, date, paid, meter_id)
        VALUES (380, '2012-4-15', false, 779);
INSERT INTO person(person_id, name, surname, paternal_name, registration_date, email, password_hash, is_admin) 
    VALUES (390, 'test390', 'test390', '', '01/01/2012', 'test390', '098f6bcd4621d373cade4e832627b4f6', false);
INSERT INTO dweller VALUES (390);
INSERT INTO flat(flat_id, area, flat_number, balance, cladr_id, building_id)
    VALUES (390, 245, 390, 0, 1, 1);
INSERT INTO dweller_lives_in_flat(person_id, flat_id)
    VALUES (390, 390);
INSERT INTO meter(meter_id, installation_date, type, title, meter_unit_id, active, flat_id)
    VALUES (780, '01/01/2012', 'Water', 'Cold water in kitchen test390', 1, true, 390);
INSERT INTO meter(meter_id, installation_date, type, title, meter_unit_id, active, flat_id)
    VALUES (781, '01/01/2012', 'Electricity', 'Electricity in hall test390', 2, true, 390);
INSERT INTO Meter_reading(value, date, paid, meter_id)
        VALUES (78, '2012-1-13', false, 780);
INSERT INTO Meter_reading(value, date, paid, meter_id)
        VALUES (90, '2012-1-18', false, 780);
INSERT INTO Meter_reading(value, date, paid, meter_id)
        VALUES (117, '2012-1-25', false, 780);
INSERT INTO Meter_reading(value, date, paid, meter_id)
        VALUES (143, '2012-2-1', false, 780);
INSERT INTO Meter_reading(value, date, paid, meter_id)
        VALUES (163, '2012-2-2', false, 780);
INSERT INTO Meter_reading(value, date, paid, meter_id)
        VALUES (176, '2012-2-7', false, 780);
INSERT INTO Meter_reading(value, date, paid, meter_id)
        VALUES (179, '2012-2-10', false, 780);
INSERT INTO Meter_reading(value, date, paid, meter_id)
        VALUES (192, '2012-2-12', false, 780);
INSERT INTO Meter_reading(value, date, paid, meter_id)
        VALUES (223, '2012-2-17', false, 780);
INSERT INTO Meter_reading(value, date, paid, meter_id)
        VALUES (248, '2012-2-21', false, 780);
INSERT INTO Meter_reading(value, date, paid, meter_id)
        VALUES (262, '2012-3-2', false, 780);
INSERT INTO Meter_reading(value, date, paid, meter_id)
        VALUES (290, '2012-3-10', false, 780);
INSERT INTO Meter_reading(value, date, paid, meter_id)
        VALUES (300, '2012-3-22', false, 780);
INSERT INTO Meter_reading(value, date, paid, meter_id)
        VALUES (314, '2012-4-5', false, 780);
INSERT INTO Meter_reading(value, date, paid, meter_id)
        VALUES (122, '2012-1-11', false, 781);
INSERT INTO Meter_reading(value, date, paid, meter_id)
        VALUES (135, '2012-1-16', false, 781);
INSERT INTO Meter_reading(value, date, paid, meter_id)
        VALUES (159, '2012-2-3', false, 781);
INSERT INTO Meter_reading(value, date, paid, meter_id)
        VALUES (177, '2012-2-6', false, 781);
INSERT INTO Meter_reading(value, date, paid, meter_id)
        VALUES (204, '2012-2-9', false, 781);
INSERT INTO Meter_reading(value, date, paid, meter_id)
        VALUES (223, '2012-2-12', false, 781);
INSERT INTO Meter_reading(value, date, paid, meter_id)
        VALUES (238, '2012-2-17', false, 781);
INSERT INTO Meter_reading(value, date, paid, meter_id)
        VALUES (262, '2012-3-1', false, 781);
INSERT INTO Meter_reading(value, date, paid, meter_id)
        VALUES (277, '2012-3-12', false, 781);
INSERT INTO Meter_reading(value, date, paid, meter_id)
        VALUES (306, '2012-3-17', false, 781);
INSERT INTO Meter_reading(value, date, paid, meter_id)
        VALUES (329, '2012-3-20', false, 781);
INSERT INTO Meter_reading(value, date, paid, meter_id)
        VALUES (354, '2012-3-26', false, 781);
INSERT INTO Meter_reading(value, date, paid, meter_id)
        VALUES (382, '2012-4-6', false, 781);
INSERT INTO person(person_id, name, surname, paternal_name, registration_date, email, password_hash, is_admin) 
    VALUES (391, 'test391', 'test391', '', '01/01/2012', 'test391', '098f6bcd4621d373cade4e832627b4f6', false);
INSERT INTO dweller VALUES (391);
INSERT INTO flat(flat_id, area, flat_number, balance, cladr_id, building_id)
    VALUES (391, 212, 391, 0, 1, 1);
INSERT INTO dweller_lives_in_flat(person_id, flat_id)
    VALUES (391, 391);
INSERT INTO meter(meter_id, installation_date, type, title, meter_unit_id, active, flat_id)
    VALUES (782, '01/01/2012', 'Water', 'Cold water in kitchen test391', 1, true, 391);
INSERT INTO meter(meter_id, installation_date, type, title, meter_unit_id, active, flat_id)
    VALUES (783, '01/01/2012', 'Electricity', 'Electricity in hall test391', 2, true, 391);
INSERT INTO Meter_reading(value, date, paid, meter_id)
        VALUES (132, '2012-1-13', false, 782);
INSERT INTO Meter_reading(value, date, paid, meter_id)
        VALUES (133, '2012-1-18', false, 782);
INSERT INTO Meter_reading(value, date, paid, meter_id)
        VALUES (136, '2012-1-26', false, 782);
INSERT INTO Meter_reading(value, date, paid, meter_id)
        VALUES (138, '2012-2-1', false, 782);
INSERT INTO Meter_reading(value, date, paid, meter_id)
        VALUES (142, '2012-2-7', false, 782);
INSERT INTO Meter_reading(value, date, paid, meter_id)
        VALUES (143, '2012-2-10', false, 782);
INSERT INTO Meter_reading(value, date, paid, meter_id)
        VALUES (207, '2012-1-9', false, 783);
INSERT INTO Meter_reading(value, date, paid, meter_id)
        VALUES (221, '2012-1-18', false, 783);
INSERT INTO Meter_reading(value, date, paid, meter_id)
        VALUES (247, '2012-1-22', false, 783);
INSERT INTO Meter_reading(value, date, paid, meter_id)
        VALUES (266, '2012-2-5', false, 783);
INSERT INTO Meter_reading(value, date, paid, meter_id)
        VALUES (275, '2012-2-10', false, 783);
INSERT INTO Meter_reading(value, date, paid, meter_id)
        VALUES (286, '2012-2-21', false, 783);
INSERT INTO Meter_reading(value, date, paid, meter_id)
        VALUES (301, '2012-3-7', false, 783);
INSERT INTO Meter_reading(value, date, paid, meter_id)
        VALUES (314, '2012-3-16', false, 783);
INSERT INTO Meter_reading(value, date, paid, meter_id)
        VALUES (330, '2012-3-27', false, 783);
INSERT INTO Meter_reading(value, date, paid, meter_id)
        VALUES (354, '2012-4-1', false, 783);
INSERT INTO Meter_reading(value, date, paid, meter_id)
        VALUES (362, '2012-4-2', false, 783);
INSERT INTO Meter_reading(value, date, paid, meter_id)
        VALUES (376, '2012-4-13', false, 783);
INSERT INTO Meter_reading(value, date, paid, meter_id)
        VALUES (385, '2012-4-19', false, 783);
INSERT INTO person(person_id, name, surname, paternal_name, registration_date, email, password_hash, is_admin) 
    VALUES (392, 'test392', 'test392', '', '01/01/2012', 'test392', '098f6bcd4621d373cade4e832627b4f6', false);
INSERT INTO dweller VALUES (392);
INSERT INTO flat(flat_id, area, flat_number, balance, cladr_id, building_id)
    VALUES (392, 199, 392, 0, 1, 1);
INSERT INTO dweller_lives_in_flat(person_id, flat_id)
    VALUES (392, 392);
INSERT INTO meter(meter_id, installation_date, type, title, meter_unit_id, active, flat_id)
    VALUES (784, '01/01/2012', 'Water', 'Cold water in kitchen test392', 1, true, 392);
INSERT INTO meter(meter_id, installation_date, type, title, meter_unit_id, active, flat_id)
    VALUES (785, '01/01/2012', 'Electricity', 'Electricity in hall test392', 2, true, 392);
INSERT INTO Meter_reading(value, date, paid, meter_id)
        VALUES (296, '2012-1-14', false, 784);
INSERT INTO Meter_reading(value, date, paid, meter_id)
        VALUES (303, '2012-1-27', false, 784);
INSERT INTO Meter_reading(value, date, paid, meter_id)
        VALUES (306, '2012-2-1', false, 784);
INSERT INTO Meter_reading(value, date, paid, meter_id)
        VALUES (325, '2012-2-9', false, 784);
INSERT INTO Meter_reading(value, date, paid, meter_id)
        VALUES (346, '2012-2-22', false, 784);
INSERT INTO Meter_reading(value, date, paid, meter_id)
        VALUES (357, '2012-2-27', false, 784);
INSERT INTO Meter_reading(value, date, paid, meter_id)
        VALUES (372, '2012-3-10', false, 784);
INSERT INTO Meter_reading(value, date, paid, meter_id)
        VALUES (389, '2012-3-20', false, 784);
INSERT INTO Meter_reading(value, date, paid, meter_id)
        VALUES (400, '2012-3-27', false, 784);
INSERT INTO Meter_reading(value, date, paid, meter_id)
        VALUES (408, '2012-4-1', false, 784);
INSERT INTO Meter_reading(value, date, paid, meter_id)
        VALUES (430, '2012-4-2', false, 784);
INSERT INTO Meter_reading(value, date, paid, meter_id)
        VALUES (432, '2012-4-8', false, 784);
INSERT INTO Meter_reading(value, date, paid, meter_id)
        VALUES (435, '2012-4-10', false, 784);
INSERT INTO Meter_reading(value, date, paid, meter_id)
        VALUES (292, '2012-1-15', false, 785);
INSERT INTO Meter_reading(value, date, paid, meter_id)
        VALUES (309, '2012-1-19', false, 785);
INSERT INTO Meter_reading(value, date, paid, meter_id)
        VALUES (319, '2012-2-1', false, 785);
INSERT INTO Meter_reading(value, date, paid, meter_id)
        VALUES (333, '2012-2-4', false, 785);
INSERT INTO Meter_reading(value, date, paid, meter_id)
        VALUES (355, '2012-2-6', false, 785);
INSERT INTO Meter_reading(value, date, paid, meter_id)
        VALUES (366, '2012-2-15', false, 785);
INSERT INTO Meter_reading(value, date, paid, meter_id)
        VALUES (370, '2012-2-27', false, 785);
INSERT INTO Meter_reading(value, date, paid, meter_id)
        VALUES (396, '2012-3-9', false, 785);
INSERT INTO person(person_id, name, surname, paternal_name, registration_date, email, password_hash, is_admin) 
    VALUES (393, 'test393', 'test393', '', '01/01/2012', 'test393', '098f6bcd4621d373cade4e832627b4f6', false);
INSERT INTO dweller VALUES (393);
INSERT INTO flat(flat_id, area, flat_number, balance, cladr_id, building_id)
    VALUES (393, 252, 393, 0, 1, 1);
INSERT INTO dweller_lives_in_flat(person_id, flat_id)
    VALUES (393, 393);
INSERT INTO meter(meter_id, installation_date, type, title, meter_unit_id, active, flat_id)
    VALUES (786, '01/01/2012', 'Water', 'Cold water in kitchen test393', 1, true, 393);
INSERT INTO meter(meter_id, installation_date, type, title, meter_unit_id, active, flat_id)
    VALUES (787, '01/01/2012', 'Electricity', 'Electricity in hall test393', 2, true, 393);
INSERT INTO Meter_reading(value, date, paid, meter_id)
        VALUES (272, '2012-1-7', false, 786);
INSERT INTO Meter_reading(value, date, paid, meter_id)
        VALUES (278, '2012-1-12', false, 786);
INSERT INTO Meter_reading(value, date, paid, meter_id)
        VALUES (292, '2012-1-24', false, 786);
INSERT INTO Meter_reading(value, date, paid, meter_id)
        VALUES (311, '2012-1-26', false, 786);
INSERT INTO Meter_reading(value, date, paid, meter_id)
        VALUES (326, '2012-1-27', false, 786);
INSERT INTO Meter_reading(value, date, paid, meter_id)
        VALUES (350, '2012-2-4', false, 786);
INSERT INTO Meter_reading(value, date, paid, meter_id)
        VALUES (369, '2012-2-11', false, 786);
INSERT INTO Meter_reading(value, date, paid, meter_id)
        VALUES (390, '2012-2-19', false, 786);
INSERT INTO Meter_reading(value, date, paid, meter_id)
        VALUES (400, '2012-3-6', false, 786);
INSERT INTO Meter_reading(value, date, paid, meter_id)
        VALUES (410, '2012-3-12', false, 786);
INSERT INTO Meter_reading(value, date, paid, meter_id)
        VALUES (428, '2012-3-23', false, 786);
INSERT INTO Meter_reading(value, date, paid, meter_id)
        VALUES (120, '2012-1-10', false, 787);
INSERT INTO Meter_reading(value, date, paid, meter_id)
        VALUES (123, '2012-1-14', false, 787);
INSERT INTO Meter_reading(value, date, paid, meter_id)
        VALUES (151, '2012-2-1', false, 787);
INSERT INTO Meter_reading(value, date, paid, meter_id)
        VALUES (161, '2012-2-14', false, 787);
INSERT INTO Meter_reading(value, date, paid, meter_id)
        VALUES (169, '2012-2-23', false, 787);
INSERT INTO Meter_reading(value, date, paid, meter_id)
        VALUES (192, '2012-2-24', false, 787);
INSERT INTO Meter_reading(value, date, paid, meter_id)
        VALUES (195, '2012-3-5', false, 787);
INSERT INTO Meter_reading(value, date, paid, meter_id)
        VALUES (213, '2012-3-7', false, 787);
INSERT INTO Meter_reading(value, date, paid, meter_id)
        VALUES (217, '2012-3-17', false, 787);
INSERT INTO Meter_reading(value, date, paid, meter_id)
        VALUES (224, '2012-3-20', false, 787);
INSERT INTO person(person_id, name, surname, paternal_name, registration_date, email, password_hash, is_admin) 
    VALUES (394, 'test394', 'test394', '', '01/01/2012', 'test394', '098f6bcd4621d373cade4e832627b4f6', false);
INSERT INTO dweller VALUES (394);
INSERT INTO flat(flat_id, area, flat_number, balance, cladr_id, building_id)
    VALUES (394, 168, 394, 0, 1, 1);
INSERT INTO dweller_lives_in_flat(person_id, flat_id)
    VALUES (394, 394);
INSERT INTO meter(meter_id, installation_date, type, title, meter_unit_id, active, flat_id)
    VALUES (788, '01/01/2012', 'Water', 'Cold water in kitchen test394', 1, true, 394);
INSERT INTO meter(meter_id, installation_date, type, title, meter_unit_id, active, flat_id)
    VALUES (789, '01/01/2012', 'Electricity', 'Electricity in hall test394', 2, true, 394);
INSERT INTO Meter_reading(value, date, paid, meter_id)
        VALUES (137, '2012-1-12', false, 788);
INSERT INTO Meter_reading(value, date, paid, meter_id)
        VALUES (155, '2012-1-19', false, 788);
INSERT INTO Meter_reading(value, date, paid, meter_id)
        VALUES (164, '2012-2-5', false, 788);
INSERT INTO Meter_reading(value, date, paid, meter_id)
        VALUES (179, '2012-2-10', false, 788);
INSERT INTO Meter_reading(value, date, paid, meter_id)
        VALUES (186, '2012-2-20', false, 788);
INSERT INTO Meter_reading(value, date, paid, meter_id)
        VALUES (190, '2012-3-3', false, 788);
INSERT INTO Meter_reading(value, date, paid, meter_id)
        VALUES (203, '2012-3-9', false, 788);
INSERT INTO Meter_reading(value, date, paid, meter_id)
        VALUES (56, '2012-1-3', false, 789);
INSERT INTO Meter_reading(value, date, paid, meter_id)
        VALUES (59, '2012-1-8', false, 789);
INSERT INTO Meter_reading(value, date, paid, meter_id)
        VALUES (81, '2012-1-12', false, 789);
INSERT INTO Meter_reading(value, date, paid, meter_id)
        VALUES (104, '2012-1-26', false, 789);
INSERT INTO Meter_reading(value, date, paid, meter_id)
        VALUES (123, '2012-2-1', false, 789);
INSERT INTO Meter_reading(value, date, paid, meter_id)
        VALUES (136, '2012-2-10', false, 789);
INSERT INTO person(person_id, name, surname, paternal_name, registration_date, email, password_hash, is_admin) 
    VALUES (395, 'test395', 'test395', '', '01/01/2012', 'test395', '098f6bcd4621d373cade4e832627b4f6', false);
INSERT INTO dweller VALUES (395);
INSERT INTO flat(flat_id, area, flat_number, balance, cladr_id, building_id)
    VALUES (395, 110, 395, 0, 1, 1);
INSERT INTO dweller_lives_in_flat(person_id, flat_id)
    VALUES (395, 395);
INSERT INTO meter(meter_id, installation_date, type, title, meter_unit_id, active, flat_id)
    VALUES (790, '01/01/2012', 'Water', 'Cold water in kitchen test395', 1, true, 395);
INSERT INTO meter(meter_id, installation_date, type, title, meter_unit_id, active, flat_id)
    VALUES (791, '01/01/2012', 'Electricity', 'Electricity in hall test395', 2, true, 395);
INSERT INTO Meter_reading(value, date, paid, meter_id)
        VALUES (243, '2012-1-6', false, 790);
INSERT INTO Meter_reading(value, date, paid, meter_id)
        VALUES (282, '2012-1-18', false, 790);
INSERT INTO Meter_reading(value, date, paid, meter_id)
        VALUES (300, '2012-1-27', false, 790);
INSERT INTO Meter_reading(value, date, paid, meter_id)
        VALUES (301, '2012-2-12', false, 790);
INSERT INTO Meter_reading(value, date, paid, meter_id)
        VALUES (331, '2012-2-22', false, 790);
INSERT INTO Meter_reading(value, date, paid, meter_id)
        VALUES (351, '2012-3-7', false, 790);
INSERT INTO Meter_reading(value, date, paid, meter_id)
        VALUES (377, '2012-3-18', false, 790);
INSERT INTO Meter_reading(value, date, paid, meter_id)
        VALUES (380, '2012-3-27', false, 790);
INSERT INTO Meter_reading(value, date, paid, meter_id)
        VALUES (391, '2012-4-14', false, 790);
INSERT INTO Meter_reading(value, date, paid, meter_id)
        VALUES (393, '2012-4-15', false, 790);
INSERT INTO Meter_reading(value, date, paid, meter_id)
        VALUES (431, '2012-5-2', false, 790);
INSERT INTO Meter_reading(value, date, paid, meter_id)
        VALUES (442, '2012-5-13', false, 790);
INSERT INTO Meter_reading(value, date, paid, meter_id)
        VALUES (82, '2012-1-12', false, 791);
INSERT INTO Meter_reading(value, date, paid, meter_id)
        VALUES (99, '2012-1-26', false, 791);
INSERT INTO Meter_reading(value, date, paid, meter_id)
        VALUES (117, '2012-2-4', false, 791);
INSERT INTO Meter_reading(value, date, paid, meter_id)
        VALUES (140, '2012-2-13', false, 791);
INSERT INTO Meter_reading(value, date, paid, meter_id)
        VALUES (165, '2012-2-23', false, 791);
INSERT INTO Meter_reading(value, date, paid, meter_id)
        VALUES (173, '2012-3-4', false, 791);
INSERT INTO Meter_reading(value, date, paid, meter_id)
        VALUES (189, '2012-3-17', false, 791);
INSERT INTO person(person_id, name, surname, paternal_name, registration_date, email, password_hash, is_admin) 
    VALUES (396, 'test396', 'test396', '', '01/01/2012', 'test396', '098f6bcd4621d373cade4e832627b4f6', false);
INSERT INTO dweller VALUES (396);
INSERT INTO flat(flat_id, area, flat_number, balance, cladr_id, building_id)
    VALUES (396, 111, 396, 0, 1, 1);
INSERT INTO dweller_lives_in_flat(person_id, flat_id)
    VALUES (396, 396);
INSERT INTO meter(meter_id, installation_date, type, title, meter_unit_id, active, flat_id)
    VALUES (792, '01/01/2012', 'Water', 'Cold water in kitchen test396', 1, true, 396);
INSERT INTO meter(meter_id, installation_date, type, title, meter_unit_id, active, flat_id)
    VALUES (793, '01/01/2012', 'Electricity', 'Electricity in hall test396', 2, true, 396);
INSERT INTO Meter_reading(value, date, paid, meter_id)
        VALUES (45, '2012-1-9', false, 792);
INSERT INTO Meter_reading(value, date, paid, meter_id)
        VALUES (49, '2012-1-12', false, 792);
INSERT INTO Meter_reading(value, date, paid, meter_id)
        VALUES (62, '2012-1-25', false, 792);
INSERT INTO Meter_reading(value, date, paid, meter_id)
        VALUES (73, '2012-2-9', false, 792);
INSERT INTO Meter_reading(value, date, paid, meter_id)
        VALUES (74, '2012-2-17', false, 792);
INSERT INTO Meter_reading(value, date, paid, meter_id)
        VALUES (87, '2012-2-23', false, 792);
INSERT INTO Meter_reading(value, date, paid, meter_id)
        VALUES (107, '2012-2-24', false, 792);
INSERT INTO Meter_reading(value, date, paid, meter_id)
        VALUES (123, '2012-3-2', false, 792);
INSERT INTO Meter_reading(value, date, paid, meter_id)
        VALUES (219, '2012-1-12', false, 793);
INSERT INTO Meter_reading(value, date, paid, meter_id)
        VALUES (227, '2012-1-20', false, 793);
INSERT INTO Meter_reading(value, date, paid, meter_id)
        VALUES (262, '2012-2-4', false, 793);
INSERT INTO Meter_reading(value, date, paid, meter_id)
        VALUES (265, '2012-2-16', false, 793);
INSERT INTO Meter_reading(value, date, paid, meter_id)
        VALUES (313, '2012-2-18', false, 793);
INSERT INTO Meter_reading(value, date, paid, meter_id)
        VALUES (365, '2012-3-4', false, 793);
INSERT INTO Meter_reading(value, date, paid, meter_id)
        VALUES (392, '2012-3-14', false, 793);
INSERT INTO Meter_reading(value, date, paid, meter_id)
        VALUES (425, '2012-3-23', false, 793);
INSERT INTO Meter_reading(value, date, paid, meter_id)
        VALUES (464, '2012-4-4', false, 793);
INSERT INTO Meter_reading(value, date, paid, meter_id)
        VALUES (470, '2012-4-7', false, 793);
INSERT INTO Meter_reading(value, date, paid, meter_id)
        VALUES (477, '2012-4-18', false, 793);
INSERT INTO Meter_reading(value, date, paid, meter_id)
        VALUES (502, '2012-5-5', false, 793);
INSERT INTO Meter_reading(value, date, paid, meter_id)
        VALUES (555, '2012-5-13', false, 793);
INSERT INTO Meter_reading(value, date, paid, meter_id)
        VALUES (575, '2012-5-27', false, 793);
INSERT INTO person(person_id, name, surname, paternal_name, registration_date, email, password_hash, is_admin) 
    VALUES (397, 'test397', 'test397', '', '01/01/2012', 'test397', '098f6bcd4621d373cade4e832627b4f6', false);
INSERT INTO dweller VALUES (397);
INSERT INTO flat(flat_id, area, flat_number, balance, cladr_id, building_id)
    VALUES (397, 262, 397, 0, 1, 1);
INSERT INTO dweller_lives_in_flat(person_id, flat_id)
    VALUES (397, 397);
INSERT INTO meter(meter_id, installation_date, type, title, meter_unit_id, active, flat_id)
    VALUES (794, '01/01/2012', 'Water', 'Cold water in kitchen test397', 1, true, 397);
INSERT INTO meter(meter_id, installation_date, type, title, meter_unit_id, active, flat_id)
    VALUES (795, '01/01/2012', 'Electricity', 'Electricity in hall test397', 2, true, 397);
INSERT INTO Meter_reading(value, date, paid, meter_id)
        VALUES (247, '2012-1-16', false, 794);
INSERT INTO Meter_reading(value, date, paid, meter_id)
        VALUES (257, '2012-1-22', false, 794);
INSERT INTO Meter_reading(value, date, paid, meter_id)
        VALUES (280, '2012-2-2', false, 794);
INSERT INTO Meter_reading(value, date, paid, meter_id)
        VALUES (318, '2012-2-10', false, 794);
INSERT INTO Meter_reading(value, date, paid, meter_id)
        VALUES (379, '2012-2-23', false, 794);
INSERT INTO Meter_reading(value, date, paid, meter_id)
        VALUES (401, '2012-3-4', false, 794);
INSERT INTO Meter_reading(value, date, paid, meter_id)
        VALUES (413, '2012-3-13', false, 794);
INSERT INTO Meter_reading(value, date, paid, meter_id)
        VALUES (439, '2012-3-15', false, 794);
INSERT INTO Meter_reading(value, date, paid, meter_id)
        VALUES (465, '2012-3-27', false, 794);
INSERT INTO Meter_reading(value, date, paid, meter_id)
        VALUES (527, '2012-4-13', false, 794);
INSERT INTO Meter_reading(value, date, paid, meter_id)
        VALUES (576, '2012-4-20', false, 794);
INSERT INTO Meter_reading(value, date, paid, meter_id)
        VALUES (302, '2012-1-7', false, 795);
INSERT INTO Meter_reading(value, date, paid, meter_id)
        VALUES (303, '2012-1-18', false, 795);
INSERT INTO Meter_reading(value, date, paid, meter_id)
        VALUES (332, '2012-2-2', false, 795);
INSERT INTO Meter_reading(value, date, paid, meter_id)
        VALUES (339, '2012-2-7', false, 795);
INSERT INTO Meter_reading(value, date, paid, meter_id)
        VALUES (354, '2012-2-8', false, 795);
INSERT INTO Meter_reading(value, date, paid, meter_id)
        VALUES (364, '2012-2-10', false, 795);
INSERT INTO Meter_reading(value, date, paid, meter_id)
        VALUES (377, '2012-2-16', false, 795);
INSERT INTO Meter_reading(value, date, paid, meter_id)
        VALUES (384, '2012-2-17', false, 795);
INSERT INTO Meter_reading(value, date, paid, meter_id)
        VALUES (413, '2012-2-25', false, 795);
INSERT INTO Meter_reading(value, date, paid, meter_id)
        VALUES (436, '2012-3-3', false, 795);
INSERT INTO Meter_reading(value, date, paid, meter_id)
        VALUES (448, '2012-3-10', false, 795);
INSERT INTO Meter_reading(value, date, paid, meter_id)
        VALUES (472, '2012-3-18', false, 795);
INSERT INTO person(person_id, name, surname, paternal_name, registration_date, email, password_hash, is_admin) 
    VALUES (398, 'test398', 'test398', '', '01/01/2012', 'test398', '098f6bcd4621d373cade4e832627b4f6', false);
INSERT INTO dweller VALUES (398);
INSERT INTO flat(flat_id, area, flat_number, balance, cladr_id, building_id)
    VALUES (398, 295, 398, 0, 1, 1);
INSERT INTO dweller_lives_in_flat(person_id, flat_id)
    VALUES (398, 398);
INSERT INTO meter(meter_id, installation_date, type, title, meter_unit_id, active, flat_id)
    VALUES (796, '01/01/2012', 'Water', 'Cold water in kitchen test398', 1, true, 398);
INSERT INTO meter(meter_id, installation_date, type, title, meter_unit_id, active, flat_id)
    VALUES (797, '01/01/2012', 'Electricity', 'Electricity in hall test398', 2, true, 398);
INSERT INTO Meter_reading(value, date, paid, meter_id)
        VALUES (298, '2012-1-6', false, 796);
INSERT INTO Meter_reading(value, date, paid, meter_id)
        VALUES (312, '2012-1-19', false, 796);
INSERT INTO Meter_reading(value, date, paid, meter_id)
        VALUES (330, '2012-2-4', false, 796);
INSERT INTO Meter_reading(value, date, paid, meter_id)
        VALUES (343, '2012-2-11', false, 796);
INSERT INTO Meter_reading(value, date, paid, meter_id)
        VALUES (353, '2012-2-13', false, 796);
INSERT INTO Meter_reading(value, date, paid, meter_id)
        VALUES (356, '2012-2-17', false, 796);
INSERT INTO Meter_reading(value, date, paid, meter_id)
        VALUES (366, '2012-2-18', false, 796);
INSERT INTO Meter_reading(value, date, paid, meter_id)
        VALUES (375, '2012-3-2', false, 796);
INSERT INTO Meter_reading(value, date, paid, meter_id)
        VALUES (380, '2012-3-5', false, 796);
INSERT INTO Meter_reading(value, date, paid, meter_id)
        VALUES (394, '2012-3-16', false, 796);
INSERT INTO Meter_reading(value, date, paid, meter_id)
        VALUES (98, '2012-1-15', false, 797);
INSERT INTO Meter_reading(value, date, paid, meter_id)
        VALUES (104, '2012-1-21', false, 797);
INSERT INTO Meter_reading(value, date, paid, meter_id)
        VALUES (132, '2012-1-27', false, 797);
INSERT INTO Meter_reading(value, date, paid, meter_id)
        VALUES (154, '2012-2-9', false, 797);
INSERT INTO Meter_reading(value, date, paid, meter_id)
        VALUES (170, '2012-2-11', false, 797);
INSERT INTO Meter_reading(value, date, paid, meter_id)
        VALUES (189, '2012-2-21', false, 797);
INSERT INTO Meter_reading(value, date, paid, meter_id)
        VALUES (190, '2012-3-1', false, 797);
INSERT INTO Meter_reading(value, date, paid, meter_id)
        VALUES (210, '2012-3-13', false, 797);
INSERT INTO Meter_reading(value, date, paid, meter_id)
        VALUES (223, '2012-3-20', false, 797);
INSERT INTO Meter_reading(value, date, paid, meter_id)
        VALUES (243, '2012-4-3', false, 797);
INSERT INTO Meter_reading(value, date, paid, meter_id)
        VALUES (256, '2012-4-10', false, 797);
INSERT INTO Meter_reading(value, date, paid, meter_id)
        VALUES (278, '2012-4-16', false, 797);
INSERT INTO Meter_reading(value, date, paid, meter_id)
        VALUES (287, '2012-4-18', false, 797);
INSERT INTO Meter_reading(value, date, paid, meter_id)
        VALUES (293, '2012-4-22', false, 797);
INSERT INTO person(person_id, name, surname, paternal_name, registration_date, email, password_hash, is_admin) 
    VALUES (399, 'test399', 'test399', '', '01/01/2012', 'test399', '098f6bcd4621d373cade4e832627b4f6', false);
INSERT INTO dweller VALUES (399);
INSERT INTO flat(flat_id, area, flat_number, balance, cladr_id, building_id)
    VALUES (399, 157, 399, 0, 1, 1);
INSERT INTO dweller_lives_in_flat(person_id, flat_id)
    VALUES (399, 399);
INSERT INTO meter(meter_id, installation_date, type, title, meter_unit_id, active, flat_id)
    VALUES (798, '01/01/2012', 'Water', 'Cold water in kitchen test399', 1, true, 399);
INSERT INTO meter(meter_id, installation_date, type, title, meter_unit_id, active, flat_id)
    VALUES (799, '01/01/2012', 'Electricity', 'Electricity in hall test399', 2, true, 399);
INSERT INTO Meter_reading(value, date, paid, meter_id)
        VALUES (111, '2012-1-9', false, 798);
INSERT INTO Meter_reading(value, date, paid, meter_id)
        VALUES (112, '2012-1-13', false, 798);
INSERT INTO Meter_reading(value, date, paid, meter_id)
        VALUES (113, '2012-1-19', false, 798);
INSERT INTO Meter_reading(value, date, paid, meter_id)
        VALUES (116, '2012-2-1', false, 798);
INSERT INTO Meter_reading(value, date, paid, meter_id)
        VALUES (118, '2012-2-8', false, 798);
INSERT INTO Meter_reading(value, date, paid, meter_id)
        VALUES (122, '2012-2-16', false, 798);
INSERT INTO Meter_reading(value, date, paid, meter_id)
        VALUES (125, '2012-3-3', false, 798);
INSERT INTO Meter_reading(value, date, paid, meter_id)
        VALUES (127, '2012-3-13', false, 798);
INSERT INTO Meter_reading(value, date, paid, meter_id)
        VALUES (130, '2012-3-18', false, 798);
INSERT INTO Meter_reading(value, date, paid, meter_id)
        VALUES (131, '2012-4-4', false, 798);
INSERT INTO Meter_reading(value, date, paid, meter_id)
        VALUES (134, '2012-4-16', false, 798);
INSERT INTO Meter_reading(value, date, paid, meter_id)
        VALUES (136, '2012-4-23', false, 798);
INSERT INTO Meter_reading(value, date, paid, meter_id)
        VALUES (140, '2012-4-27', false, 798);
INSERT INTO Meter_reading(value, date, paid, meter_id)
        VALUES (97, '2012-1-11', false, 799);
INSERT INTO Meter_reading(value, date, paid, meter_id)
        VALUES (98, '2012-1-14', false, 799);
INSERT INTO Meter_reading(value, date, paid, meter_id)
        VALUES (101, '2012-1-26', false, 799);
INSERT INTO Meter_reading(value, date, paid, meter_id)
        VALUES (112, '2012-2-13', false, 799);
INSERT INTO Meter_reading(value, date, paid, meter_id)
        VALUES (121, '2012-2-22', false, 799);
INSERT INTO Meter_reading(value, date, paid, meter_id)
        VALUES (147, '2012-2-24', false, 799);
INSERT INTO Meter_reading(value, date, paid, meter_id)
        VALUES (171, '2012-3-2', false, 799);
INSERT INTO Meter_reading(value, date, paid, meter_id)
        VALUES (188, '2012-3-9', false, 799);
INSERT INTO person(person_id, name, surname, paternal_name, registration_date, email, password_hash, is_admin) 
    VALUES (400, 'test400', 'test400', '', '01/01/2012', 'test400', '098f6bcd4621d373cade4e832627b4f6', false);
INSERT INTO dweller VALUES (400);
INSERT INTO flat(flat_id, area, flat_number, balance, cladr_id, building_id)
    VALUES (400, 184, 400, 0, 1, 1);
INSERT INTO dweller_lives_in_flat(person_id, flat_id)
    VALUES (400, 400);
INSERT INTO meter(meter_id, installation_date, type, title, meter_unit_id, active, flat_id)
    VALUES (800, '01/01/2012', 'Water', 'Cold water in kitchen test400', 1, true, 400);
INSERT INTO meter(meter_id, installation_date, type, title, meter_unit_id, active, flat_id)
    VALUES (801, '01/01/2012', 'Electricity', 'Electricity in hall test400', 2, true, 400);
INSERT INTO Meter_reading(value, date, paid, meter_id)
        VALUES (306, '2012-1-7', false, 800);
INSERT INTO Meter_reading(value, date, paid, meter_id)
        VALUES (319, '2012-1-14', false, 800);
INSERT INTO Meter_reading(value, date, paid, meter_id)
        VALUES (351, '2012-1-18', false, 800);
INSERT INTO Meter_reading(value, date, paid, meter_id)
        VALUES (365, '2012-1-22', false, 800);
INSERT INTO Meter_reading(value, date, paid, meter_id)
        VALUES (383, '2012-2-3', false, 800);
INSERT INTO Meter_reading(value, date, paid, meter_id)
        VALUES (406, '2012-2-15', false, 800);
INSERT INTO Meter_reading(value, date, paid, meter_id)
        VALUES (236, '2012-1-9', false, 801);
INSERT INTO Meter_reading(value, date, paid, meter_id)
        VALUES (269, '2012-1-22', false, 801);
INSERT INTO Meter_reading(value, date, paid, meter_id)
        VALUES (321, '2012-2-2', false, 801);
INSERT INTO Meter_reading(value, date, paid, meter_id)
        VALUES (344, '2012-2-5', false, 801);
INSERT INTO Meter_reading(value, date, paid, meter_id)
        VALUES (382, '2012-2-12', false, 801);
INSERT INTO Meter_reading(value, date, paid, meter_id)
        VALUES (388, '2012-2-13', false, 801);
INSERT INTO Meter_reading(value, date, paid, meter_id)
        VALUES (403, '2012-2-18', false, 801);
INSERT INTO person(person_id, name, surname, paternal_name, registration_date, email, password_hash, is_admin) 
    VALUES (401, 'test401', 'test401', '', '01/01/2012', 'test401', '098f6bcd4621d373cade4e832627b4f6', false);
INSERT INTO dweller VALUES (401);
INSERT INTO flat(flat_id, area, flat_number, balance, cladr_id, building_id)
    VALUES (401, 246, 401, 0, 1, 1);
INSERT INTO dweller_lives_in_flat(person_id, flat_id)
    VALUES (401, 401);
INSERT INTO meter(meter_id, installation_date, type, title, meter_unit_id, active, flat_id)
    VALUES (802, '01/01/2012', 'Water', 'Cold water in kitchen test401', 1, true, 401);
INSERT INTO meter(meter_id, installation_date, type, title, meter_unit_id, active, flat_id)
    VALUES (803, '01/01/2012', 'Electricity', 'Electricity in hall test401', 2, true, 401);
INSERT INTO Meter_reading(value, date, paid, meter_id)
        VALUES (172, '2012-1-7', false, 802);
INSERT INTO Meter_reading(value, date, paid, meter_id)
        VALUES (224, '2012-1-17', false, 802);
INSERT INTO Meter_reading(value, date, paid, meter_id)
        VALUES (231, '2012-2-3', false, 802);
INSERT INTO Meter_reading(value, date, paid, meter_id)
        VALUES (255, '2012-2-14', false, 802);
INSERT INTO Meter_reading(value, date, paid, meter_id)
        VALUES (322, '2012-2-26', false, 802);
INSERT INTO Meter_reading(value, date, paid, meter_id)
        VALUES (357, '2012-3-11', false, 802);
INSERT INTO Meter_reading(value, date, paid, meter_id)
        VALUES (56, '2012-1-5', false, 803);
INSERT INTO Meter_reading(value, date, paid, meter_id)
        VALUES (105, '2012-1-12', false, 803);
INSERT INTO Meter_reading(value, date, paid, meter_id)
        VALUES (152, '2012-1-25', false, 803);
INSERT INTO Meter_reading(value, date, paid, meter_id)
        VALUES (184, '2012-2-2', false, 803);
INSERT INTO Meter_reading(value, date, paid, meter_id)
        VALUES (189, '2012-2-6', false, 803);
INSERT INTO Meter_reading(value, date, paid, meter_id)
        VALUES (207, '2012-2-11', false, 803);
INSERT INTO Meter_reading(value, date, paid, meter_id)
        VALUES (238, '2012-2-22', false, 803);
INSERT INTO Meter_reading(value, date, paid, meter_id)
        VALUES (262, '2012-3-7', false, 803);
INSERT INTO person(person_id, name, surname, paternal_name, registration_date, email, password_hash, is_admin) 
    VALUES (402, 'test402', 'test402', '', '01/01/2012', 'test402', '098f6bcd4621d373cade4e832627b4f6', false);
INSERT INTO dweller VALUES (402);
INSERT INTO flat(flat_id, area, flat_number, balance, cladr_id, building_id)
    VALUES (402, 276, 402, 0, 1, 1);
INSERT INTO dweller_lives_in_flat(person_id, flat_id)
    VALUES (402, 402);
INSERT INTO meter(meter_id, installation_date, type, title, meter_unit_id, active, flat_id)
    VALUES (804, '01/01/2012', 'Water', 'Cold water in kitchen test402', 1, true, 402);
INSERT INTO meter(meter_id, installation_date, type, title, meter_unit_id, active, flat_id)
    VALUES (805, '01/01/2012', 'Electricity', 'Electricity in hall test402', 2, true, 402);
INSERT INTO Meter_reading(value, date, paid, meter_id)
        VALUES (335, '2012-1-8', false, 804);
INSERT INTO Meter_reading(value, date, paid, meter_id)
        VALUES (393, '2012-1-20', false, 804);
INSERT INTO Meter_reading(value, date, paid, meter_id)
        VALUES (458, '2012-2-4', false, 804);
INSERT INTO Meter_reading(value, date, paid, meter_id)
        VALUES (462, '2012-2-16', false, 804);
INSERT INTO Meter_reading(value, date, paid, meter_id)
        VALUES (514, '2012-2-24', false, 804);
INSERT INTO Meter_reading(value, date, paid, meter_id)
        VALUES (571, '2012-2-25', false, 804);
INSERT INTO Meter_reading(value, date, paid, meter_id)
        VALUES (605, '2012-3-3', false, 804);
INSERT INTO Meter_reading(value, date, paid, meter_id)
        VALUES (608, '2012-3-16', false, 804);
INSERT INTO Meter_reading(value, date, paid, meter_id)
        VALUES (622, '2012-4-1', false, 804);
INSERT INTO Meter_reading(value, date, paid, meter_id)
        VALUES (692, '2012-4-6', false, 804);
INSERT INTO Meter_reading(value, date, paid, meter_id)
        VALUES (285, '2012-1-11', false, 805);
INSERT INTO Meter_reading(value, date, paid, meter_id)
        VALUES (289, '2012-1-21', false, 805);
INSERT INTO Meter_reading(value, date, paid, meter_id)
        VALUES (292, '2012-1-24', false, 805);
INSERT INTO Meter_reading(value, date, paid, meter_id)
        VALUES (297, '2012-2-10', false, 805);
INSERT INTO Meter_reading(value, date, paid, meter_id)
        VALUES (301, '2012-2-17', false, 805);
INSERT INTO Meter_reading(value, date, paid, meter_id)
        VALUES (307, '2012-2-21', false, 805);
INSERT INTO Meter_reading(value, date, paid, meter_id)
        VALUES (309, '2012-3-7', false, 805);
INSERT INTO Meter_reading(value, date, paid, meter_id)
        VALUES (315, '2012-3-12', false, 805);
INSERT INTO Meter_reading(value, date, paid, meter_id)
        VALUES (319, '2012-3-22', false, 805);
INSERT INTO Meter_reading(value, date, paid, meter_id)
        VALUES (320, '2012-3-27', false, 805);
INSERT INTO Meter_reading(value, date, paid, meter_id)
        VALUES (322, '2012-4-9', false, 805);
INSERT INTO Meter_reading(value, date, paid, meter_id)
        VALUES (325, '2012-4-17', false, 805);
INSERT INTO person(person_id, name, surname, paternal_name, registration_date, email, password_hash, is_admin) 
    VALUES (403, 'test403', 'test403', '', '01/01/2012', 'test403', '098f6bcd4621d373cade4e832627b4f6', false);
INSERT INTO dweller VALUES (403);
INSERT INTO flat(flat_id, area, flat_number, balance, cladr_id, building_id)
    VALUES (403, 158, 403, 0, 1, 1);
INSERT INTO dweller_lives_in_flat(person_id, flat_id)
    VALUES (403, 403);
INSERT INTO meter(meter_id, installation_date, type, title, meter_unit_id, active, flat_id)
    VALUES (806, '01/01/2012', 'Water', 'Cold water in kitchen test403', 1, true, 403);
INSERT INTO meter(meter_id, installation_date, type, title, meter_unit_id, active, flat_id)
    VALUES (807, '01/01/2012', 'Electricity', 'Electricity in hall test403', 2, true, 403);
INSERT INTO Meter_reading(value, date, paid, meter_id)
        VALUES (129, '2012-1-11', false, 806);
INSERT INTO Meter_reading(value, date, paid, meter_id)
        VALUES (139, '2012-1-14', false, 806);
INSERT INTO Meter_reading(value, date, paid, meter_id)
        VALUES (140, '2012-1-24', false, 806);
INSERT INTO Meter_reading(value, date, paid, meter_id)
        VALUES (148, '2012-2-1', false, 806);
INSERT INTO Meter_reading(value, date, paid, meter_id)
        VALUES (151, '2012-2-14', false, 806);
INSERT INTO Meter_reading(value, date, paid, meter_id)
        VALUES (162, '2012-2-21', false, 806);
INSERT INTO Meter_reading(value, date, paid, meter_id)
        VALUES (164, '2012-3-3', false, 806);
INSERT INTO Meter_reading(value, date, paid, meter_id)
        VALUES (170, '2012-3-13', false, 806);
INSERT INTO Meter_reading(value, date, paid, meter_id)
        VALUES (187, '2012-3-14', false, 806);
INSERT INTO Meter_reading(value, date, paid, meter_id)
        VALUES (200, '2012-3-26', false, 806);
INSERT INTO Meter_reading(value, date, paid, meter_id)
        VALUES (216, '2012-4-1', false, 806);
INSERT INTO Meter_reading(value, date, paid, meter_id)
        VALUES (209, '2012-1-10', false, 807);
INSERT INTO Meter_reading(value, date, paid, meter_id)
        VALUES (215, '2012-1-22', false, 807);
INSERT INTO Meter_reading(value, date, paid, meter_id)
        VALUES (244, '2012-1-25', false, 807);
INSERT INTO Meter_reading(value, date, paid, meter_id)
        VALUES (270, '2012-2-10', false, 807);
INSERT INTO Meter_reading(value, date, paid, meter_id)
        VALUES (282, '2012-2-12', false, 807);
INSERT INTO Meter_reading(value, date, paid, meter_id)
        VALUES (301, '2012-2-26', false, 807);
INSERT INTO Meter_reading(value, date, paid, meter_id)
        VALUES (317, '2012-3-1', false, 807);
INSERT INTO person(person_id, name, surname, paternal_name, registration_date, email, password_hash, is_admin) 
    VALUES (404, 'test404', 'test404', '', '01/01/2012', 'test404', '098f6bcd4621d373cade4e832627b4f6', false);
INSERT INTO dweller VALUES (404);
INSERT INTO flat(flat_id, area, flat_number, balance, cladr_id, building_id)
    VALUES (404, 270, 404, 0, 1, 1);
INSERT INTO dweller_lives_in_flat(person_id, flat_id)
    VALUES (404, 404);
INSERT INTO meter(meter_id, installation_date, type, title, meter_unit_id, active, flat_id)
    VALUES (808, '01/01/2012', 'Water', 'Cold water in kitchen test404', 1, true, 404);
INSERT INTO meter(meter_id, installation_date, type, title, meter_unit_id, active, flat_id)
    VALUES (809, '01/01/2012', 'Electricity', 'Electricity in hall test404', 2, true, 404);
INSERT INTO Meter_reading(value, date, paid, meter_id)
        VALUES (241, '2012-1-15', false, 808);
INSERT INTO Meter_reading(value, date, paid, meter_id)
        VALUES (256, '2012-1-22', false, 808);
INSERT INTO Meter_reading(value, date, paid, meter_id)
        VALUES (284, '2012-1-26', false, 808);
INSERT INTO Meter_reading(value, date, paid, meter_id)
        VALUES (294, '2012-2-12', false, 808);
INSERT INTO Meter_reading(value, date, paid, meter_id)
        VALUES (315, '2012-2-22', false, 808);
INSERT INTO Meter_reading(value, date, paid, meter_id)
        VALUES (342, '2012-3-5', false, 808);
INSERT INTO Meter_reading(value, date, paid, meter_id)
        VALUES (238, '2012-1-15', false, 809);
INSERT INTO Meter_reading(value, date, paid, meter_id)
        VALUES (251, '2012-1-25', false, 809);
INSERT INTO Meter_reading(value, date, paid, meter_id)
        VALUES (253, '2012-2-7', false, 809);
INSERT INTO Meter_reading(value, date, paid, meter_id)
        VALUES (262, '2012-2-11', false, 809);
INSERT INTO Meter_reading(value, date, paid, meter_id)
        VALUES (266, '2012-2-24', false, 809);
INSERT INTO person(person_id, name, surname, paternal_name, registration_date, email, password_hash, is_admin) 
    VALUES (405, 'test405', 'test405', '', '01/01/2012', 'test405', '098f6bcd4621d373cade4e832627b4f6', false);
INSERT INTO dweller VALUES (405);
INSERT INTO flat(flat_id, area, flat_number, balance, cladr_id, building_id)
    VALUES (405, 222, 405, 0, 1, 1);
INSERT INTO dweller_lives_in_flat(person_id, flat_id)
    VALUES (405, 405);
INSERT INTO meter(meter_id, installation_date, type, title, meter_unit_id, active, flat_id)
    VALUES (810, '01/01/2012', 'Water', 'Cold water in kitchen test405', 1, true, 405);
INSERT INTO meter(meter_id, installation_date, type, title, meter_unit_id, active, flat_id)
    VALUES (811, '01/01/2012', 'Electricity', 'Electricity in hall test405', 2, true, 405);
INSERT INTO Meter_reading(value, date, paid, meter_id)
        VALUES (225, '2012-1-9', false, 810);
INSERT INTO Meter_reading(value, date, paid, meter_id)
        VALUES (236, '2012-1-21', false, 810);
INSERT INTO Meter_reading(value, date, paid, meter_id)
        VALUES (253, '2012-1-25', false, 810);
INSERT INTO Meter_reading(value, date, paid, meter_id)
        VALUES (286, '2012-2-12', false, 810);
INSERT INTO Meter_reading(value, date, paid, meter_id)
        VALUES (310, '2012-2-13', false, 810);
INSERT INTO Meter_reading(value, date, paid, meter_id)
        VALUES (325, '2012-2-25', false, 810);
INSERT INTO Meter_reading(value, date, paid, meter_id)
        VALUES (382, '2012-3-2', false, 810);
INSERT INTO Meter_reading(value, date, paid, meter_id)
        VALUES (434, '2012-3-6', false, 810);
INSERT INTO Meter_reading(value, date, paid, meter_id)
        VALUES (492, '2012-3-10', false, 810);
INSERT INTO Meter_reading(value, date, paid, meter_id)
        VALUES (526, '2012-3-19', false, 810);
INSERT INTO Meter_reading(value, date, paid, meter_id)
        VALUES (210, '2012-1-3', false, 811);
INSERT INTO Meter_reading(value, date, paid, meter_id)
        VALUES (218, '2012-1-15', false, 811);
INSERT INTO Meter_reading(value, date, paid, meter_id)
        VALUES (225, '2012-1-24', false, 811);
INSERT INTO Meter_reading(value, date, paid, meter_id)
        VALUES (236, '2012-2-11', false, 811);
INSERT INTO Meter_reading(value, date, paid, meter_id)
        VALUES (238, '2012-2-20', false, 811);
INSERT INTO Meter_reading(value, date, paid, meter_id)
        VALUES (247, '2012-2-27', false, 811);
INSERT INTO Meter_reading(value, date, paid, meter_id)
        VALUES (252, '2012-3-12', false, 811);
INSERT INTO Meter_reading(value, date, paid, meter_id)
        VALUES (253, '2012-3-21', false, 811);
INSERT INTO Meter_reading(value, date, paid, meter_id)
        VALUES (260, '2012-4-7', false, 811);
INSERT INTO Meter_reading(value, date, paid, meter_id)
        VALUES (261, '2012-4-16', false, 811);
INSERT INTO person(person_id, name, surname, paternal_name, registration_date, email, password_hash, is_admin) 
    VALUES (406, 'test406', 'test406', '', '01/01/2012', 'test406', '098f6bcd4621d373cade4e832627b4f6', false);
INSERT INTO dweller VALUES (406);
INSERT INTO flat(flat_id, area, flat_number, balance, cladr_id, building_id)
    VALUES (406, 317, 406, 0, 1, 1);
INSERT INTO dweller_lives_in_flat(person_id, flat_id)
    VALUES (406, 406);
INSERT INTO meter(meter_id, installation_date, type, title, meter_unit_id, active, flat_id)
    VALUES (812, '01/01/2012', 'Water', 'Cold water in kitchen test406', 1, true, 406);
INSERT INTO meter(meter_id, installation_date, type, title, meter_unit_id, active, flat_id)
    VALUES (813, '01/01/2012', 'Electricity', 'Electricity in hall test406', 2, true, 406);
INSERT INTO Meter_reading(value, date, paid, meter_id)
        VALUES (124, '2012-1-8', false, 812);
INSERT INTO Meter_reading(value, date, paid, meter_id)
        VALUES (132, '2012-1-18', false, 812);
INSERT INTO Meter_reading(value, date, paid, meter_id)
        VALUES (138, '2012-1-19', false, 812);
INSERT INTO Meter_reading(value, date, paid, meter_id)
        VALUES (143, '2012-1-25', false, 812);
INSERT INTO Meter_reading(value, date, paid, meter_id)
        VALUES (158, '2012-2-10', false, 812);
INSERT INTO Meter_reading(value, date, paid, meter_id)
        VALUES (164, '2012-2-18', false, 812);
INSERT INTO Meter_reading(value, date, paid, meter_id)
        VALUES (169, '2012-2-27', false, 812);
INSERT INTO Meter_reading(value, date, paid, meter_id)
        VALUES (106, '2012-1-6', false, 813);
INSERT INTO Meter_reading(value, date, paid, meter_id)
        VALUES (111, '2012-1-12', false, 813);
INSERT INTO Meter_reading(value, date, paid, meter_id)
        VALUES (118, '2012-1-13', false, 813);
INSERT INTO Meter_reading(value, date, paid, meter_id)
        VALUES (124, '2012-1-16', false, 813);
INSERT INTO Meter_reading(value, date, paid, meter_id)
        VALUES (151, '2012-2-3', false, 813);
INSERT INTO Meter_reading(value, date, paid, meter_id)
        VALUES (171, '2012-2-10', false, 813);
INSERT INTO Meter_reading(value, date, paid, meter_id)
        VALUES (172, '2012-2-19', false, 813);
INSERT INTO Meter_reading(value, date, paid, meter_id)
        VALUES (194, '2012-3-6', false, 813);
INSERT INTO Meter_reading(value, date, paid, meter_id)
        VALUES (203, '2012-3-19', false, 813);
INSERT INTO person(person_id, name, surname, paternal_name, registration_date, email, password_hash, is_admin) 
    VALUES (407, 'test407', 'test407', '', '01/01/2012', 'test407', '098f6bcd4621d373cade4e832627b4f6', false);
INSERT INTO dweller VALUES (407);
INSERT INTO flat(flat_id, area, flat_number, balance, cladr_id, building_id)
    VALUES (407, 261, 407, 0, 1, 1);
INSERT INTO dweller_lives_in_flat(person_id, flat_id)
    VALUES (407, 407);
INSERT INTO meter(meter_id, installation_date, type, title, meter_unit_id, active, flat_id)
    VALUES (814, '01/01/2012', 'Water', 'Cold water in kitchen test407', 1, true, 407);
INSERT INTO meter(meter_id, installation_date, type, title, meter_unit_id, active, flat_id)
    VALUES (815, '01/01/2012', 'Electricity', 'Electricity in hall test407', 2, true, 407);
INSERT INTO Meter_reading(value, date, paid, meter_id)
        VALUES (145, '2012-1-10', false, 814);
INSERT INTO Meter_reading(value, date, paid, meter_id)
        VALUES (157, '2012-1-17', false, 814);
INSERT INTO Meter_reading(value, date, paid, meter_id)
        VALUES (183, '2012-1-20', false, 814);
INSERT INTO Meter_reading(value, date, paid, meter_id)
        VALUES (201, '2012-2-5', false, 814);
INSERT INTO Meter_reading(value, date, paid, meter_id)
        VALUES (223, '2012-2-16', false, 814);
INSERT INTO Meter_reading(value, date, paid, meter_id)
        VALUES (236, '2012-2-23', false, 814);
INSERT INTO Meter_reading(value, date, paid, meter_id)
        VALUES (260, '2012-2-24', false, 814);
INSERT INTO Meter_reading(value, date, paid, meter_id)
        VALUES (283, '2012-3-9', false, 814);
INSERT INTO Meter_reading(value, date, paid, meter_id)
        VALUES (81, '2012-1-11', false, 815);
INSERT INTO Meter_reading(value, date, paid, meter_id)
        VALUES (84, '2012-1-18', false, 815);
INSERT INTO Meter_reading(value, date, paid, meter_id)
        VALUES (99, '2012-1-19', false, 815);
INSERT INTO Meter_reading(value, date, paid, meter_id)
        VALUES (104, '2012-1-25', false, 815);
INSERT INTO Meter_reading(value, date, paid, meter_id)
        VALUES (132, '2012-2-6', false, 815);
INSERT INTO Meter_reading(value, date, paid, meter_id)
        VALUES (143, '2012-2-15', false, 815);
INSERT INTO Meter_reading(value, date, paid, meter_id)
        VALUES (146, '2012-2-16', false, 815);
INSERT INTO person(person_id, name, surname, paternal_name, registration_date, email, password_hash, is_admin) 
    VALUES (408, 'test408', 'test408', '', '01/01/2012', 'test408', '098f6bcd4621d373cade4e832627b4f6', false);
INSERT INTO dweller VALUES (408);
INSERT INTO flat(flat_id, area, flat_number, balance, cladr_id, building_id)
    VALUES (408, 257, 408, 0, 1, 1);
INSERT INTO dweller_lives_in_flat(person_id, flat_id)
    VALUES (408, 408);
INSERT INTO meter(meter_id, installation_date, type, title, meter_unit_id, active, flat_id)
    VALUES (816, '01/01/2012', 'Water', 'Cold water in kitchen test408', 1, true, 408);
INSERT INTO meter(meter_id, installation_date, type, title, meter_unit_id, active, flat_id)
    VALUES (817, '01/01/2012', 'Electricity', 'Electricity in hall test408', 2, true, 408);
INSERT INTO Meter_reading(value, date, paid, meter_id)
        VALUES (42, '2012-1-13', false, 816);
INSERT INTO Meter_reading(value, date, paid, meter_id)
        VALUES (57, '2012-1-20', false, 816);
INSERT INTO Meter_reading(value, date, paid, meter_id)
        VALUES (84, '2012-2-3', false, 816);
INSERT INTO Meter_reading(value, date, paid, meter_id)
        VALUES (89, '2012-2-9', false, 816);
INSERT INTO Meter_reading(value, date, paid, meter_id)
        VALUES (105, '2012-2-21', false, 816);
INSERT INTO Meter_reading(value, date, paid, meter_id)
        VALUES (119, '2012-3-2', false, 816);
INSERT INTO Meter_reading(value, date, paid, meter_id)
        VALUES (125, '2012-3-8', false, 816);
INSERT INTO Meter_reading(value, date, paid, meter_id)
        VALUES (144, '2012-3-14', false, 816);
INSERT INTO Meter_reading(value, date, paid, meter_id)
        VALUES (159, '2012-3-16', false, 816);
INSERT INTO Meter_reading(value, date, paid, meter_id)
        VALUES (165, '2012-3-21', false, 816);
INSERT INTO Meter_reading(value, date, paid, meter_id)
        VALUES (190, '2012-4-6', false, 816);
INSERT INTO Meter_reading(value, date, paid, meter_id)
        VALUES (203, '2012-4-10', false, 816);
INSERT INTO Meter_reading(value, date, paid, meter_id)
        VALUES (301, '2012-1-5', false, 817);
INSERT INTO Meter_reading(value, date, paid, meter_id)
        VALUES (330, '2012-1-8', false, 817);
INSERT INTO Meter_reading(value, date, paid, meter_id)
        VALUES (358, '2012-1-10', false, 817);
INSERT INTO Meter_reading(value, date, paid, meter_id)
        VALUES (373, '2012-1-16', false, 817);
INSERT INTO Meter_reading(value, date, paid, meter_id)
        VALUES (378, '2012-1-25', false, 817);
INSERT INTO person(person_id, name, surname, paternal_name, registration_date, email, password_hash, is_admin) 
    VALUES (409, 'test409', 'test409', '', '01/01/2012', 'test409', '098f6bcd4621d373cade4e832627b4f6', false);
INSERT INTO dweller VALUES (409);
INSERT INTO flat(flat_id, area, flat_number, balance, cladr_id, building_id)
    VALUES (409, 170, 409, 0, 1, 1);
INSERT INTO dweller_lives_in_flat(person_id, flat_id)
    VALUES (409, 409);
INSERT INTO meter(meter_id, installation_date, type, title, meter_unit_id, active, flat_id)
    VALUES (818, '01/01/2012', 'Water', 'Cold water in kitchen test409', 1, true, 409);
INSERT INTO meter(meter_id, installation_date, type, title, meter_unit_id, active, flat_id)
    VALUES (819, '01/01/2012', 'Electricity', 'Electricity in hall test409', 2, true, 409);
INSERT INTO Meter_reading(value, date, paid, meter_id)
        VALUES (20, '2012-1-6', false, 818);
INSERT INTO Meter_reading(value, date, paid, meter_id)
        VALUES (27, '2012-1-12', false, 818);
INSERT INTO Meter_reading(value, date, paid, meter_id)
        VALUES (43, '2012-1-18', false, 818);
INSERT INTO Meter_reading(value, date, paid, meter_id)
        VALUES (60, '2012-2-3', false, 818);
INSERT INTO Meter_reading(value, date, paid, meter_id)
        VALUES (79, '2012-2-15', false, 818);
INSERT INTO Meter_reading(value, date, paid, meter_id)
        VALUES (102, '2012-2-16', false, 818);
INSERT INTO Meter_reading(value, date, paid, meter_id)
        VALUES (108, '2012-2-21', false, 818);
INSERT INTO Meter_reading(value, date, paid, meter_id)
        VALUES (118, '2012-3-4', false, 818);
INSERT INTO Meter_reading(value, date, paid, meter_id)
        VALUES (173, '2012-1-15', false, 819);
INSERT INTO Meter_reading(value, date, paid, meter_id)
        VALUES (174, '2012-1-20', false, 819);
INSERT INTO Meter_reading(value, date, paid, meter_id)
        VALUES (182, '2012-1-23', false, 819);
INSERT INTO Meter_reading(value, date, paid, meter_id)
        VALUES (185, '2012-2-10', false, 819);
INSERT INTO Meter_reading(value, date, paid, meter_id)
        VALUES (188, '2012-2-19', false, 819);
INSERT INTO person(person_id, name, surname, paternal_name, registration_date, email, password_hash, is_admin) 
    VALUES (410, 'test410', 'test410', '', '01/01/2012', 'test410', '098f6bcd4621d373cade4e832627b4f6', false);
INSERT INTO dweller VALUES (410);
INSERT INTO flat(flat_id, area, flat_number, balance, cladr_id, building_id)
    VALUES (410, 298, 410, 0, 1, 1);
INSERT INTO dweller_lives_in_flat(person_id, flat_id)
    VALUES (410, 410);
INSERT INTO meter(meter_id, installation_date, type, title, meter_unit_id, active, flat_id)
    VALUES (820, '01/01/2012', 'Water', 'Cold water in kitchen test410', 1, true, 410);
INSERT INTO meter(meter_id, installation_date, type, title, meter_unit_id, active, flat_id)
    VALUES (821, '01/01/2012', 'Electricity', 'Electricity in hall test410', 2, true, 410);
INSERT INTO Meter_reading(value, date, paid, meter_id)
        VALUES (91, '2012-1-11', false, 820);
INSERT INTO Meter_reading(value, date, paid, meter_id)
        VALUES (114, '2012-1-20', false, 820);
INSERT INTO Meter_reading(value, date, paid, meter_id)
        VALUES (121, '2012-2-2', false, 820);
INSERT INTO Meter_reading(value, date, paid, meter_id)
        VALUES (122, '2012-2-15', false, 820);
INSERT INTO Meter_reading(value, date, paid, meter_id)
        VALUES (128, '2012-2-27', false, 820);
INSERT INTO Meter_reading(value, date, paid, meter_id)
        VALUES (28, '2012-1-15', false, 821);
INSERT INTO Meter_reading(value, date, paid, meter_id)
        VALUES (61, '2012-1-16', false, 821);
INSERT INTO Meter_reading(value, date, paid, meter_id)
        VALUES (80, '2012-2-1', false, 821);
INSERT INTO Meter_reading(value, date, paid, meter_id)
        VALUES (131, '2012-2-15', false, 821);
INSERT INTO Meter_reading(value, date, paid, meter_id)
        VALUES (163, '2012-2-21', false, 821);
INSERT INTO Meter_reading(value, date, paid, meter_id)
        VALUES (239, '2012-3-6', false, 821);
INSERT INTO Meter_reading(value, date, paid, meter_id)
        VALUES (261, '2012-3-14', false, 821);
INSERT INTO Meter_reading(value, date, paid, meter_id)
        VALUES (324, '2012-3-25', false, 821);
INSERT INTO Meter_reading(value, date, paid, meter_id)
        VALUES (360, '2012-4-10', false, 821);
INSERT INTO Meter_reading(value, date, paid, meter_id)
        VALUES (400, '2012-4-18', false, 821);
INSERT INTO Meter_reading(value, date, paid, meter_id)
        VALUES (415, '2012-5-4', false, 821);
INSERT INTO Meter_reading(value, date, paid, meter_id)
        VALUES (423, '2012-5-16', false, 821);
INSERT INTO person(person_id, name, surname, paternal_name, registration_date, email, password_hash, is_admin) 
    VALUES (411, 'test411', 'test411', '', '01/01/2012', 'test411', '098f6bcd4621d373cade4e832627b4f6', false);
INSERT INTO dweller VALUES (411);
INSERT INTO flat(flat_id, area, flat_number, balance, cladr_id, building_id)
    VALUES (411, 201, 411, 0, 1, 1);
INSERT INTO dweller_lives_in_flat(person_id, flat_id)
    VALUES (411, 411);
INSERT INTO meter(meter_id, installation_date, type, title, meter_unit_id, active, flat_id)
    VALUES (822, '01/01/2012', 'Water', 'Cold water in kitchen test411', 1, true, 411);
INSERT INTO meter(meter_id, installation_date, type, title, meter_unit_id, active, flat_id)
    VALUES (823, '01/01/2012', 'Electricity', 'Electricity in hall test411', 2, true, 411);
INSERT INTO Meter_reading(value, date, paid, meter_id)
        VALUES (117, '2012-1-14', false, 822);
INSERT INTO Meter_reading(value, date, paid, meter_id)
        VALUES (128, '2012-1-15', false, 822);
INSERT INTO Meter_reading(value, date, paid, meter_id)
        VALUES (133, '2012-1-27', false, 822);
INSERT INTO Meter_reading(value, date, paid, meter_id)
        VALUES (150, '2012-2-2', false, 822);
INSERT INTO Meter_reading(value, date, paid, meter_id)
        VALUES (154, '2012-2-10', false, 822);
INSERT INTO Meter_reading(value, date, paid, meter_id)
        VALUES (160, '2012-2-12', false, 822);
INSERT INTO Meter_reading(value, date, paid, meter_id)
        VALUES (173, '2012-2-22', false, 822);
INSERT INTO Meter_reading(value, date, paid, meter_id)
        VALUES (180, '2012-3-9', false, 822);
INSERT INTO Meter_reading(value, date, paid, meter_id)
        VALUES (186, '2012-3-13', false, 822);
INSERT INTO Meter_reading(value, date, paid, meter_id)
        VALUES (193, '2012-3-22', false, 822);
INSERT INTO Meter_reading(value, date, paid, meter_id)
        VALUES (211, '2012-4-8', false, 822);
INSERT INTO Meter_reading(value, date, paid, meter_id)
        VALUES (232, '2012-4-14', false, 822);
INSERT INTO Meter_reading(value, date, paid, meter_id)
        VALUES (245, '2012-4-26', false, 822);
INSERT INTO Meter_reading(value, date, paid, meter_id)
        VALUES (261, '2012-5-4', false, 822);
INSERT INTO Meter_reading(value, date, paid, meter_id)
        VALUES (178, '2012-1-11', false, 823);
INSERT INTO Meter_reading(value, date, paid, meter_id)
        VALUES (203, '2012-1-25', false, 823);
INSERT INTO Meter_reading(value, date, paid, meter_id)
        VALUES (217, '2012-2-8', false, 823);
INSERT INTO Meter_reading(value, date, paid, meter_id)
        VALUES (230, '2012-2-18', false, 823);
INSERT INTO Meter_reading(value, date, paid, meter_id)
        VALUES (252, '2012-3-1', false, 823);
INSERT INTO Meter_reading(value, date, paid, meter_id)
        VALUES (265, '2012-3-11', false, 823);
INSERT INTO person(person_id, name, surname, paternal_name, registration_date, email, password_hash, is_admin) 
    VALUES (412, 'test412', 'test412', '', '01/01/2012', 'test412', '098f6bcd4621d373cade4e832627b4f6', false);
INSERT INTO dweller VALUES (412);
INSERT INTO flat(flat_id, area, flat_number, balance, cladr_id, building_id)
    VALUES (412, 298, 412, 0, 1, 1);
INSERT INTO dweller_lives_in_flat(person_id, flat_id)
    VALUES (412, 412);
INSERT INTO meter(meter_id, installation_date, type, title, meter_unit_id, active, flat_id)
    VALUES (824, '01/01/2012', 'Water', 'Cold water in kitchen test412', 1, true, 412);
INSERT INTO meter(meter_id, installation_date, type, title, meter_unit_id, active, flat_id)
    VALUES (825, '01/01/2012', 'Electricity', 'Electricity in hall test412', 2, true, 412);
INSERT INTO Meter_reading(value, date, paid, meter_id)
        VALUES (172, '2012-1-5', false, 824);
INSERT INTO Meter_reading(value, date, paid, meter_id)
        VALUES (181, '2012-1-9', false, 824);
INSERT INTO Meter_reading(value, date, paid, meter_id)
        VALUES (183, '2012-1-12', false, 824);
INSERT INTO Meter_reading(value, date, paid, meter_id)
        VALUES (190, '2012-1-23', false, 824);
INSERT INTO Meter_reading(value, date, paid, meter_id)
        VALUES (197, '2012-2-6', false, 824);
INSERT INTO Meter_reading(value, date, paid, meter_id)
        VALUES (206, '2012-2-12', false, 824);
INSERT INTO Meter_reading(value, date, paid, meter_id)
        VALUES (209, '2012-2-21', false, 824);
INSERT INTO Meter_reading(value, date, paid, meter_id)
        VALUES (235, '2012-1-12', false, 825);
INSERT INTO Meter_reading(value, date, paid, meter_id)
        VALUES (241, '2012-1-22', false, 825);
INSERT INTO Meter_reading(value, date, paid, meter_id)
        VALUES (258, '2012-2-9', false, 825);
INSERT INTO Meter_reading(value, date, paid, meter_id)
        VALUES (272, '2012-2-20', false, 825);
INSERT INTO Meter_reading(value, date, paid, meter_id)
        VALUES (288, '2012-3-2', false, 825);
INSERT INTO Meter_reading(value, date, paid, meter_id)
        VALUES (302, '2012-3-8', false, 825);
INSERT INTO Meter_reading(value, date, paid, meter_id)
        VALUES (309, '2012-3-21', false, 825);
INSERT INTO Meter_reading(value, date, paid, meter_id)
        VALUES (321, '2012-3-23', false, 825);
INSERT INTO person(person_id, name, surname, paternal_name, registration_date, email, password_hash, is_admin) 
    VALUES (413, 'test413', 'test413', '', '01/01/2012', 'test413', '098f6bcd4621d373cade4e832627b4f6', false);
INSERT INTO dweller VALUES (413);
INSERT INTO flat(flat_id, area, flat_number, balance, cladr_id, building_id)
    VALUES (413, 193, 413, 0, 1, 1);
INSERT INTO dweller_lives_in_flat(person_id, flat_id)
    VALUES (413, 413);
INSERT INTO meter(meter_id, installation_date, type, title, meter_unit_id, active, flat_id)
    VALUES (826, '01/01/2012', 'Water', 'Cold water in kitchen test413', 1, true, 413);
INSERT INTO meter(meter_id, installation_date, type, title, meter_unit_id, active, flat_id)
    VALUES (827, '01/01/2012', 'Electricity', 'Electricity in hall test413', 2, true, 413);
INSERT INTO Meter_reading(value, date, paid, meter_id)
        VALUES (188, '2012-1-12', false, 826);
INSERT INTO Meter_reading(value, date, paid, meter_id)
        VALUES (208, '2012-1-14', false, 826);
INSERT INTO Meter_reading(value, date, paid, meter_id)
        VALUES (227, '2012-2-1', false, 826);
INSERT INTO Meter_reading(value, date, paid, meter_id)
        VALUES (245, '2012-2-11', false, 826);
INSERT INTO Meter_reading(value, date, paid, meter_id)
        VALUES (250, '2012-2-13', false, 826);
INSERT INTO Meter_reading(value, date, paid, meter_id)
        VALUES (265, '2012-2-27', false, 826);
INSERT INTO Meter_reading(value, date, paid, meter_id)
        VALUES (282, '2012-3-13', false, 826);
INSERT INTO Meter_reading(value, date, paid, meter_id)
        VALUES (38, '2012-1-8', false, 827);
INSERT INTO Meter_reading(value, date, paid, meter_id)
        VALUES (66, '2012-1-9', false, 827);
INSERT INTO Meter_reading(value, date, paid, meter_id)
        VALUES (74, '2012-1-10', false, 827);
INSERT INTO Meter_reading(value, date, paid, meter_id)
        VALUES (101, '2012-1-13', false, 827);
INSERT INTO Meter_reading(value, date, paid, meter_id)
        VALUES (114, '2012-1-19', false, 827);
INSERT INTO Meter_reading(value, date, paid, meter_id)
        VALUES (133, '2012-1-23', false, 827);
INSERT INTO Meter_reading(value, date, paid, meter_id)
        VALUES (138, '2012-2-9', false, 827);
INSERT INTO Meter_reading(value, date, paid, meter_id)
        VALUES (161, '2012-2-17', false, 827);
INSERT INTO Meter_reading(value, date, paid, meter_id)
        VALUES (181, '2012-2-23', false, 827);
INSERT INTO person(person_id, name, surname, paternal_name, registration_date, email, password_hash, is_admin) 
    VALUES (414, 'test414', 'test414', '', '01/01/2012', 'test414', '098f6bcd4621d373cade4e832627b4f6', false);
INSERT INTO dweller VALUES (414);
INSERT INTO flat(flat_id, area, flat_number, balance, cladr_id, building_id)
    VALUES (414, 188, 414, 0, 1, 1);
INSERT INTO dweller_lives_in_flat(person_id, flat_id)
    VALUES (414, 414);
INSERT INTO meter(meter_id, installation_date, type, title, meter_unit_id, active, flat_id)
    VALUES (828, '01/01/2012', 'Water', 'Cold water in kitchen test414', 1, true, 414);
INSERT INTO meter(meter_id, installation_date, type, title, meter_unit_id, active, flat_id)
    VALUES (829, '01/01/2012', 'Electricity', 'Electricity in hall test414', 2, true, 414);
INSERT INTO Meter_reading(value, date, paid, meter_id)
        VALUES (272, '2012-1-8', false, 828);
INSERT INTO Meter_reading(value, date, paid, meter_id)
        VALUES (277, '2012-1-17', false, 828);
INSERT INTO Meter_reading(value, date, paid, meter_id)
        VALUES (303, '2012-1-26', false, 828);
INSERT INTO Meter_reading(value, date, paid, meter_id)
        VALUES (314, '2012-2-2', false, 828);
INSERT INTO Meter_reading(value, date, paid, meter_id)
        VALUES (336, '2012-2-8', false, 828);
INSERT INTO Meter_reading(value, date, paid, meter_id)
        VALUES (348, '2012-2-14', false, 828);
INSERT INTO Meter_reading(value, date, paid, meter_id)
        VALUES (362, '2012-2-26', false, 828);
INSERT INTO Meter_reading(value, date, paid, meter_id)
        VALUES (75, '2012-1-7', false, 829);
INSERT INTO Meter_reading(value, date, paid, meter_id)
        VALUES (84, '2012-1-9', false, 829);
INSERT INTO Meter_reading(value, date, paid, meter_id)
        VALUES (93, '2012-1-22', false, 829);
INSERT INTO Meter_reading(value, date, paid, meter_id)
        VALUES (106, '2012-1-25', false, 829);
INSERT INTO Meter_reading(value, date, paid, meter_id)
        VALUES (114, '2012-2-12', false, 829);
INSERT INTO Meter_reading(value, date, paid, meter_id)
        VALUES (129, '2012-2-21', false, 829);
INSERT INTO Meter_reading(value, date, paid, meter_id)
        VALUES (134, '2012-2-27', false, 829);
INSERT INTO Meter_reading(value, date, paid, meter_id)
        VALUES (150, '2012-3-9', false, 829);
INSERT INTO Meter_reading(value, date, paid, meter_id)
        VALUES (178, '2012-3-16', false, 829);
INSERT INTO Meter_reading(value, date, paid, meter_id)
        VALUES (181, '2012-3-21', false, 829);
INSERT INTO person(person_id, name, surname, paternal_name, registration_date, email, password_hash, is_admin) 
    VALUES (415, 'test415', 'test415', '', '01/01/2012', 'test415', '098f6bcd4621d373cade4e832627b4f6', false);
INSERT INTO dweller VALUES (415);
INSERT INTO flat(flat_id, area, flat_number, balance, cladr_id, building_id)
    VALUES (415, 185, 415, 0, 1, 1);
INSERT INTO dweller_lives_in_flat(person_id, flat_id)
    VALUES (415, 415);
INSERT INTO meter(meter_id, installation_date, type, title, meter_unit_id, active, flat_id)
    VALUES (830, '01/01/2012', 'Water', 'Cold water in kitchen test415', 1, true, 415);
INSERT INTO meter(meter_id, installation_date, type, title, meter_unit_id, active, flat_id)
    VALUES (831, '01/01/2012', 'Electricity', 'Electricity in hall test415', 2, true, 415);
INSERT INTO Meter_reading(value, date, paid, meter_id)
        VALUES (259, '2012-1-6', false, 830);
INSERT INTO Meter_reading(value, date, paid, meter_id)
        VALUES (268, '2012-1-18', false, 830);
INSERT INTO Meter_reading(value, date, paid, meter_id)
        VALUES (292, '2012-1-21', false, 830);
INSERT INTO Meter_reading(value, date, paid, meter_id)
        VALUES (307, '2012-2-6', false, 830);
INSERT INTO Meter_reading(value, date, paid, meter_id)
        VALUES (320, '2012-2-7', false, 830);
INSERT INTO Meter_reading(value, date, paid, meter_id)
        VALUES (329, '2012-2-14', false, 830);
INSERT INTO Meter_reading(value, date, paid, meter_id)
        VALUES (332, '2012-2-24', false, 830);
INSERT INTO Meter_reading(value, date, paid, meter_id)
        VALUES (342, '2012-3-4', false, 830);
INSERT INTO Meter_reading(value, date, paid, meter_id)
        VALUES (365, '2012-3-6', false, 830);
INSERT INTO Meter_reading(value, date, paid, meter_id)
        VALUES (142, '2012-1-6', false, 831);
INSERT INTO Meter_reading(value, date, paid, meter_id)
        VALUES (166, '2012-1-13', false, 831);
INSERT INTO Meter_reading(value, date, paid, meter_id)
        VALUES (175, '2012-1-26', false, 831);
INSERT INTO Meter_reading(value, date, paid, meter_id)
        VALUES (191, '2012-2-10', false, 831);
INSERT INTO Meter_reading(value, date, paid, meter_id)
        VALUES (201, '2012-2-24', false, 831);
INSERT INTO Meter_reading(value, date, paid, meter_id)
        VALUES (217, '2012-3-4', false, 831);
INSERT INTO Meter_reading(value, date, paid, meter_id)
        VALUES (227, '2012-3-6', false, 831);
INSERT INTO Meter_reading(value, date, paid, meter_id)
        VALUES (241, '2012-3-7', false, 831);
INSERT INTO Meter_reading(value, date, paid, meter_id)
        VALUES (247, '2012-3-9', false, 831);
INSERT INTO Meter_reading(value, date, paid, meter_id)
        VALUES (256, '2012-3-15', false, 831);
INSERT INTO Meter_reading(value, date, paid, meter_id)
        VALUES (257, '2012-3-21', false, 831);
INSERT INTO Meter_reading(value, date, paid, meter_id)
        VALUES (283, '2012-3-26', false, 831);
INSERT INTO Meter_reading(value, date, paid, meter_id)
        VALUES (299, '2012-4-8', false, 831);
INSERT INTO Meter_reading(value, date, paid, meter_id)
        VALUES (310, '2012-4-18', false, 831);
INSERT INTO person(person_id, name, surname, paternal_name, registration_date, email, password_hash, is_admin) 
    VALUES (416, 'test416', 'test416', '', '01/01/2012', 'test416', '098f6bcd4621d373cade4e832627b4f6', false);
INSERT INTO dweller VALUES (416);
INSERT INTO flat(flat_id, area, flat_number, balance, cladr_id, building_id)
    VALUES (416, 223, 416, 0, 1, 1);
INSERT INTO dweller_lives_in_flat(person_id, flat_id)
    VALUES (416, 416);
INSERT INTO meter(meter_id, installation_date, type, title, meter_unit_id, active, flat_id)
    VALUES (832, '01/01/2012', 'Water', 'Cold water in kitchen test416', 1, true, 416);
INSERT INTO meter(meter_id, installation_date, type, title, meter_unit_id, active, flat_id)
    VALUES (833, '01/01/2012', 'Electricity', 'Electricity in hall test416', 2, true, 416);
INSERT INTO Meter_reading(value, date, paid, meter_id)
        VALUES (39, '2012-1-6', false, 832);
INSERT INTO Meter_reading(value, date, paid, meter_id)
        VALUES (94, '2012-1-14', false, 832);
INSERT INTO Meter_reading(value, date, paid, meter_id)
        VALUES (136, '2012-1-27', false, 832);
INSERT INTO Meter_reading(value, date, paid, meter_id)
        VALUES (212, '2012-2-6', false, 832);
INSERT INTO Meter_reading(value, date, paid, meter_id)
        VALUES (227, '2012-2-12', false, 832);
INSERT INTO Meter_reading(value, date, paid, meter_id)
        VALUES (278, '2012-2-24', false, 832);
INSERT INTO Meter_reading(value, date, paid, meter_id)
        VALUES (298, '2012-2-27', false, 832);
INSERT INTO Meter_reading(value, date, paid, meter_id)
        VALUES (354, '2012-3-5', false, 832);
INSERT INTO Meter_reading(value, date, paid, meter_id)
        VALUES (379, '2012-3-11', false, 832);
INSERT INTO Meter_reading(value, date, paid, meter_id)
        VALUES (393, '2012-3-21', false, 832);
INSERT INTO Meter_reading(value, date, paid, meter_id)
        VALUES (404, '2012-3-24', false, 832);
INSERT INTO Meter_reading(value, date, paid, meter_id)
        VALUES (484, '2012-3-27', false, 832);
INSERT INTO Meter_reading(value, date, paid, meter_id)
        VALUES (560, '2012-4-6', false, 832);
INSERT INTO Meter_reading(value, date, paid, meter_id)
        VALUES (614, '2012-4-12', false, 832);
INSERT INTO Meter_reading(value, date, paid, meter_id)
        VALUES (38, '2012-1-5', false, 833);
INSERT INTO Meter_reading(value, date, paid, meter_id)
        VALUES (92, '2012-1-10', false, 833);
INSERT INTO Meter_reading(value, date, paid, meter_id)
        VALUES (117, '2012-1-22', false, 833);
INSERT INTO Meter_reading(value, date, paid, meter_id)
        VALUES (118, '2012-2-2', false, 833);
INSERT INTO Meter_reading(value, date, paid, meter_id)
        VALUES (124, '2012-2-6', false, 833);
INSERT INTO Meter_reading(value, date, paid, meter_id)
        VALUES (152, '2012-2-17', false, 833);
INSERT INTO Meter_reading(value, date, paid, meter_id)
        VALUES (168, '2012-3-4', false, 833);
INSERT INTO Meter_reading(value, date, paid, meter_id)
        VALUES (179, '2012-3-15', false, 833);
INSERT INTO Meter_reading(value, date, paid, meter_id)
        VALUES (188, '2012-3-18', false, 833);
INSERT INTO Meter_reading(value, date, paid, meter_id)
        VALUES (210, '2012-3-19', false, 833);
INSERT INTO Meter_reading(value, date, paid, meter_id)
        VALUES (214, '2012-3-23', false, 833);
INSERT INTO Meter_reading(value, date, paid, meter_id)
        VALUES (229, '2012-4-2', false, 833);
INSERT INTO person(person_id, name, surname, paternal_name, registration_date, email, password_hash, is_admin) 
    VALUES (417, 'test417', 'test417', '', '01/01/2012', 'test417', '098f6bcd4621d373cade4e832627b4f6', false);
INSERT INTO dweller VALUES (417);
INSERT INTO flat(flat_id, area, flat_number, balance, cladr_id, building_id)
    VALUES (417, 288, 417, 0, 1, 1);
INSERT INTO dweller_lives_in_flat(person_id, flat_id)
    VALUES (417, 417);
INSERT INTO meter(meter_id, installation_date, type, title, meter_unit_id, active, flat_id)
    VALUES (834, '01/01/2012', 'Water', 'Cold water in kitchen test417', 1, true, 417);
INSERT INTO meter(meter_id, installation_date, type, title, meter_unit_id, active, flat_id)
    VALUES (835, '01/01/2012', 'Electricity', 'Electricity in hall test417', 2, true, 417);
INSERT INTO Meter_reading(value, date, paid, meter_id)
        VALUES (55, '2012-1-16', false, 834);
INSERT INTO Meter_reading(value, date, paid, meter_id)
        VALUES (75, '2012-1-17', false, 834);
INSERT INTO Meter_reading(value, date, paid, meter_id)
        VALUES (91, '2012-2-4', false, 834);
INSERT INTO Meter_reading(value, date, paid, meter_id)
        VALUES (99, '2012-2-8', false, 834);
INSERT INTO Meter_reading(value, date, paid, meter_id)
        VALUES (115, '2012-2-22', false, 834);
INSERT INTO Meter_reading(value, date, paid, meter_id)
        VALUES (123, '2012-3-5', false, 834);
INSERT INTO Meter_reading(value, date, paid, meter_id)
        VALUES (131, '2012-3-17', false, 834);
INSERT INTO Meter_reading(value, date, paid, meter_id)
        VALUES (153, '2012-3-21', false, 834);
INSERT INTO Meter_reading(value, date, paid, meter_id)
        VALUES (154, '2012-3-27', false, 834);
INSERT INTO Meter_reading(value, date, paid, meter_id)
        VALUES (177, '2012-4-8', false, 834);
INSERT INTO Meter_reading(value, date, paid, meter_id)
        VALUES (198, '2012-4-12', false, 834);
INSERT INTO Meter_reading(value, date, paid, meter_id)
        VALUES (226, '2012-4-13', false, 834);
INSERT INTO Meter_reading(value, date, paid, meter_id)
        VALUES (250, '2012-4-19', false, 834);
INSERT INTO Meter_reading(value, date, paid, meter_id)
        VALUES (253, '2012-5-2', false, 834);
INSERT INTO Meter_reading(value, date, paid, meter_id)
        VALUES (187, '2012-1-12', false, 835);
INSERT INTO Meter_reading(value, date, paid, meter_id)
        VALUES (191, '2012-1-25', false, 835);
INSERT INTO Meter_reading(value, date, paid, meter_id)
        VALUES (198, '2012-2-6', false, 835);
INSERT INTO Meter_reading(value, date, paid, meter_id)
        VALUES (199, '2012-2-11', false, 835);
INSERT INTO Meter_reading(value, date, paid, meter_id)
        VALUES (219, '2012-2-20', false, 835);
INSERT INTO Meter_reading(value, date, paid, meter_id)
        VALUES (236, '2012-2-26', false, 835);
INSERT INTO Meter_reading(value, date, paid, meter_id)
        VALUES (242, '2012-3-8', false, 835);
INSERT INTO Meter_reading(value, date, paid, meter_id)
        VALUES (255, '2012-3-12', false, 835);
INSERT INTO Meter_reading(value, date, paid, meter_id)
        VALUES (256, '2012-3-25', false, 835);
INSERT INTO Meter_reading(value, date, paid, meter_id)
        VALUES (257, '2012-4-5', false, 835);
INSERT INTO person(person_id, name, surname, paternal_name, registration_date, email, password_hash, is_admin) 
    VALUES (418, 'test418', 'test418', '', '01/01/2012', 'test418', '098f6bcd4621d373cade4e832627b4f6', false);
INSERT INTO dweller VALUES (418);
INSERT INTO flat(flat_id, area, flat_number, balance, cladr_id, building_id)
    VALUES (418, 90, 418, 0, 1, 1);
INSERT INTO dweller_lives_in_flat(person_id, flat_id)
    VALUES (418, 418);
INSERT INTO meter(meter_id, installation_date, type, title, meter_unit_id, active, flat_id)
    VALUES (836, '01/01/2012', 'Water', 'Cold water in kitchen test418', 1, true, 418);
INSERT INTO meter(meter_id, installation_date, type, title, meter_unit_id, active, flat_id)
    VALUES (837, '01/01/2012', 'Electricity', 'Electricity in hall test418', 2, true, 418);
INSERT INTO Meter_reading(value, date, paid, meter_id)
        VALUES (160, '2012-1-10', false, 836);
INSERT INTO Meter_reading(value, date, paid, meter_id)
        VALUES (183, '2012-1-24', false, 836);
INSERT INTO Meter_reading(value, date, paid, meter_id)
        VALUES (194, '2012-1-26', false, 836);
INSERT INTO Meter_reading(value, date, paid, meter_id)
        VALUES (222, '2012-2-6', false, 836);
INSERT INTO Meter_reading(value, date, paid, meter_id)
        VALUES (240, '2012-2-14', false, 836);
INSERT INTO Meter_reading(value, date, paid, meter_id)
        VALUES (252, '2012-2-15', false, 836);
INSERT INTO Meter_reading(value, date, paid, meter_id)
        VALUES (286, '2012-2-24', false, 836);
INSERT INTO Meter_reading(value, date, paid, meter_id)
        VALUES (261, '2012-1-7', false, 837);
INSERT INTO Meter_reading(value, date, paid, meter_id)
        VALUES (278, '2012-1-21', false, 837);
INSERT INTO Meter_reading(value, date, paid, meter_id)
        VALUES (302, '2012-1-25', false, 837);
INSERT INTO Meter_reading(value, date, paid, meter_id)
        VALUES (306, '2012-2-4', false, 837);
INSERT INTO Meter_reading(value, date, paid, meter_id)
        VALUES (316, '2012-2-18', false, 837);
INSERT INTO Meter_reading(value, date, paid, meter_id)
        VALUES (323, '2012-2-24', false, 837);
INSERT INTO Meter_reading(value, date, paid, meter_id)
        VALUES (332, '2012-3-8', false, 837);
INSERT INTO Meter_reading(value, date, paid, meter_id)
        VALUES (344, '2012-3-12', false, 837);
INSERT INTO Meter_reading(value, date, paid, meter_id)
        VALUES (355, '2012-3-21', false, 837);
INSERT INTO Meter_reading(value, date, paid, meter_id)
        VALUES (358, '2012-4-8', false, 837);
INSERT INTO Meter_reading(value, date, paid, meter_id)
        VALUES (381, '2012-4-20', false, 837);
INSERT INTO Meter_reading(value, date, paid, meter_id)
        VALUES (404, '2012-4-21', false, 837);
INSERT INTO Meter_reading(value, date, paid, meter_id)
        VALUES (408, '2012-4-22', false, 837);
INSERT INTO person(person_id, name, surname, paternal_name, registration_date, email, password_hash, is_admin) 
    VALUES (419, 'test419', 'test419', '', '01/01/2012', 'test419', '098f6bcd4621d373cade4e832627b4f6', false);
INSERT INTO dweller VALUES (419);
INSERT INTO flat(flat_id, area, flat_number, balance, cladr_id, building_id)
    VALUES (419, 216, 419, 0, 1, 1);
INSERT INTO dweller_lives_in_flat(person_id, flat_id)
    VALUES (419, 419);
INSERT INTO meter(meter_id, installation_date, type, title, meter_unit_id, active, flat_id)
    VALUES (838, '01/01/2012', 'Water', 'Cold water in kitchen test419', 1, true, 419);
INSERT INTO meter(meter_id, installation_date, type, title, meter_unit_id, active, flat_id)
    VALUES (839, '01/01/2012', 'Electricity', 'Electricity in hall test419', 2, true, 419);
INSERT INTO Meter_reading(value, date, paid, meter_id)
        VALUES (152, '2012-1-13', false, 838);
INSERT INTO Meter_reading(value, date, paid, meter_id)
        VALUES (161, '2012-1-20', false, 838);
INSERT INTO Meter_reading(value, date, paid, meter_id)
        VALUES (177, '2012-1-25', false, 838);
INSERT INTO Meter_reading(value, date, paid, meter_id)
        VALUES (199, '2012-2-7', false, 838);
INSERT INTO Meter_reading(value, date, paid, meter_id)
        VALUES (224, '2012-2-21', false, 838);
INSERT INTO Meter_reading(value, date, paid, meter_id)
        VALUES (236, '2012-2-25', false, 838);
INSERT INTO Meter_reading(value, date, paid, meter_id)
        VALUES (256, '2012-2-27', false, 838);
INSERT INTO Meter_reading(value, date, paid, meter_id)
        VALUES (284, '2012-3-4', false, 838);
INSERT INTO Meter_reading(value, date, paid, meter_id)
        VALUES (84, '2012-1-4', false, 839);
INSERT INTO Meter_reading(value, date, paid, meter_id)
        VALUES (95, '2012-1-5', false, 839);
INSERT INTO Meter_reading(value, date, paid, meter_id)
        VALUES (104, '2012-1-19', false, 839);
INSERT INTO Meter_reading(value, date, paid, meter_id)
        VALUES (166, '2012-1-21', false, 839);
INSERT INTO Meter_reading(value, date, paid, meter_id)
        VALUES (167, '2012-2-4', false, 839);
INSERT INTO Meter_reading(value, date, paid, meter_id)
        VALUES (176, '2012-2-10', false, 839);
INSERT INTO Meter_reading(value, date, paid, meter_id)
        VALUES (182, '2012-2-17', false, 839);
INSERT INTO person(person_id, name, surname, paternal_name, registration_date, email, password_hash, is_admin) 
    VALUES (420, 'test420', 'test420', '', '01/01/2012', 'test420', '098f6bcd4621d373cade4e832627b4f6', false);
INSERT INTO dweller VALUES (420);
INSERT INTO flat(flat_id, area, flat_number, balance, cladr_id, building_id)
    VALUES (420, 216, 420, 0, 1, 1);
INSERT INTO dweller_lives_in_flat(person_id, flat_id)
    VALUES (420, 420);
INSERT INTO meter(meter_id, installation_date, type, title, meter_unit_id, active, flat_id)
    VALUES (840, '01/01/2012', 'Water', 'Cold water in kitchen test420', 1, true, 420);
INSERT INTO meter(meter_id, installation_date, type, title, meter_unit_id, active, flat_id)
    VALUES (841, '01/01/2012', 'Electricity', 'Electricity in hall test420', 2, true, 420);
INSERT INTO Meter_reading(value, date, paid, meter_id)
        VALUES (187, '2012-1-13', false, 840);
INSERT INTO Meter_reading(value, date, paid, meter_id)
        VALUES (211, '2012-1-18', false, 840);
INSERT INTO Meter_reading(value, date, paid, meter_id)
        VALUES (230, '2012-2-2', false, 840);
INSERT INTO Meter_reading(value, date, paid, meter_id)
        VALUES (236, '2012-2-13', false, 840);
INSERT INTO Meter_reading(value, date, paid, meter_id)
        VALUES (245, '2012-2-24', false, 840);
INSERT INTO Meter_reading(value, date, paid, meter_id)
        VALUES (273, '2012-3-1', false, 840);
INSERT INTO Meter_reading(value, date, paid, meter_id)
        VALUES (277, '2012-3-10', false, 840);
INSERT INTO Meter_reading(value, date, paid, meter_id)
        VALUES (291, '2012-3-23', false, 840);
INSERT INTO Meter_reading(value, date, paid, meter_id)
        VALUES (294, '2012-4-9', false, 840);
INSERT INTO Meter_reading(value, date, paid, meter_id)
        VALUES (307, '2012-4-21', false, 840);
INSERT INTO Meter_reading(value, date, paid, meter_id)
        VALUES (319, '2012-4-27', false, 840);
INSERT INTO Meter_reading(value, date, paid, meter_id)
        VALUES (343, '2012-5-12', false, 840);
INSERT INTO Meter_reading(value, date, paid, meter_id)
        VALUES (129, '2012-1-9', false, 841);
INSERT INTO Meter_reading(value, date, paid, meter_id)
        VALUES (154, '2012-1-15', false, 841);
INSERT INTO Meter_reading(value, date, paid, meter_id)
        VALUES (172, '2012-1-17', false, 841);
INSERT INTO Meter_reading(value, date, paid, meter_id)
        VALUES (175, '2012-1-25', false, 841);
INSERT INTO Meter_reading(value, date, paid, meter_id)
        VALUES (186, '2012-2-2', false, 841);
INSERT INTO Meter_reading(value, date, paid, meter_id)
        VALUES (198, '2012-2-4', false, 841);
INSERT INTO person(person_id, name, surname, paternal_name, registration_date, email, password_hash, is_admin) 
    VALUES (421, 'test421', 'test421', '', '01/01/2012', 'test421', '098f6bcd4621d373cade4e832627b4f6', false);
INSERT INTO dweller VALUES (421);
INSERT INTO flat(flat_id, area, flat_number, balance, cladr_id, building_id)
    VALUES (421, 133, 421, 0, 1, 1);
INSERT INTO dweller_lives_in_flat(person_id, flat_id)
    VALUES (421, 421);
INSERT INTO meter(meter_id, installation_date, type, title, meter_unit_id, active, flat_id)
    VALUES (842, '01/01/2012', 'Water', 'Cold water in kitchen test421', 1, true, 421);
INSERT INTO meter(meter_id, installation_date, type, title, meter_unit_id, active, flat_id)
    VALUES (843, '01/01/2012', 'Electricity', 'Electricity in hall test421', 2, true, 421);
INSERT INTO Meter_reading(value, date, paid, meter_id)
        VALUES (169, '2012-1-12', false, 842);
INSERT INTO Meter_reading(value, date, paid, meter_id)
        VALUES (171, '2012-1-17', false, 842);
INSERT INTO Meter_reading(value, date, paid, meter_id)
        VALUES (174, '2012-1-22', false, 842);
INSERT INTO Meter_reading(value, date, paid, meter_id)
        VALUES (178, '2012-2-8', false, 842);
INSERT INTO Meter_reading(value, date, paid, meter_id)
        VALUES (180, '2012-2-11', false, 842);
INSERT INTO Meter_reading(value, date, paid, meter_id)
        VALUES (184, '2012-2-19', false, 842);
INSERT INTO Meter_reading(value, date, paid, meter_id)
        VALUES (202, '2012-1-5', false, 843);
INSERT INTO Meter_reading(value, date, paid, meter_id)
        VALUES (207, '2012-1-11', false, 843);
INSERT INTO Meter_reading(value, date, paid, meter_id)
        VALUES (213, '2012-1-22', false, 843);
INSERT INTO Meter_reading(value, date, paid, meter_id)
        VALUES (221, '2012-2-8', false, 843);
INSERT INTO Meter_reading(value, date, paid, meter_id)
        VALUES (230, '2012-2-11', false, 843);
INSERT INTO Meter_reading(value, date, paid, meter_id)
        VALUES (231, '2012-2-19', false, 843);
INSERT INTO Meter_reading(value, date, paid, meter_id)
        VALUES (248, '2012-3-1', false, 843);
INSERT INTO Meter_reading(value, date, paid, meter_id)
        VALUES (268, '2012-3-12', false, 843);
INSERT INTO Meter_reading(value, date, paid, meter_id)
        VALUES (274, '2012-3-23', false, 843);
INSERT INTO Meter_reading(value, date, paid, meter_id)
        VALUES (288, '2012-4-7', false, 843);
INSERT INTO person(person_id, name, surname, paternal_name, registration_date, email, password_hash, is_admin) 
    VALUES (422, 'test422', 'test422', '', '01/01/2012', 'test422', '098f6bcd4621d373cade4e832627b4f6', false);
INSERT INTO dweller VALUES (422);
INSERT INTO flat(flat_id, area, flat_number, balance, cladr_id, building_id)
    VALUES (422, 231, 422, 0, 1, 1);
INSERT INTO dweller_lives_in_flat(person_id, flat_id)
    VALUES (422, 422);
INSERT INTO meter(meter_id, installation_date, type, title, meter_unit_id, active, flat_id)
    VALUES (844, '01/01/2012', 'Water', 'Cold water in kitchen test422', 1, true, 422);
INSERT INTO meter(meter_id, installation_date, type, title, meter_unit_id, active, flat_id)
    VALUES (845, '01/01/2012', 'Electricity', 'Electricity in hall test422', 2, true, 422);
INSERT INTO Meter_reading(value, date, paid, meter_id)
        VALUES (247, '2012-1-9', false, 844);
INSERT INTO Meter_reading(value, date, paid, meter_id)
        VALUES (334, '2012-1-15', false, 844);
INSERT INTO Meter_reading(value, date, paid, meter_id)
        VALUES (414, '2012-1-22', false, 844);
INSERT INTO Meter_reading(value, date, paid, meter_id)
        VALUES (494, '2012-1-26', false, 844);
INSERT INTO Meter_reading(value, date, paid, meter_id)
        VALUES (546, '2012-2-8', false, 844);
INSERT INTO Meter_reading(value, date, paid, meter_id)
        VALUES (583, '2012-2-18', false, 844);
INSERT INTO Meter_reading(value, date, paid, meter_id)
        VALUES (663, '2012-2-26', false, 844);
INSERT INTO Meter_reading(value, date, paid, meter_id)
        VALUES (673, '2012-3-10', false, 844);
INSERT INTO Meter_reading(value, date, paid, meter_id)
        VALUES (286, '2012-1-9', false, 845);
INSERT INTO Meter_reading(value, date, paid, meter_id)
        VALUES (300, '2012-1-15', false, 845);
INSERT INTO Meter_reading(value, date, paid, meter_id)
        VALUES (304, '2012-1-17', false, 845);
INSERT INTO Meter_reading(value, date, paid, meter_id)
        VALUES (315, '2012-1-24', false, 845);
INSERT INTO Meter_reading(value, date, paid, meter_id)
        VALUES (326, '2012-2-5', false, 845);
INSERT INTO Meter_reading(value, date, paid, meter_id)
        VALUES (338, '2012-2-13', false, 845);
INSERT INTO Meter_reading(value, date, paid, meter_id)
        VALUES (342, '2012-2-18', false, 845);
INSERT INTO Meter_reading(value, date, paid, meter_id)
        VALUES (351, '2012-2-26', false, 845);
INSERT INTO Meter_reading(value, date, paid, meter_id)
        VALUES (358, '2012-3-11', false, 845);
INSERT INTO Meter_reading(value, date, paid, meter_id)
        VALUES (359, '2012-3-14', false, 845);
INSERT INTO Meter_reading(value, date, paid, meter_id)
        VALUES (368, '2012-4-1', false, 845);
INSERT INTO Meter_reading(value, date, paid, meter_id)
        VALUES (376, '2012-4-8', false, 845);
INSERT INTO person(person_id, name, surname, paternal_name, registration_date, email, password_hash, is_admin) 
    VALUES (423, 'test423', 'test423', '', '01/01/2012', 'test423', '098f6bcd4621d373cade4e832627b4f6', false);
INSERT INTO dweller VALUES (423);
INSERT INTO flat(flat_id, area, flat_number, balance, cladr_id, building_id)
    VALUES (423, 116, 423, 0, 1, 1);
INSERT INTO dweller_lives_in_flat(person_id, flat_id)
    VALUES (423, 423);
INSERT INTO meter(meter_id, installation_date, type, title, meter_unit_id, active, flat_id)
    VALUES (846, '01/01/2012', 'Water', 'Cold water in kitchen test423', 1, true, 423);
INSERT INTO meter(meter_id, installation_date, type, title, meter_unit_id, active, flat_id)
    VALUES (847, '01/01/2012', 'Electricity', 'Electricity in hall test423', 2, true, 423);
INSERT INTO Meter_reading(value, date, paid, meter_id)
        VALUES (242, '2012-1-3', false, 846);
INSERT INTO Meter_reading(value, date, paid, meter_id)
        VALUES (257, '2012-1-10', false, 846);
INSERT INTO Meter_reading(value, date, paid, meter_id)
        VALUES (269, '2012-1-15', false, 846);
INSERT INTO Meter_reading(value, date, paid, meter_id)
        VALUES (278, '2012-1-18', false, 846);
INSERT INTO Meter_reading(value, date, paid, meter_id)
        VALUES (283, '2012-2-2', false, 846);
INSERT INTO Meter_reading(value, date, paid, meter_id)
        VALUES (299, '2012-2-4', false, 846);
INSERT INTO Meter_reading(value, date, paid, meter_id)
        VALUES (301, '2012-2-15', false, 846);
INSERT INTO Meter_reading(value, date, paid, meter_id)
        VALUES (303, '2012-2-18', false, 846);
INSERT INTO Meter_reading(value, date, paid, meter_id)
        VALUES (316, '2012-2-20', false, 846);
INSERT INTO Meter_reading(value, date, paid, meter_id)
        VALUES (322, '2012-2-24', false, 846);
INSERT INTO Meter_reading(value, date, paid, meter_id)
        VALUES (335, '2012-3-10', false, 846);
INSERT INTO Meter_reading(value, date, paid, meter_id)
        VALUES (341, '2012-3-21', false, 846);
INSERT INTO Meter_reading(value, date, paid, meter_id)
        VALUES (370, '2012-3-23', false, 846);
INSERT INTO Meter_reading(value, date, paid, meter_id)
        VALUES (390, '2012-3-26', false, 846);
INSERT INTO Meter_reading(value, date, paid, meter_id)
        VALUES (234, '2012-1-5', false, 847);
INSERT INTO Meter_reading(value, date, paid, meter_id)
        VALUES (248, '2012-1-12', false, 847);
INSERT INTO Meter_reading(value, date, paid, meter_id)
        VALUES (252, '2012-1-13', false, 847);
INSERT INTO Meter_reading(value, date, paid, meter_id)
        VALUES (280, '2012-1-26', false, 847);
INSERT INTO Meter_reading(value, date, paid, meter_id)
        VALUES (307, '2012-2-9', false, 847);
INSERT INTO Meter_reading(value, date, paid, meter_id)
        VALUES (318, '2012-2-15', false, 847);
INSERT INTO Meter_reading(value, date, paid, meter_id)
        VALUES (331, '2012-2-16', false, 847);
INSERT INTO Meter_reading(value, date, paid, meter_id)
        VALUES (336, '2012-2-20', false, 847);
INSERT INTO Meter_reading(value, date, paid, meter_id)
        VALUES (361, '2012-3-1', false, 847);
INSERT INTO Meter_reading(value, date, paid, meter_id)
        VALUES (383, '2012-3-15', false, 847);
INSERT INTO Meter_reading(value, date, paid, meter_id)
        VALUES (388, '2012-3-20', false, 847);
INSERT INTO Meter_reading(value, date, paid, meter_id)
        VALUES (417, '2012-4-7', false, 847);
INSERT INTO Meter_reading(value, date, paid, meter_id)
        VALUES (425, '2012-4-14', false, 847);
INSERT INTO Meter_reading(value, date, paid, meter_id)
        VALUES (441, '2012-4-21', false, 847);
INSERT INTO person(person_id, name, surname, paternal_name, registration_date, email, password_hash, is_admin) 
    VALUES (424, 'test424', 'test424', '', '01/01/2012', 'test424', '098f6bcd4621d373cade4e832627b4f6', false);
INSERT INTO dweller VALUES (424);
INSERT INTO flat(flat_id, area, flat_number, balance, cladr_id, building_id)
    VALUES (424, 65, 424, 0, 1, 1);
INSERT INTO dweller_lives_in_flat(person_id, flat_id)
    VALUES (424, 424);
INSERT INTO meter(meter_id, installation_date, type, title, meter_unit_id, active, flat_id)
    VALUES (848, '01/01/2012', 'Water', 'Cold water in kitchen test424', 1, true, 424);
INSERT INTO meter(meter_id, installation_date, type, title, meter_unit_id, active, flat_id)
    VALUES (849, '01/01/2012', 'Electricity', 'Electricity in hall test424', 2, true, 424);
INSERT INTO Meter_reading(value, date, paid, meter_id)
        VALUES (297, '2012-1-12', false, 848);
INSERT INTO Meter_reading(value, date, paid, meter_id)
        VALUES (325, '2012-1-20', false, 848);
INSERT INTO Meter_reading(value, date, paid, meter_id)
        VALUES (341, '2012-1-24', false, 848);
INSERT INTO Meter_reading(value, date, paid, meter_id)
        VALUES (356, '2012-2-4', false, 848);
INSERT INTO Meter_reading(value, date, paid, meter_id)
        VALUES (372, '2012-2-5', false, 848);
INSERT INTO Meter_reading(value, date, paid, meter_id)
        VALUES (401, '2012-2-11', false, 848);
INSERT INTO Meter_reading(value, date, paid, meter_id)
        VALUES (406, '2012-2-20', false, 848);
INSERT INTO Meter_reading(value, date, paid, meter_id)
        VALUES (434, '2012-2-27', false, 848);
INSERT INTO Meter_reading(value, date, paid, meter_id)
        VALUES (449, '2012-3-10', false, 848);
INSERT INTO Meter_reading(value, date, paid, meter_id)
        VALUES (458, '2012-3-17', false, 848);
INSERT INTO Meter_reading(value, date, paid, meter_id)
        VALUES (478, '2012-3-25', false, 848);
INSERT INTO Meter_reading(value, date, paid, meter_id)
        VALUES (497, '2012-4-11', false, 848);
INSERT INTO Meter_reading(value, date, paid, meter_id)
        VALUES (502, '2012-4-16', false, 848);
INSERT INTO Meter_reading(value, date, paid, meter_id)
        VALUES (529, '2012-4-25', false, 848);
INSERT INTO Meter_reading(value, date, paid, meter_id)
        VALUES (228, '2012-1-5', false, 849);
INSERT INTO Meter_reading(value, date, paid, meter_id)
        VALUES (256, '2012-1-15', false, 849);
INSERT INTO Meter_reading(value, date, paid, meter_id)
        VALUES (259, '2012-1-24', false, 849);
INSERT INTO Meter_reading(value, date, paid, meter_id)
        VALUES (286, '2012-2-5', false, 849);
INSERT INTO Meter_reading(value, date, paid, meter_id)
        VALUES (287, '2012-2-8', false, 849);
INSERT INTO Meter_reading(value, date, paid, meter_id)
        VALUES (302, '2012-2-20', false, 849);
INSERT INTO Meter_reading(value, date, paid, meter_id)
        VALUES (329, '2012-2-27', false, 849);
INSERT INTO Meter_reading(value, date, paid, meter_id)
        VALUES (348, '2012-3-11', false, 849);
INSERT INTO Meter_reading(value, date, paid, meter_id)
        VALUES (371, '2012-3-23', false, 849);
INSERT INTO Meter_reading(value, date, paid, meter_id)
        VALUES (385, '2012-4-2', false, 849);
INSERT INTO Meter_reading(value, date, paid, meter_id)
        VALUES (407, '2012-4-16', false, 849);
INSERT INTO Meter_reading(value, date, paid, meter_id)
        VALUES (423, '2012-4-26', false, 849);
INSERT INTO Meter_reading(value, date, paid, meter_id)
        VALUES (428, '2012-5-3', false, 849);
INSERT INTO person(person_id, name, surname, paternal_name, registration_date, email, password_hash, is_admin) 
    VALUES (425, 'test425', 'test425', '', '01/01/2012', 'test425', '098f6bcd4621d373cade4e832627b4f6', false);
INSERT INTO dweller VALUES (425);
INSERT INTO flat(flat_id, area, flat_number, balance, cladr_id, building_id)
    VALUES (425, 140, 425, 0, 1, 1);
INSERT INTO dweller_lives_in_flat(person_id, flat_id)
    VALUES (425, 425);
INSERT INTO meter(meter_id, installation_date, type, title, meter_unit_id, active, flat_id)
    VALUES (850, '01/01/2012', 'Water', 'Cold water in kitchen test425', 1, true, 425);
INSERT INTO meter(meter_id, installation_date, type, title, meter_unit_id, active, flat_id)
    VALUES (851, '01/01/2012', 'Electricity', 'Electricity in hall test425', 2, true, 425);
INSERT INTO Meter_reading(value, date, paid, meter_id)
        VALUES (162, '2012-1-11', false, 850);
INSERT INTO Meter_reading(value, date, paid, meter_id)
        VALUES (180, '2012-1-24', false, 850);
INSERT INTO Meter_reading(value, date, paid, meter_id)
        VALUES (238, '2012-2-8', false, 850);
INSERT INTO Meter_reading(value, date, paid, meter_id)
        VALUES (240, '2012-2-20', false, 850);
INSERT INTO Meter_reading(value, date, paid, meter_id)
        VALUES (266, '2012-3-2', false, 850);
INSERT INTO Meter_reading(value, date, paid, meter_id)
        VALUES (361, '2012-3-10', false, 850);
INSERT INTO Meter_reading(value, date, paid, meter_id)
        VALUES (372, '2012-3-15', false, 850);
INSERT INTO Meter_reading(value, date, paid, meter_id)
        VALUES (385, '2012-3-26', false, 850);
INSERT INTO Meter_reading(value, date, paid, meter_id)
        VALUES (88, '2012-1-7', false, 851);
INSERT INTO Meter_reading(value, date, paid, meter_id)
        VALUES (174, '2012-1-10', false, 851);
INSERT INTO Meter_reading(value, date, paid, meter_id)
        VALUES (208, '2012-1-21', false, 851);
INSERT INTO Meter_reading(value, date, paid, meter_id)
        VALUES (239, '2012-1-22', false, 851);
INSERT INTO Meter_reading(value, date, paid, meter_id)
        VALUES (276, '2012-2-3', false, 851);
INSERT INTO Meter_reading(value, date, paid, meter_id)
        VALUES (278, '2012-2-5', false, 851);
INSERT INTO person(person_id, name, surname, paternal_name, registration_date, email, password_hash, is_admin) 
    VALUES (426, 'test426', 'test426', '', '01/01/2012', 'test426', '098f6bcd4621d373cade4e832627b4f6', false);
INSERT INTO dweller VALUES (426);
INSERT INTO flat(flat_id, area, flat_number, balance, cladr_id, building_id)
    VALUES (426, 248, 426, 0, 1, 1);
INSERT INTO dweller_lives_in_flat(person_id, flat_id)
    VALUES (426, 426);
INSERT INTO meter(meter_id, installation_date, type, title, meter_unit_id, active, flat_id)
    VALUES (852, '01/01/2012', 'Water', 'Cold water in kitchen test426', 1, true, 426);
INSERT INTO meter(meter_id, installation_date, type, title, meter_unit_id, active, flat_id)
    VALUES (853, '01/01/2012', 'Electricity', 'Electricity in hall test426', 2, true, 426);
INSERT INTO Meter_reading(value, date, paid, meter_id)
        VALUES (192, '2012-1-11', false, 852);
INSERT INTO Meter_reading(value, date, paid, meter_id)
        VALUES (204, '2012-1-25', false, 852);
INSERT INTO Meter_reading(value, date, paid, meter_id)
        VALUES (229, '2012-2-6', false, 852);
INSERT INTO Meter_reading(value, date, paid, meter_id)
        VALUES (238, '2012-2-12', false, 852);
INSERT INTO Meter_reading(value, date, paid, meter_id)
        VALUES (255, '2012-2-15', false, 852);
INSERT INTO Meter_reading(value, date, paid, meter_id)
        VALUES (271, '2012-3-1', false, 852);
INSERT INTO Meter_reading(value, date, paid, meter_id)
        VALUES (276, '2012-3-14', false, 852);
INSERT INTO Meter_reading(value, date, paid, meter_id)
        VALUES (294, '2012-3-24', false, 852);
INSERT INTO Meter_reading(value, date, paid, meter_id)
        VALUES (305, '2012-4-3', false, 852);
INSERT INTO Meter_reading(value, date, paid, meter_id)
        VALUES (313, '2012-4-8', false, 852);
INSERT INTO Meter_reading(value, date, paid, meter_id)
        VALUES (340, '2012-4-16', false, 852);
INSERT INTO Meter_reading(value, date, paid, meter_id)
        VALUES (351, '2012-4-26', false, 852);
INSERT INTO Meter_reading(value, date, paid, meter_id)
        VALUES (302, '2012-1-5', false, 853);
INSERT INTO Meter_reading(value, date, paid, meter_id)
        VALUES (313, '2012-1-16', false, 853);
INSERT INTO Meter_reading(value, date, paid, meter_id)
        VALUES (322, '2012-1-18', false, 853);
INSERT INTO Meter_reading(value, date, paid, meter_id)
        VALUES (323, '2012-1-21', false, 853);
INSERT INTO Meter_reading(value, date, paid, meter_id)
        VALUES (326, '2012-1-23', false, 853);
INSERT INTO Meter_reading(value, date, paid, meter_id)
        VALUES (330, '2012-2-2', false, 853);
INSERT INTO Meter_reading(value, date, paid, meter_id)
        VALUES (354, '2012-2-12', false, 853);
INSERT INTO Meter_reading(value, date, paid, meter_id)
        VALUES (367, '2012-2-21', false, 853);
INSERT INTO Meter_reading(value, date, paid, meter_id)
        VALUES (377, '2012-2-25', false, 853);
INSERT INTO Meter_reading(value, date, paid, meter_id)
        VALUES (387, '2012-3-12', false, 853);
INSERT INTO Meter_reading(value, date, paid, meter_id)
        VALUES (393, '2012-3-15', false, 853);
INSERT INTO Meter_reading(value, date, paid, meter_id)
        VALUES (399, '2012-3-19', false, 853);
INSERT INTO person(person_id, name, surname, paternal_name, registration_date, email, password_hash, is_admin) 
    VALUES (427, 'test427', 'test427', '', '01/01/2012', 'test427', '098f6bcd4621d373cade4e832627b4f6', false);
INSERT INTO dweller VALUES (427);
INSERT INTO flat(flat_id, area, flat_number, balance, cladr_id, building_id)
    VALUES (427, 133, 427, 0, 1, 1);
INSERT INTO dweller_lives_in_flat(person_id, flat_id)
    VALUES (427, 427);
INSERT INTO meter(meter_id, installation_date, type, title, meter_unit_id, active, flat_id)
    VALUES (854, '01/01/2012', 'Water', 'Cold water in kitchen test427', 1, true, 427);
INSERT INTO meter(meter_id, installation_date, type, title, meter_unit_id, active, flat_id)
    VALUES (855, '01/01/2012', 'Electricity', 'Electricity in hall test427', 2, true, 427);
INSERT INTO Meter_reading(value, date, paid, meter_id)
        VALUES (146, '2012-1-3', false, 854);
INSERT INTO Meter_reading(value, date, paid, meter_id)
        VALUES (166, '2012-1-4', false, 854);
INSERT INTO Meter_reading(value, date, paid, meter_id)
        VALUES (167, '2012-1-5', false, 854);
INSERT INTO Meter_reading(value, date, paid, meter_id)
        VALUES (177, '2012-1-16', false, 854);
INSERT INTO Meter_reading(value, date, paid, meter_id)
        VALUES (186, '2012-1-21', false, 854);
INSERT INTO Meter_reading(value, date, paid, meter_id)
        VALUES (212, '2012-2-7', false, 854);
INSERT INTO Meter_reading(value, date, paid, meter_id)
        VALUES (78, '2012-1-8', false, 855);
INSERT INTO Meter_reading(value, date, paid, meter_id)
        VALUES (80, '2012-1-22', false, 855);
INSERT INTO Meter_reading(value, date, paid, meter_id)
        VALUES (88, '2012-2-5', false, 855);
INSERT INTO Meter_reading(value, date, paid, meter_id)
        VALUES (94, '2012-2-18', false, 855);
INSERT INTO Meter_reading(value, date, paid, meter_id)
        VALUES (100, '2012-2-24', false, 855);
INSERT INTO Meter_reading(value, date, paid, meter_id)
        VALUES (107, '2012-2-27', false, 855);
INSERT INTO person(person_id, name, surname, paternal_name, registration_date, email, password_hash, is_admin) 
    VALUES (428, 'test428', 'test428', '', '01/01/2012', 'test428', '098f6bcd4621d373cade4e832627b4f6', false);
INSERT INTO dweller VALUES (428);
INSERT INTO flat(flat_id, area, flat_number, balance, cladr_id, building_id)
    VALUES (428, 152, 428, 0, 1, 1);
INSERT INTO dweller_lives_in_flat(person_id, flat_id)
    VALUES (428, 428);
INSERT INTO meter(meter_id, installation_date, type, title, meter_unit_id, active, flat_id)
    VALUES (856, '01/01/2012', 'Water', 'Cold water in kitchen test428', 1, true, 428);
INSERT INTO meter(meter_id, installation_date, type, title, meter_unit_id, active, flat_id)
    VALUES (857, '01/01/2012', 'Electricity', 'Electricity in hall test428', 2, true, 428);
INSERT INTO Meter_reading(value, date, paid, meter_id)
        VALUES (261, '2012-1-16', false, 856);
INSERT INTO Meter_reading(value, date, paid, meter_id)
        VALUES (283, '2012-1-22', false, 856);
INSERT INTO Meter_reading(value, date, paid, meter_id)
        VALUES (287, '2012-2-6', false, 856);
INSERT INTO Meter_reading(value, date, paid, meter_id)
        VALUES (293, '2012-2-11', false, 856);
INSERT INTO Meter_reading(value, date, paid, meter_id)
        VALUES (298, '2012-2-17', false, 856);
INSERT INTO Meter_reading(value, date, paid, meter_id)
        VALUES (324, '2012-2-19', false, 856);
INSERT INTO Meter_reading(value, date, paid, meter_id)
        VALUES (340, '2012-2-23', false, 856);
INSERT INTO Meter_reading(value, date, paid, meter_id)
        VALUES (347, '2012-3-7', false, 856);
INSERT INTO Meter_reading(value, date, paid, meter_id)
        VALUES (373, '2012-3-20', false, 856);
INSERT INTO Meter_reading(value, date, paid, meter_id)
        VALUES (390, '2012-4-3', false, 856);
INSERT INTO Meter_reading(value, date, paid, meter_id)
        VALUES (414, '2012-4-14', false, 856);
INSERT INTO Meter_reading(value, date, paid, meter_id)
        VALUES (428, '2012-5-1', false, 856);
INSERT INTO Meter_reading(value, date, paid, meter_id)
        VALUES (438, '2012-5-9', false, 856);
INSERT INTO Meter_reading(value, date, paid, meter_id)
        VALUES (86, '2012-1-13', false, 857);
INSERT INTO Meter_reading(value, date, paid, meter_id)
        VALUES (95, '2012-1-22', false, 857);
INSERT INTO Meter_reading(value, date, paid, meter_id)
        VALUES (119, '2012-2-5', false, 857);
INSERT INTO Meter_reading(value, date, paid, meter_id)
        VALUES (133, '2012-2-11', false, 857);
INSERT INTO Meter_reading(value, date, paid, meter_id)
        VALUES (162, '2012-2-14', false, 857);
INSERT INTO Meter_reading(value, date, paid, meter_id)
        VALUES (187, '2012-2-23', false, 857);
INSERT INTO Meter_reading(value, date, paid, meter_id)
        VALUES (200, '2012-2-26', false, 857);
INSERT INTO Meter_reading(value, date, paid, meter_id)
        VALUES (201, '2012-3-6', false, 857);
INSERT INTO Meter_reading(value, date, paid, meter_id)
        VALUES (216, '2012-3-15', false, 857);
INSERT INTO Meter_reading(value, date, paid, meter_id)
        VALUES (231, '2012-3-22', false, 857);
INSERT INTO Meter_reading(value, date, paid, meter_id)
        VALUES (251, '2012-4-6', false, 857);
INSERT INTO Meter_reading(value, date, paid, meter_id)
        VALUES (264, '2012-4-15', false, 857);
INSERT INTO Meter_reading(value, date, paid, meter_id)
        VALUES (281, '2012-4-21', false, 857);
INSERT INTO Meter_reading(value, date, paid, meter_id)
        VALUES (302, '2012-4-25', false, 857);
INSERT INTO person(person_id, name, surname, paternal_name, registration_date, email, password_hash, is_admin) 
    VALUES (429, 'test429', 'test429', '', '01/01/2012', 'test429', '098f6bcd4621d373cade4e832627b4f6', false);
INSERT INTO dweller VALUES (429);
INSERT INTO flat(flat_id, area, flat_number, balance, cladr_id, building_id)
    VALUES (429, 100, 429, 0, 1, 1);
INSERT INTO dweller_lives_in_flat(person_id, flat_id)
    VALUES (429, 429);
INSERT INTO meter(meter_id, installation_date, type, title, meter_unit_id, active, flat_id)
    VALUES (858, '01/01/2012', 'Water', 'Cold water in kitchen test429', 1, true, 429);
INSERT INTO meter(meter_id, installation_date, type, title, meter_unit_id, active, flat_id)
    VALUES (859, '01/01/2012', 'Electricity', 'Electricity in hall test429', 2, true, 429);
INSERT INTO Meter_reading(value, date, paid, meter_id)
        VALUES (122, '2012-1-13', false, 858);
INSERT INTO Meter_reading(value, date, paid, meter_id)
        VALUES (132, '2012-1-15', false, 858);
INSERT INTO Meter_reading(value, date, paid, meter_id)
        VALUES (135, '2012-1-24', false, 858);
INSERT INTO Meter_reading(value, date, paid, meter_id)
        VALUES (137, '2012-2-8', false, 858);
INSERT INTO Meter_reading(value, date, paid, meter_id)
        VALUES (164, '2012-2-11', false, 858);
INSERT INTO Meter_reading(value, date, paid, meter_id)
        VALUES (165, '2012-2-20', false, 858);
INSERT INTO Meter_reading(value, date, paid, meter_id)
        VALUES (184, '2012-2-26', false, 858);
INSERT INTO Meter_reading(value, date, paid, meter_id)
        VALUES (209, '2012-3-6', false, 858);
INSERT INTO Meter_reading(value, date, paid, meter_id)
        VALUES (219, '2012-3-10', false, 858);
INSERT INTO Meter_reading(value, date, paid, meter_id)
        VALUES (235, '2012-3-13', false, 858);
INSERT INTO Meter_reading(value, date, paid, meter_id)
        VALUES (244, '2012-3-20', false, 858);
INSERT INTO Meter_reading(value, date, paid, meter_id)
        VALUES (271, '2012-3-24', false, 858);
INSERT INTO Meter_reading(value, date, paid, meter_id)
        VALUES (286, '2012-3-26', false, 858);
INSERT INTO Meter_reading(value, date, paid, meter_id)
        VALUES (303, '2012-3-27', false, 858);
INSERT INTO Meter_reading(value, date, paid, meter_id)
        VALUES (115, '2012-1-13', false, 859);
INSERT INTO Meter_reading(value, date, paid, meter_id)
        VALUES (120, '2012-1-17', false, 859);
INSERT INTO Meter_reading(value, date, paid, meter_id)
        VALUES (134, '2012-1-22', false, 859);
INSERT INTO Meter_reading(value, date, paid, meter_id)
        VALUES (140, '2012-2-5', false, 859);
INSERT INTO Meter_reading(value, date, paid, meter_id)
        VALUES (156, '2012-2-12', false, 859);
INSERT INTO Meter_reading(value, date, paid, meter_id)
        VALUES (168, '2012-2-26', false, 859);
INSERT INTO Meter_reading(value, date, paid, meter_id)
        VALUES (192, '2012-2-27', false, 859);
INSERT INTO person(person_id, name, surname, paternal_name, registration_date, email, password_hash, is_admin) 
    VALUES (430, 'test430', 'test430', '', '01/01/2012', 'test430', '098f6bcd4621d373cade4e832627b4f6', false);
INSERT INTO dweller VALUES (430);
INSERT INTO flat(flat_id, area, flat_number, balance, cladr_id, building_id)
    VALUES (430, 312, 430, 0, 1, 1);
INSERT INTO dweller_lives_in_flat(person_id, flat_id)
    VALUES (430, 430);
INSERT INTO meter(meter_id, installation_date, type, title, meter_unit_id, active, flat_id)
    VALUES (860, '01/01/2012', 'Water', 'Cold water in kitchen test430', 1, true, 430);
INSERT INTO meter(meter_id, installation_date, type, title, meter_unit_id, active, flat_id)
    VALUES (861, '01/01/2012', 'Electricity', 'Electricity in hall test430', 2, true, 430);
INSERT INTO Meter_reading(value, date, paid, meter_id)
        VALUES (181, '2012-1-15', false, 860);
INSERT INTO Meter_reading(value, date, paid, meter_id)
        VALUES (197, '2012-1-16', false, 860);
INSERT INTO Meter_reading(value, date, paid, meter_id)
        VALUES (216, '2012-1-24', false, 860);
INSERT INTO Meter_reading(value, date, paid, meter_id)
        VALUES (278, '2012-2-6', false, 860);
INSERT INTO Meter_reading(value, date, paid, meter_id)
        VALUES (320, '2012-2-15', false, 860);
INSERT INTO Meter_reading(value, date, paid, meter_id)
        VALUES (356, '2012-2-20', false, 860);
INSERT INTO Meter_reading(value, date, paid, meter_id)
        VALUES (367, '2012-2-21', false, 860);
INSERT INTO Meter_reading(value, date, paid, meter_id)
        VALUES (430, '2012-2-26', false, 860);
INSERT INTO Meter_reading(value, date, paid, meter_id)
        VALUES (504, '2012-3-3', false, 860);
INSERT INTO Meter_reading(value, date, paid, meter_id)
        VALUES (573, '2012-3-4', false, 860);
INSERT INTO Meter_reading(value, date, paid, meter_id)
        VALUES (602, '2012-3-17', false, 860);
INSERT INTO Meter_reading(value, date, paid, meter_id)
        VALUES (643, '2012-3-25', false, 860);
INSERT INTO Meter_reading(value, date, paid, meter_id)
        VALUES (667, '2012-4-6', false, 860);
INSERT INTO Meter_reading(value, date, paid, meter_id)
        VALUES (675, '2012-4-7', false, 860);
INSERT INTO Meter_reading(value, date, paid, meter_id)
        VALUES (97, '2012-1-12', false, 861);
INSERT INTO Meter_reading(value, date, paid, meter_id)
        VALUES (111, '2012-1-20', false, 861);
INSERT INTO Meter_reading(value, date, paid, meter_id)
        VALUES (124, '2012-2-4', false, 861);
INSERT INTO Meter_reading(value, date, paid, meter_id)
        VALUES (129, '2012-2-9', false, 861);
INSERT INTO Meter_reading(value, date, paid, meter_id)
        VALUES (147, '2012-2-15', false, 861);
INSERT INTO Meter_reading(value, date, paid, meter_id)
        VALUES (162, '2012-2-21', false, 861);
INSERT INTO Meter_reading(value, date, paid, meter_id)
        VALUES (165, '2012-2-22', false, 861);
INSERT INTO Meter_reading(value, date, paid, meter_id)
        VALUES (187, '2012-3-5', false, 861);
INSERT INTO Meter_reading(value, date, paid, meter_id)
        VALUES (206, '2012-3-15', false, 861);
INSERT INTO Meter_reading(value, date, paid, meter_id)
        VALUES (210, '2012-3-18', false, 861);
INSERT INTO Meter_reading(value, date, paid, meter_id)
        VALUES (229, '2012-4-3', false, 861);
INSERT INTO Meter_reading(value, date, paid, meter_id)
        VALUES (246, '2012-4-13', false, 861);
INSERT INTO person(person_id, name, surname, paternal_name, registration_date, email, password_hash, is_admin) 
    VALUES (431, 'test431', 'test431', '', '01/01/2012', 'test431', '098f6bcd4621d373cade4e832627b4f6', false);
INSERT INTO dweller VALUES (431);
INSERT INTO flat(flat_id, area, flat_number, balance, cladr_id, building_id)
    VALUES (431, 319, 431, 0, 1, 1);
INSERT INTO dweller_lives_in_flat(person_id, flat_id)
    VALUES (431, 431);
INSERT INTO meter(meter_id, installation_date, type, title, meter_unit_id, active, flat_id)
    VALUES (862, '01/01/2012', 'Water', 'Cold water in kitchen test431', 1, true, 431);
INSERT INTO meter(meter_id, installation_date, type, title, meter_unit_id, active, flat_id)
    VALUES (863, '01/01/2012', 'Electricity', 'Electricity in hall test431', 2, true, 431);
INSERT INTO Meter_reading(value, date, paid, meter_id)
        VALUES (246, '2012-1-11', false, 862);
INSERT INTO Meter_reading(value, date, paid, meter_id)
        VALUES (247, '2012-1-17', false, 862);
INSERT INTO Meter_reading(value, date, paid, meter_id)
        VALUES (275, '2012-1-26', false, 862);
INSERT INTO Meter_reading(value, date, paid, meter_id)
        VALUES (281, '2012-2-7', false, 862);
INSERT INTO Meter_reading(value, date, paid, meter_id)
        VALUES (304, '2012-2-12', false, 862);
INSERT INTO Meter_reading(value, date, paid, meter_id)
        VALUES (321, '2012-2-16', false, 862);
INSERT INTO Meter_reading(value, date, paid, meter_id)
        VALUES (116, '2012-1-9', false, 863);
INSERT INTO Meter_reading(value, date, paid, meter_id)
        VALUES (151, '2012-1-17', false, 863);
INSERT INTO Meter_reading(value, date, paid, meter_id)
        VALUES (178, '2012-1-25', false, 863);
INSERT INTO Meter_reading(value, date, paid, meter_id)
        VALUES (203, '2012-2-7', false, 863);
INSERT INTO Meter_reading(value, date, paid, meter_id)
        VALUES (250, '2012-2-13', false, 863);
INSERT INTO Meter_reading(value, date, paid, meter_id)
        VALUES (261, '2012-2-26', false, 863);
INSERT INTO Meter_reading(value, date, paid, meter_id)
        VALUES (303, '2012-3-4', false, 863);
INSERT INTO Meter_reading(value, date, paid, meter_id)
        VALUES (323, '2012-3-9', false, 863);
INSERT INTO Meter_reading(value, date, paid, meter_id)
        VALUES (354, '2012-3-10', false, 863);
INSERT INTO Meter_reading(value, date, paid, meter_id)
        VALUES (355, '2012-3-19', false, 863);
INSERT INTO Meter_reading(value, date, paid, meter_id)
        VALUES (404, '2012-4-6', false, 863);
INSERT INTO Meter_reading(value, date, paid, meter_id)
        VALUES (412, '2012-4-12', false, 863);
INSERT INTO Meter_reading(value, date, paid, meter_id)
        VALUES (416, '2012-4-13', false, 863);
INSERT INTO person(person_id, name, surname, paternal_name, registration_date, email, password_hash, is_admin) 
    VALUES (432, 'test432', 'test432', '', '01/01/2012', 'test432', '098f6bcd4621d373cade4e832627b4f6', false);
INSERT INTO dweller VALUES (432);
INSERT INTO flat(flat_id, area, flat_number, balance, cladr_id, building_id)
    VALUES (432, 232, 432, 0, 1, 1);
INSERT INTO dweller_lives_in_flat(person_id, flat_id)
    VALUES (432, 432);
INSERT INTO meter(meter_id, installation_date, type, title, meter_unit_id, active, flat_id)
    VALUES (864, '01/01/2012', 'Water', 'Cold water in kitchen test432', 1, true, 432);
INSERT INTO meter(meter_id, installation_date, type, title, meter_unit_id, active, flat_id)
    VALUES (865, '01/01/2012', 'Electricity', 'Electricity in hall test432', 2, true, 432);
INSERT INTO Meter_reading(value, date, paid, meter_id)
        VALUES (168, '2012-1-13', false, 864);
INSERT INTO Meter_reading(value, date, paid, meter_id)
        VALUES (178, '2012-1-27', false, 864);
INSERT INTO Meter_reading(value, date, paid, meter_id)
        VALUES (187, '2012-2-14', false, 864);
INSERT INTO Meter_reading(value, date, paid, meter_id)
        VALUES (193, '2012-2-23', false, 864);
INSERT INTO Meter_reading(value, date, paid, meter_id)
        VALUES (197, '2012-3-5', false, 864);
INSERT INTO Meter_reading(value, date, paid, meter_id)
        VALUES (206, '2012-3-13', false, 864);
INSERT INTO Meter_reading(value, date, paid, meter_id)
        VALUES (160, '2012-1-15', false, 865);
INSERT INTO Meter_reading(value, date, paid, meter_id)
        VALUES (167, '2012-1-23', false, 865);
INSERT INTO Meter_reading(value, date, paid, meter_id)
        VALUES (173, '2012-2-5', false, 865);
INSERT INTO Meter_reading(value, date, paid, meter_id)
        VALUES (181, '2012-2-9', false, 865);
INSERT INTO Meter_reading(value, date, paid, meter_id)
        VALUES (188, '2012-2-11', false, 865);
INSERT INTO Meter_reading(value, date, paid, meter_id)
        VALUES (192, '2012-2-16', false, 865);
INSERT INTO Meter_reading(value, date, paid, meter_id)
        VALUES (203, '2012-3-1', false, 865);
INSERT INTO Meter_reading(value, date, paid, meter_id)
        VALUES (206, '2012-3-2', false, 865);
INSERT INTO Meter_reading(value, date, paid, meter_id)
        VALUES (211, '2012-3-16', false, 865);
INSERT INTO Meter_reading(value, date, paid, meter_id)
        VALUES (220, '2012-3-22', false, 865);
INSERT INTO Meter_reading(value, date, paid, meter_id)
        VALUES (229, '2012-4-2', false, 865);
INSERT INTO Meter_reading(value, date, paid, meter_id)
        VALUES (239, '2012-4-5', false, 865);
INSERT INTO Meter_reading(value, date, paid, meter_id)
        VALUES (245, '2012-4-6', false, 865);
INSERT INTO person(person_id, name, surname, paternal_name, registration_date, email, password_hash, is_admin) 
    VALUES (433, 'test433', 'test433', '', '01/01/2012', 'test433', '098f6bcd4621d373cade4e832627b4f6', false);
INSERT INTO dweller VALUES (433);
INSERT INTO flat(flat_id, area, flat_number, balance, cladr_id, building_id)
    VALUES (433, 186, 433, 0, 1, 1);
INSERT INTO dweller_lives_in_flat(person_id, flat_id)
    VALUES (433, 433);
INSERT INTO meter(meter_id, installation_date, type, title, meter_unit_id, active, flat_id)
    VALUES (866, '01/01/2012', 'Water', 'Cold water in kitchen test433', 1, true, 433);
INSERT INTO meter(meter_id, installation_date, type, title, meter_unit_id, active, flat_id)
    VALUES (867, '01/01/2012', 'Electricity', 'Electricity in hall test433', 2, true, 433);
INSERT INTO Meter_reading(value, date, paid, meter_id)
        VALUES (336, '2012-1-15', false, 866);
INSERT INTO Meter_reading(value, date, paid, meter_id)
        VALUES (350, '2012-2-1', false, 866);
INSERT INTO Meter_reading(value, date, paid, meter_id)
        VALUES (426, '2012-2-4', false, 866);
INSERT INTO Meter_reading(value, date, paid, meter_id)
        VALUES (445, '2012-2-13', false, 866);
INSERT INTO Meter_reading(value, date, paid, meter_id)
        VALUES (457, '2012-2-17', false, 866);
INSERT INTO Meter_reading(value, date, paid, meter_id)
        VALUES (503, '2012-2-24', false, 866);
INSERT INTO Meter_reading(value, date, paid, meter_id)
        VALUES (532, '2012-2-27', false, 866);
INSERT INTO Meter_reading(value, date, paid, meter_id)
        VALUES (253, '2012-1-13', false, 867);
INSERT INTO Meter_reading(value, date, paid, meter_id)
        VALUES (281, '2012-1-20', false, 867);
INSERT INTO Meter_reading(value, date, paid, meter_id)
        VALUES (309, '2012-2-3', false, 867);
INSERT INTO Meter_reading(value, date, paid, meter_id)
        VALUES (324, '2012-2-17', false, 867);
INSERT INTO Meter_reading(value, date, paid, meter_id)
        VALUES (348, '2012-2-23', false, 867);
INSERT INTO Meter_reading(value, date, paid, meter_id)
        VALUES (368, '2012-2-25', false, 867);
INSERT INTO Meter_reading(value, date, paid, meter_id)
        VALUES (371, '2012-2-26', false, 867);
INSERT INTO Meter_reading(value, date, paid, meter_id)
        VALUES (418, '2012-3-13', false, 867);
INSERT INTO Meter_reading(value, date, paid, meter_id)
        VALUES (427, '2012-3-21', false, 867);
INSERT INTO Meter_reading(value, date, paid, meter_id)
        VALUES (478, '2012-3-24', false, 867);
INSERT INTO Meter_reading(value, date, paid, meter_id)
        VALUES (529, '2012-4-9', false, 867);
INSERT INTO Meter_reading(value, date, paid, meter_id)
        VALUES (569, '2012-4-14', false, 867);
INSERT INTO Meter_reading(value, date, paid, meter_id)
        VALUES (619, '2012-4-17', false, 867);
INSERT INTO Meter_reading(value, date, paid, meter_id)
        VALUES (636, '2012-5-3', false, 867);
INSERT INTO person(person_id, name, surname, paternal_name, registration_date, email, password_hash, is_admin) 
    VALUES (434, 'test434', 'test434', '', '01/01/2012', 'test434', '098f6bcd4621d373cade4e832627b4f6', false);
INSERT INTO dweller VALUES (434);
INSERT INTO flat(flat_id, area, flat_number, balance, cladr_id, building_id)
    VALUES (434, 293, 434, 0, 1, 1);
INSERT INTO dweller_lives_in_flat(person_id, flat_id)
    VALUES (434, 434);
INSERT INTO meter(meter_id, installation_date, type, title, meter_unit_id, active, flat_id)
    VALUES (868, '01/01/2012', 'Water', 'Cold water in kitchen test434', 1, true, 434);
INSERT INTO meter(meter_id, installation_date, type, title, meter_unit_id, active, flat_id)
    VALUES (869, '01/01/2012', 'Electricity', 'Electricity in hall test434', 2, true, 434);
INSERT INTO Meter_reading(value, date, paid, meter_id)
        VALUES (197, '2012-1-12', false, 868);
INSERT INTO Meter_reading(value, date, paid, meter_id)
        VALUES (232, '2012-1-17', false, 868);
INSERT INTO Meter_reading(value, date, paid, meter_id)
        VALUES (260, '2012-2-1', false, 868);
INSERT INTO Meter_reading(value, date, paid, meter_id)
        VALUES (294, '2012-2-9', false, 868);
INSERT INTO Meter_reading(value, date, paid, meter_id)
        VALUES (330, '2012-2-13', false, 868);
INSERT INTO Meter_reading(value, date, paid, meter_id)
        VALUES (353, '2012-2-16', false, 868);
INSERT INTO Meter_reading(value, date, paid, meter_id)
        VALUES (365, '2012-2-18', false, 868);
INSERT INTO Meter_reading(value, date, paid, meter_id)
        VALUES (399, '2012-3-2', false, 868);
INSERT INTO Meter_reading(value, date, paid, meter_id)
        VALUES (437, '2012-3-10', false, 868);
INSERT INTO Meter_reading(value, date, paid, meter_id)
        VALUES (456, '2012-3-17', false, 868);
INSERT INTO Meter_reading(value, date, paid, meter_id)
        VALUES (488, '2012-3-27', false, 868);
INSERT INTO Meter_reading(value, date, paid, meter_id)
        VALUES (524, '2012-4-3', false, 868);
INSERT INTO Meter_reading(value, date, paid, meter_id)
        VALUES (211, '2012-1-4', false, 869);
INSERT INTO Meter_reading(value, date, paid, meter_id)
        VALUES (225, '2012-1-10', false, 869);
INSERT INTO Meter_reading(value, date, paid, meter_id)
        VALUES (242, '2012-1-11', false, 869);
INSERT INTO Meter_reading(value, date, paid, meter_id)
        VALUES (268, '2012-1-17', false, 869);
INSERT INTO Meter_reading(value, date, paid, meter_id)
        VALUES (294, '2012-1-22', false, 869);
INSERT INTO Meter_reading(value, date, paid, meter_id)
        VALUES (312, '2012-2-4', false, 869);
INSERT INTO Meter_reading(value, date, paid, meter_id)
        VALUES (339, '2012-2-5', false, 869);
INSERT INTO Meter_reading(value, date, paid, meter_id)
        VALUES (368, '2012-2-11', false, 869);
INSERT INTO person(person_id, name, surname, paternal_name, registration_date, email, password_hash, is_admin) 
    VALUES (435, 'test435', 'test435', '', '01/01/2012', 'test435', '098f6bcd4621d373cade4e832627b4f6', false);
INSERT INTO dweller VALUES (435);
INSERT INTO flat(flat_id, area, flat_number, balance, cladr_id, building_id)
    VALUES (435, 200, 435, 0, 1, 1);
INSERT INTO dweller_lives_in_flat(person_id, flat_id)
    VALUES (435, 435);
INSERT INTO meter(meter_id, installation_date, type, title, meter_unit_id, active, flat_id)
    VALUES (870, '01/01/2012', 'Water', 'Cold water in kitchen test435', 1, true, 435);
INSERT INTO meter(meter_id, installation_date, type, title, meter_unit_id, active, flat_id)
    VALUES (871, '01/01/2012', 'Electricity', 'Electricity in hall test435', 2, true, 435);
INSERT INTO Meter_reading(value, date, paid, meter_id)
        VALUES (181, '2012-1-7', false, 870);
INSERT INTO Meter_reading(value, date, paid, meter_id)
        VALUES (186, '2012-1-21', false, 870);
INSERT INTO Meter_reading(value, date, paid, meter_id)
        VALUES (188, '2012-1-24', false, 870);
INSERT INTO Meter_reading(value, date, paid, meter_id)
        VALUES (189, '2012-2-7', false, 870);
INSERT INTO Meter_reading(value, date, paid, meter_id)
        VALUES (192, '2012-2-8', false, 870);
INSERT INTO Meter_reading(value, date, paid, meter_id)
        VALUES (202, '2012-2-21', false, 870);
INSERT INTO Meter_reading(value, date, paid, meter_id)
        VALUES (287, '2012-1-9', false, 871);
INSERT INTO Meter_reading(value, date, paid, meter_id)
        VALUES (297, '2012-1-18', false, 871);
INSERT INTO Meter_reading(value, date, paid, meter_id)
        VALUES (308, '2012-1-25', false, 871);
INSERT INTO Meter_reading(value, date, paid, meter_id)
        VALUES (312, '2012-2-3', false, 871);
INSERT INTO Meter_reading(value, date, paid, meter_id)
        VALUES (324, '2012-2-14', false, 871);
INSERT INTO Meter_reading(value, date, paid, meter_id)
        VALUES (345, '2012-2-23', false, 871);
INSERT INTO Meter_reading(value, date, paid, meter_id)
        VALUES (363, '2012-3-1', false, 871);
INSERT INTO Meter_reading(value, date, paid, meter_id)
        VALUES (376, '2012-3-5', false, 871);
INSERT INTO person(person_id, name, surname, paternal_name, registration_date, email, password_hash, is_admin) 
    VALUES (436, 'test436', 'test436', '', '01/01/2012', 'test436', '098f6bcd4621d373cade4e832627b4f6', false);
INSERT INTO dweller VALUES (436);
INSERT INTO flat(flat_id, area, flat_number, balance, cladr_id, building_id)
    VALUES (436, 276, 436, 0, 1, 1);
INSERT INTO dweller_lives_in_flat(person_id, flat_id)
    VALUES (436, 436);
INSERT INTO meter(meter_id, installation_date, type, title, meter_unit_id, active, flat_id)
    VALUES (872, '01/01/2012', 'Water', 'Cold water in kitchen test436', 1, true, 436);
INSERT INTO meter(meter_id, installation_date, type, title, meter_unit_id, active, flat_id)
    VALUES (873, '01/01/2012', 'Electricity', 'Electricity in hall test436', 2, true, 436);
INSERT INTO Meter_reading(value, date, paid, meter_id)
        VALUES (21, '2012-1-11', false, 872);
INSERT INTO Meter_reading(value, date, paid, meter_id)
        VALUES (23, '2012-1-13', false, 872);
INSERT INTO Meter_reading(value, date, paid, meter_id)
        VALUES (24, '2012-1-15', false, 872);
INSERT INTO Meter_reading(value, date, paid, meter_id)
        VALUES (25, '2012-1-16', false, 872);
INSERT INTO Meter_reading(value, date, paid, meter_id)
        VALUES (27, '2012-1-24', false, 872);
INSERT INTO Meter_reading(value, date, paid, meter_id)
        VALUES (29, '2012-2-6', false, 872);
INSERT INTO Meter_reading(value, date, paid, meter_id)
        VALUES (30, '2012-2-10', false, 872);
INSERT INTO Meter_reading(value, date, paid, meter_id)
        VALUES (33, '2012-2-21', false, 872);
INSERT INTO Meter_reading(value, date, paid, meter_id)
        VALUES (37, '2012-3-5', false, 872);
INSERT INTO Meter_reading(value, date, paid, meter_id)
        VALUES (56, '2012-1-9', false, 873);
INSERT INTO Meter_reading(value, date, paid, meter_id)
        VALUES (106, '2012-1-21', false, 873);
INSERT INTO Meter_reading(value, date, paid, meter_id)
        VALUES (126, '2012-2-5', false, 873);
INSERT INTO Meter_reading(value, date, paid, meter_id)
        VALUES (169, '2012-2-14', false, 873);
INSERT INTO Meter_reading(value, date, paid, meter_id)
        VALUES (199, '2012-2-27', false, 873);
INSERT INTO Meter_reading(value, date, paid, meter_id)
        VALUES (205, '2012-3-13', false, 873);
INSERT INTO Meter_reading(value, date, paid, meter_id)
        VALUES (225, '2012-3-20', false, 873);
INSERT INTO Meter_reading(value, date, paid, meter_id)
        VALUES (261, '2012-4-3', false, 873);
INSERT INTO Meter_reading(value, date, paid, meter_id)
        VALUES (283, '2012-4-10', false, 873);
INSERT INTO Meter_reading(value, date, paid, meter_id)
        VALUES (285, '2012-4-17', false, 873);
INSERT INTO Meter_reading(value, date, paid, meter_id)
        VALUES (300, '2012-5-2', false, 873);
INSERT INTO Meter_reading(value, date, paid, meter_id)
        VALUES (321, '2012-5-13', false, 873);
INSERT INTO Meter_reading(value, date, paid, meter_id)
        VALUES (351, '2012-5-17', false, 873);
INSERT INTO Meter_reading(value, date, paid, meter_id)
        VALUES (388, '2012-5-26', false, 873);
INSERT INTO person(person_id, name, surname, paternal_name, registration_date, email, password_hash, is_admin) 
    VALUES (437, 'test437', 'test437', '', '01/01/2012', 'test437', '098f6bcd4621d373cade4e832627b4f6', false);
INSERT INTO dweller VALUES (437);
INSERT INTO flat(flat_id, area, flat_number, balance, cladr_id, building_id)
    VALUES (437, 263, 437, 0, 1, 1);
INSERT INTO dweller_lives_in_flat(person_id, flat_id)
    VALUES (437, 437);
INSERT INTO meter(meter_id, installation_date, type, title, meter_unit_id, active, flat_id)
    VALUES (874, '01/01/2012', 'Water', 'Cold water in kitchen test437', 1, true, 437);
INSERT INTO meter(meter_id, installation_date, type, title, meter_unit_id, active, flat_id)
    VALUES (875, '01/01/2012', 'Electricity', 'Electricity in hall test437', 2, true, 437);
INSERT INTO Meter_reading(value, date, paid, meter_id)
        VALUES (180, '2012-1-11', false, 874);
INSERT INTO Meter_reading(value, date, paid, meter_id)
        VALUES (197, '2012-1-13', false, 874);
INSERT INTO Meter_reading(value, date, paid, meter_id)
        VALUES (215, '2012-1-25', false, 874);
INSERT INTO Meter_reading(value, date, paid, meter_id)
        VALUES (233, '2012-2-6', false, 874);
INSERT INTO Meter_reading(value, date, paid, meter_id)
        VALUES (242, '2012-2-7', false, 874);
INSERT INTO Meter_reading(value, date, paid, meter_id)
        VALUES (258, '2012-2-18', false, 874);
INSERT INTO Meter_reading(value, date, paid, meter_id)
        VALUES (268, '2012-3-3', false, 874);
INSERT INTO Meter_reading(value, date, paid, meter_id)
        VALUES (274, '2012-3-16', false, 874);
INSERT INTO Meter_reading(value, date, paid, meter_id)
        VALUES (280, '2012-3-18', false, 874);
INSERT INTO Meter_reading(value, date, paid, meter_id)
        VALUES (282, '2012-4-1', false, 874);
INSERT INTO Meter_reading(value, date, paid, meter_id)
        VALUES (291, '2012-4-4', false, 874);
INSERT INTO Meter_reading(value, date, paid, meter_id)
        VALUES (305, '2012-4-8', false, 874);
INSERT INTO Meter_reading(value, date, paid, meter_id)
        VALUES (323, '2012-4-19', false, 874);
INSERT INTO Meter_reading(value, date, paid, meter_id)
        VALUES (136, '2012-1-6', false, 875);
INSERT INTO Meter_reading(value, date, paid, meter_id)
        VALUES (160, '2012-1-16', false, 875);
INSERT INTO Meter_reading(value, date, paid, meter_id)
        VALUES (185, '2012-1-17', false, 875);
INSERT INTO Meter_reading(value, date, paid, meter_id)
        VALUES (208, '2012-1-20', false, 875);
INSERT INTO Meter_reading(value, date, paid, meter_id)
        VALUES (213, '2012-2-1', false, 875);
INSERT INTO Meter_reading(value, date, paid, meter_id)
        VALUES (220, '2012-2-15', false, 875);
INSERT INTO Meter_reading(value, date, paid, meter_id)
        VALUES (232, '2012-2-20', false, 875);
INSERT INTO Meter_reading(value, date, paid, meter_id)
        VALUES (254, '2012-3-1', false, 875);
INSERT INTO Meter_reading(value, date, paid, meter_id)
        VALUES (283, '2012-3-6', false, 875);
INSERT INTO Meter_reading(value, date, paid, meter_id)
        VALUES (309, '2012-3-15', false, 875);
INSERT INTO Meter_reading(value, date, paid, meter_id)
        VALUES (318, '2012-3-20', false, 875);
INSERT INTO Meter_reading(value, date, paid, meter_id)
        VALUES (324, '2012-3-22', false, 875);
INSERT INTO Meter_reading(value, date, paid, meter_id)
        VALUES (326, '2012-4-7', false, 875);
INSERT INTO person(person_id, name, surname, paternal_name, registration_date, email, password_hash, is_admin) 
    VALUES (438, 'test438', 'test438', '', '01/01/2012', 'test438', '098f6bcd4621d373cade4e832627b4f6', false);
INSERT INTO dweller VALUES (438);
INSERT INTO flat(flat_id, area, flat_number, balance, cladr_id, building_id)
    VALUES (438, 251, 438, 0, 1, 1);
INSERT INTO dweller_lives_in_flat(person_id, flat_id)
    VALUES (438, 438);
INSERT INTO meter(meter_id, installation_date, type, title, meter_unit_id, active, flat_id)
    VALUES (876, '01/01/2012', 'Water', 'Cold water in kitchen test438', 1, true, 438);
INSERT INTO meter(meter_id, installation_date, type, title, meter_unit_id, active, flat_id)
    VALUES (877, '01/01/2012', 'Electricity', 'Electricity in hall test438', 2, true, 438);
INSERT INTO Meter_reading(value, date, paid, meter_id)
        VALUES (244, '2012-1-8', false, 876);
INSERT INTO Meter_reading(value, date, paid, meter_id)
        VALUES (265, '2012-1-17', false, 876);
INSERT INTO Meter_reading(value, date, paid, meter_id)
        VALUES (276, '2012-1-22', false, 876);
INSERT INTO Meter_reading(value, date, paid, meter_id)
        VALUES (332, '2012-2-7', false, 876);
INSERT INTO Meter_reading(value, date, paid, meter_id)
        VALUES (408, '2012-2-12', false, 876);
INSERT INTO Meter_reading(value, date, paid, meter_id)
        VALUES (448, '2012-2-15', false, 876);
INSERT INTO Meter_reading(value, date, paid, meter_id)
        VALUES (451, '2012-2-22', false, 876);
INSERT INTO Meter_reading(value, date, paid, meter_id)
        VALUES (473, '2012-2-24', false, 876);
INSERT INTO Meter_reading(value, date, paid, meter_id)
        VALUES (491, '2012-2-25', false, 876);
INSERT INTO Meter_reading(value, date, paid, meter_id)
        VALUES (109, '2012-1-9', false, 877);
INSERT INTO Meter_reading(value, date, paid, meter_id)
        VALUES (112, '2012-1-11', false, 877);
INSERT INTO Meter_reading(value, date, paid, meter_id)
        VALUES (123, '2012-1-22', false, 877);
INSERT INTO Meter_reading(value, date, paid, meter_id)
        VALUES (148, '2012-1-24', false, 877);
INSERT INTO Meter_reading(value, date, paid, meter_id)
        VALUES (163, '2012-2-5', false, 877);
INSERT INTO Meter_reading(value, date, paid, meter_id)
        VALUES (180, '2012-2-18', false, 877);
INSERT INTO person(person_id, name, surname, paternal_name, registration_date, email, password_hash, is_admin) 
    VALUES (439, 'test439', 'test439', '', '01/01/2012', 'test439', '098f6bcd4621d373cade4e832627b4f6', false);
INSERT INTO dweller VALUES (439);
INSERT INTO flat(flat_id, area, flat_number, balance, cladr_id, building_id)
    VALUES (439, 95, 439, 0, 1, 1);
INSERT INTO dweller_lives_in_flat(person_id, flat_id)
    VALUES (439, 439);
INSERT INTO meter(meter_id, installation_date, type, title, meter_unit_id, active, flat_id)
    VALUES (878, '01/01/2012', 'Water', 'Cold water in kitchen test439', 1, true, 439);
INSERT INTO meter(meter_id, installation_date, type, title, meter_unit_id, active, flat_id)
    VALUES (879, '01/01/2012', 'Electricity', 'Electricity in hall test439', 2, true, 439);
INSERT INTO Meter_reading(value, date, paid, meter_id)
        VALUES (60, '2012-1-10', false, 878);
INSERT INTO Meter_reading(value, date, paid, meter_id)
        VALUES (93, '2012-1-16', false, 878);
INSERT INTO Meter_reading(value, date, paid, meter_id)
        VALUES (145, '2012-1-21', false, 878);
INSERT INTO Meter_reading(value, date, paid, meter_id)
        VALUES (201, '2012-1-24', false, 878);
INSERT INTO Meter_reading(value, date, paid, meter_id)
        VALUES (237, '2012-2-6', false, 878);
INSERT INTO Meter_reading(value, date, paid, meter_id)
        VALUES (283, '2012-2-11', false, 878);
INSERT INTO Meter_reading(value, date, paid, meter_id)
        VALUES (301, '2012-2-12', false, 878);
INSERT INTO Meter_reading(value, date, paid, meter_id)
        VALUES (314, '2012-2-16', false, 878);
INSERT INTO Meter_reading(value, date, paid, meter_id)
        VALUES (9, '2012-1-4', false, 879);
INSERT INTO Meter_reading(value, date, paid, meter_id)
        VALUES (13, '2012-1-14', false, 879);
INSERT INTO Meter_reading(value, date, paid, meter_id)
        VALUES (16, '2012-1-27', false, 879);
INSERT INTO Meter_reading(value, date, paid, meter_id)
        VALUES (18, '2012-2-12', false, 879);
INSERT INTO Meter_reading(value, date, paid, meter_id)
        VALUES (28, '2012-2-18', false, 879);
INSERT INTO Meter_reading(value, date, paid, meter_id)
        VALUES (31, '2012-3-1', false, 879);
INSERT INTO Meter_reading(value, date, paid, meter_id)
        VALUES (40, '2012-3-4', false, 879);
INSERT INTO Meter_reading(value, date, paid, meter_id)
        VALUES (52, '2012-3-18', false, 879);
INSERT INTO Meter_reading(value, date, paid, meter_id)
        VALUES (58, '2012-4-1', false, 879);
INSERT INTO Meter_reading(value, date, paid, meter_id)
        VALUES (62, '2012-4-15', false, 879);
INSERT INTO Meter_reading(value, date, paid, meter_id)
        VALUES (68, '2012-4-18', false, 879);
INSERT INTO Meter_reading(value, date, paid, meter_id)
        VALUES (79, '2012-5-5', false, 879);
INSERT INTO Meter_reading(value, date, paid, meter_id)
        VALUES (90, '2012-5-8', false, 879);
INSERT INTO Meter_reading(value, date, paid, meter_id)
        VALUES (93, '2012-5-22', false, 879);
INSERT INTO person(person_id, name, surname, paternal_name, registration_date, email, password_hash, is_admin) 
    VALUES (440, 'test440', 'test440', '', '01/01/2012', 'test440', '098f6bcd4621d373cade4e832627b4f6', false);
INSERT INTO dweller VALUES (440);
INSERT INTO flat(flat_id, area, flat_number, balance, cladr_id, building_id)
    VALUES (440, 185, 440, 0, 1, 1);
INSERT INTO dweller_lives_in_flat(person_id, flat_id)
    VALUES (440, 440);
INSERT INTO meter(meter_id, installation_date, type, title, meter_unit_id, active, flat_id)
    VALUES (880, '01/01/2012', 'Water', 'Cold water in kitchen test440', 1, true, 440);
INSERT INTO meter(meter_id, installation_date, type, title, meter_unit_id, active, flat_id)
    VALUES (881, '01/01/2012', 'Electricity', 'Electricity in hall test440', 2, true, 440);
INSERT INTO Meter_reading(value, date, paid, meter_id)
        VALUES (213, '2012-1-15', false, 880);
INSERT INTO Meter_reading(value, date, paid, meter_id)
        VALUES (225, '2012-1-27', false, 880);
INSERT INTO Meter_reading(value, date, paid, meter_id)
        VALUES (230, '2012-2-6', false, 880);
INSERT INTO Meter_reading(value, date, paid, meter_id)
        VALUES (259, '2012-2-9', false, 880);
INSERT INTO Meter_reading(value, date, paid, meter_id)
        VALUES (269, '2012-2-21', false, 880);
INSERT INTO Meter_reading(value, date, paid, meter_id)
        VALUES (298, '2012-2-25', false, 880);
INSERT INTO Meter_reading(value, date, paid, meter_id)
        VALUES (320, '2012-3-2', false, 880);
INSERT INTO Meter_reading(value, date, paid, meter_id)
        VALUES (328, '2012-3-15', false, 880);
INSERT INTO Meter_reading(value, date, paid, meter_id)
        VALUES (331, '2012-3-25', false, 880);
INSERT INTO Meter_reading(value, date, paid, meter_id)
        VALUES (332, '2012-4-12', false, 880);
INSERT INTO Meter_reading(value, date, paid, meter_id)
        VALUES (346, '2012-4-13', false, 880);
INSERT INTO Meter_reading(value, date, paid, meter_id)
        VALUES (347, '2012-4-27', false, 880);
INSERT INTO Meter_reading(value, date, paid, meter_id)
        VALUES (357, '2012-5-1', false, 880);
INSERT INTO Meter_reading(value, date, paid, meter_id)
        VALUES (371, '2012-5-3', false, 880);
INSERT INTO Meter_reading(value, date, paid, meter_id)
        VALUES (191, '2012-1-4', false, 881);
INSERT INTO Meter_reading(value, date, paid, meter_id)
        VALUES (195, '2012-1-13', false, 881);
INSERT INTO Meter_reading(value, date, paid, meter_id)
        VALUES (200, '2012-1-22', false, 881);
INSERT INTO Meter_reading(value, date, paid, meter_id)
        VALUES (207, '2012-2-2', false, 881);
INSERT INTO Meter_reading(value, date, paid, meter_id)
        VALUES (211, '2012-2-9', false, 881);
INSERT INTO Meter_reading(value, date, paid, meter_id)
        VALUES (212, '2012-2-21', false, 881);
INSERT INTO Meter_reading(value, date, paid, meter_id)
        VALUES (217, '2012-3-1', false, 881);
INSERT INTO Meter_reading(value, date, paid, meter_id)
        VALUES (220, '2012-3-3', false, 881);
INSERT INTO Meter_reading(value, date, paid, meter_id)
        VALUES (226, '2012-3-10', false, 881);
INSERT INTO person(person_id, name, surname, paternal_name, registration_date, email, password_hash, is_admin) 
    VALUES (441, 'test441', 'test441', '', '01/01/2012', 'test441', '098f6bcd4621d373cade4e832627b4f6', false);
INSERT INTO dweller VALUES (441);
INSERT INTO flat(flat_id, area, flat_number, balance, cladr_id, building_id)
    VALUES (441, 218, 441, 0, 1, 1);
INSERT INTO dweller_lives_in_flat(person_id, flat_id)
    VALUES (441, 441);
INSERT INTO meter(meter_id, installation_date, type, title, meter_unit_id, active, flat_id)
    VALUES (882, '01/01/2012', 'Water', 'Cold water in kitchen test441', 1, true, 441);
INSERT INTO meter(meter_id, installation_date, type, title, meter_unit_id, active, flat_id)
    VALUES (883, '01/01/2012', 'Electricity', 'Electricity in hall test441', 2, true, 441);
INSERT INTO Meter_reading(value, date, paid, meter_id)
        VALUES (164, '2012-1-9', false, 882);
INSERT INTO Meter_reading(value, date, paid, meter_id)
        VALUES (191, '2012-1-23', false, 882);
INSERT INTO Meter_reading(value, date, paid, meter_id)
        VALUES (204, '2012-2-5', false, 882);
INSERT INTO Meter_reading(value, date, paid, meter_id)
        VALUES (233, '2012-2-10', false, 882);
INSERT INTO Meter_reading(value, date, paid, meter_id)
        VALUES (259, '2012-2-21', false, 882);
INSERT INTO Meter_reading(value, date, paid, meter_id)
        VALUES (262, '2012-3-8', false, 882);
INSERT INTO Meter_reading(value, date, paid, meter_id)
        VALUES (289, '2012-3-9', false, 882);
INSERT INTO Meter_reading(value, date, paid, meter_id)
        VALUES (313, '2012-3-16', false, 882);
INSERT INTO Meter_reading(value, date, paid, meter_id)
        VALUES (328, '2012-3-26', false, 882);
INSERT INTO Meter_reading(value, date, paid, meter_id)
        VALUES (235, '2012-1-6', false, 883);
INSERT INTO Meter_reading(value, date, paid, meter_id)
        VALUES (260, '2012-1-15', false, 883);
INSERT INTO Meter_reading(value, date, paid, meter_id)
        VALUES (263, '2012-1-23', false, 883);
INSERT INTO Meter_reading(value, date, paid, meter_id)
        VALUES (281, '2012-2-7', false, 883);
INSERT INTO Meter_reading(value, date, paid, meter_id)
        VALUES (292, '2012-2-8', false, 883);
INSERT INTO Meter_reading(value, date, paid, meter_id)
        VALUES (311, '2012-2-22', false, 883);
INSERT INTO Meter_reading(value, date, paid, meter_id)
        VALUES (316, '2012-3-2', false, 883);
INSERT INTO person(person_id, name, surname, paternal_name, registration_date, email, password_hash, is_admin) 
    VALUES (442, 'test442', 'test442', '', '01/01/2012', 'test442', '098f6bcd4621d373cade4e832627b4f6', false);
INSERT INTO dweller VALUES (442);
INSERT INTO flat(flat_id, area, flat_number, balance, cladr_id, building_id)
    VALUES (442, 205, 442, 0, 1, 1);
INSERT INTO dweller_lives_in_flat(person_id, flat_id)
    VALUES (442, 442);
INSERT INTO meter(meter_id, installation_date, type, title, meter_unit_id, active, flat_id)
    VALUES (884, '01/01/2012', 'Water', 'Cold water in kitchen test442', 1, true, 442);
INSERT INTO meter(meter_id, installation_date, type, title, meter_unit_id, active, flat_id)
    VALUES (885, '01/01/2012', 'Electricity', 'Electricity in hall test442', 2, true, 442);
INSERT INTO Meter_reading(value, date, paid, meter_id)
        VALUES (40, '2012-1-7', false, 884);
INSERT INTO Meter_reading(value, date, paid, meter_id)
        VALUES (55, '2012-1-21', false, 884);
INSERT INTO Meter_reading(value, date, paid, meter_id)
        VALUES (66, '2012-1-23', false, 884);
INSERT INTO Meter_reading(value, date, paid, meter_id)
        VALUES (86, '2012-2-5', false, 884);
INSERT INTO Meter_reading(value, date, paid, meter_id)
        VALUES (94, '2012-2-19', false, 884);
INSERT INTO Meter_reading(value, date, paid, meter_id)
        VALUES (114, '2012-3-5', false, 884);
INSERT INTO Meter_reading(value, date, paid, meter_id)
        VALUES (252, '2012-1-3', false, 885);
INSERT INTO Meter_reading(value, date, paid, meter_id)
        VALUES (275, '2012-1-7', false, 885);
INSERT INTO Meter_reading(value, date, paid, meter_id)
        VALUES (299, '2012-1-19', false, 885);
INSERT INTO Meter_reading(value, date, paid, meter_id)
        VALUES (326, '2012-2-2', false, 885);
INSERT INTO Meter_reading(value, date, paid, meter_id)
        VALUES (342, '2012-2-7', false, 885);
INSERT INTO Meter_reading(value, date, paid, meter_id)
        VALUES (350, '2012-2-19', false, 885);
INSERT INTO Meter_reading(value, date, paid, meter_id)
        VALUES (362, '2012-2-25', false, 885);
INSERT INTO Meter_reading(value, date, paid, meter_id)
        VALUES (374, '2012-3-8', false, 885);
INSERT INTO Meter_reading(value, date, paid, meter_id)
        VALUES (394, '2012-3-14', false, 885);
INSERT INTO Meter_reading(value, date, paid, meter_id)
        VALUES (409, '2012-3-15', false, 885);
INSERT INTO Meter_reading(value, date, paid, meter_id)
        VALUES (417, '2012-3-19', false, 885);
INSERT INTO Meter_reading(value, date, paid, meter_id)
        VALUES (443, '2012-4-4', false, 885);
INSERT INTO Meter_reading(value, date, paid, meter_id)
        VALUES (450, '2012-4-9', false, 885);
INSERT INTO person(person_id, name, surname, paternal_name, registration_date, email, password_hash, is_admin) 
    VALUES (443, 'test443', 'test443', '', '01/01/2012', 'test443', '098f6bcd4621d373cade4e832627b4f6', false);
INSERT INTO dweller VALUES (443);
INSERT INTO flat(flat_id, area, flat_number, balance, cladr_id, building_id)
    VALUES (443, 315, 443, 0, 1, 1);
INSERT INTO dweller_lives_in_flat(person_id, flat_id)
    VALUES (443, 443);
INSERT INTO meter(meter_id, installation_date, type, title, meter_unit_id, active, flat_id)
    VALUES (886, '01/01/2012', 'Water', 'Cold water in kitchen test443', 1, true, 443);
INSERT INTO meter(meter_id, installation_date, type, title, meter_unit_id, active, flat_id)
    VALUES (887, '01/01/2012', 'Electricity', 'Electricity in hall test443', 2, true, 443);
INSERT INTO Meter_reading(value, date, paid, meter_id)
        VALUES (104, '2012-1-11', false, 886);
INSERT INTO Meter_reading(value, date, paid, meter_id)
        VALUES (121, '2012-1-18', false, 886);
INSERT INTO Meter_reading(value, date, paid, meter_id)
        VALUES (136, '2012-2-1', false, 886);
INSERT INTO Meter_reading(value, date, paid, meter_id)
        VALUES (146, '2012-2-6', false, 886);
INSERT INTO Meter_reading(value, date, paid, meter_id)
        VALUES (161, '2012-2-20', false, 886);
INSERT INTO Meter_reading(value, date, paid, meter_id)
        VALUES (180, '2012-3-7', false, 886);
INSERT INTO Meter_reading(value, date, paid, meter_id)
        VALUES (293, '2012-1-12', false, 887);
INSERT INTO Meter_reading(value, date, paid, meter_id)
        VALUES (300, '2012-1-26', false, 887);
INSERT INTO Meter_reading(value, date, paid, meter_id)
        VALUES (326, '2012-2-8', false, 887);
INSERT INTO Meter_reading(value, date, paid, meter_id)
        VALUES (347, '2012-2-17', false, 887);
INSERT INTO Meter_reading(value, date, paid, meter_id)
        VALUES (362, '2012-2-20', false, 887);
INSERT INTO Meter_reading(value, date, paid, meter_id)
        VALUES (391, '2012-2-24', false, 887);
INSERT INTO Meter_reading(value, date, paid, meter_id)
        VALUES (393, '2012-2-27', false, 887);
INSERT INTO person(person_id, name, surname, paternal_name, registration_date, email, password_hash, is_admin) 
    VALUES (444, 'test444', 'test444', '', '01/01/2012', 'test444', '098f6bcd4621d373cade4e832627b4f6', false);
INSERT INTO dweller VALUES (444);
INSERT INTO flat(flat_id, area, flat_number, balance, cladr_id, building_id)
    VALUES (444, 172, 444, 0, 1, 1);
INSERT INTO dweller_lives_in_flat(person_id, flat_id)
    VALUES (444, 444);
INSERT INTO meter(meter_id, installation_date, type, title, meter_unit_id, active, flat_id)
    VALUES (888, '01/01/2012', 'Water', 'Cold water in kitchen test444', 1, true, 444);
INSERT INTO meter(meter_id, installation_date, type, title, meter_unit_id, active, flat_id)
    VALUES (889, '01/01/2012', 'Electricity', 'Electricity in hall test444', 2, true, 444);
INSERT INTO Meter_reading(value, date, paid, meter_id)
        VALUES (98, '2012-1-6', false, 888);
INSERT INTO Meter_reading(value, date, paid, meter_id)
        VALUES (104, '2012-1-10', false, 888);
INSERT INTO Meter_reading(value, date, paid, meter_id)
        VALUES (127, '2012-1-24', false, 888);
INSERT INTO Meter_reading(value, date, paid, meter_id)
        VALUES (131, '2012-2-5', false, 888);
INSERT INTO Meter_reading(value, date, paid, meter_id)
        VALUES (154, '2012-2-9', false, 888);
INSERT INTO Meter_reading(value, date, paid, meter_id)
        VALUES (163, '2012-2-14', false, 888);
INSERT INTO Meter_reading(value, date, paid, meter_id)
        VALUES (188, '2012-2-22', false, 888);
INSERT INTO Meter_reading(value, date, paid, meter_id)
        VALUES (194, '2012-3-8', false, 888);
INSERT INTO Meter_reading(value, date, paid, meter_id)
        VALUES (205, '2012-3-16', false, 888);
INSERT INTO Meter_reading(value, date, paid, meter_id)
        VALUES (160, '2012-1-12', false, 889);
INSERT INTO Meter_reading(value, date, paid, meter_id)
        VALUES (230, '2012-1-18', false, 889);
INSERT INTO Meter_reading(value, date, paid, meter_id)
        VALUES (264, '2012-1-22', false, 889);
INSERT INTO Meter_reading(value, date, paid, meter_id)
        VALUES (342, '2012-2-2', false, 889);
INSERT INTO Meter_reading(value, date, paid, meter_id)
        VALUES (412, '2012-2-9', false, 889);
INSERT INTO Meter_reading(value, date, paid, meter_id)
        VALUES (465, '2012-2-21', false, 889);
INSERT INTO Meter_reading(value, date, paid, meter_id)
        VALUES (507, '2012-3-4', false, 889);
INSERT INTO Meter_reading(value, date, paid, meter_id)
        VALUES (521, '2012-3-7', false, 889);
INSERT INTO Meter_reading(value, date, paid, meter_id)
        VALUES (561, '2012-3-17', false, 889);
INSERT INTO person(person_id, name, surname, paternal_name, registration_date, email, password_hash, is_admin) 
    VALUES (445, 'test445', 'test445', '', '01/01/2012', 'test445', '098f6bcd4621d373cade4e832627b4f6', false);
INSERT INTO dweller VALUES (445);
INSERT INTO flat(flat_id, area, flat_number, balance, cladr_id, building_id)
    VALUES (445, 234, 445, 0, 1, 1);
INSERT INTO dweller_lives_in_flat(person_id, flat_id)
    VALUES (445, 445);
INSERT INTO meter(meter_id, installation_date, type, title, meter_unit_id, active, flat_id)
    VALUES (890, '01/01/2012', 'Water', 'Cold water in kitchen test445', 1, true, 445);
INSERT INTO meter(meter_id, installation_date, type, title, meter_unit_id, active, flat_id)
    VALUES (891, '01/01/2012', 'Electricity', 'Electricity in hall test445', 2, true, 445);
INSERT INTO Meter_reading(value, date, paid, meter_id)
        VALUES (276, '2012-1-4', false, 890);
INSERT INTO Meter_reading(value, date, paid, meter_id)
        VALUES (324, '2012-1-16', false, 890);
INSERT INTO Meter_reading(value, date, paid, meter_id)
        VALUES (333, '2012-1-22', false, 890);
INSERT INTO Meter_reading(value, date, paid, meter_id)
        VALUES (351, '2012-2-1', false, 890);
INSERT INTO Meter_reading(value, date, paid, meter_id)
        VALUES (386, '2012-2-6', false, 890);
INSERT INTO Meter_reading(value, date, paid, meter_id)
        VALUES (415, '2012-2-20', false, 890);
INSERT INTO Meter_reading(value, date, paid, meter_id)
        VALUES (423, '2012-2-24', false, 890);
INSERT INTO Meter_reading(value, date, paid, meter_id)
        VALUES (263, '2012-1-13', false, 891);
INSERT INTO Meter_reading(value, date, paid, meter_id)
        VALUES (292, '2012-1-24', false, 891);
INSERT INTO Meter_reading(value, date, paid, meter_id)
        VALUES (307, '2012-2-2', false, 891);
INSERT INTO Meter_reading(value, date, paid, meter_id)
        VALUES (361, '2012-2-3', false, 891);
INSERT INTO Meter_reading(value, date, paid, meter_id)
        VALUES (401, '2012-2-8', false, 891);
INSERT INTO Meter_reading(value, date, paid, meter_id)
        VALUES (454, '2012-2-16', false, 891);
INSERT INTO Meter_reading(value, date, paid, meter_id)
        VALUES (458, '2012-2-17', false, 891);
INSERT INTO Meter_reading(value, date, paid, meter_id)
        VALUES (479, '2012-2-26', false, 891);
INSERT INTO Meter_reading(value, date, paid, meter_id)
        VALUES (523, '2012-3-13', false, 891);
INSERT INTO Meter_reading(value, date, paid, meter_id)
        VALUES (573, '2012-3-25', false, 891);
INSERT INTO Meter_reading(value, date, paid, meter_id)
        VALUES (621, '2012-4-10', false, 891);
INSERT INTO person(person_id, name, surname, paternal_name, registration_date, email, password_hash, is_admin) 
    VALUES (446, 'test446', 'test446', '', '01/01/2012', 'test446', '098f6bcd4621d373cade4e832627b4f6', false);
INSERT INTO dweller VALUES (446);
INSERT INTO flat(flat_id, area, flat_number, balance, cladr_id, building_id)
    VALUES (446, 242, 446, 0, 1, 1);
INSERT INTO dweller_lives_in_flat(person_id, flat_id)
    VALUES (446, 446);
INSERT INTO meter(meter_id, installation_date, type, title, meter_unit_id, active, flat_id)
    VALUES (892, '01/01/2012', 'Water', 'Cold water in kitchen test446', 1, true, 446);
INSERT INTO meter(meter_id, installation_date, type, title, meter_unit_id, active, flat_id)
    VALUES (893, '01/01/2012', 'Electricity', 'Electricity in hall test446', 2, true, 446);
INSERT INTO Meter_reading(value, date, paid, meter_id)
        VALUES (260, '2012-1-4', false, 892);
INSERT INTO Meter_reading(value, date, paid, meter_id)
        VALUES (288, '2012-1-6', false, 892);
INSERT INTO Meter_reading(value, date, paid, meter_id)
        VALUES (311, '2012-1-16', false, 892);
INSERT INTO Meter_reading(value, date, paid, meter_id)
        VALUES (313, '2012-2-2', false, 892);
INSERT INTO Meter_reading(value, date, paid, meter_id)
        VALUES (328, '2012-2-8', false, 892);
INSERT INTO Meter_reading(value, date, paid, meter_id)
        VALUES (356, '2012-2-16', false, 892);
INSERT INTO Meter_reading(value, date, paid, meter_id)
        VALUES (380, '2012-2-17', false, 892);
INSERT INTO Meter_reading(value, date, paid, meter_id)
        VALUES (408, '2012-2-18', false, 892);
INSERT INTO Meter_reading(value, date, paid, meter_id)
        VALUES (429, '2012-2-23', false, 892);
INSERT INTO Meter_reading(value, date, paid, meter_id)
        VALUES (457, '2012-2-24', false, 892);
INSERT INTO Meter_reading(value, date, paid, meter_id)
        VALUES (459, '2012-3-2', false, 892);
INSERT INTO Meter_reading(value, date, paid, meter_id)
        VALUES (461, '2012-3-9', false, 892);
INSERT INTO Meter_reading(value, date, paid, meter_id)
        VALUES (489, '2012-3-14', false, 892);
INSERT INTO Meter_reading(value, date, paid, meter_id)
        VALUES (269, '2012-1-3', false, 893);
INSERT INTO Meter_reading(value, date, paid, meter_id)
        VALUES (285, '2012-1-6', false, 893);
INSERT INTO Meter_reading(value, date, paid, meter_id)
        VALUES (307, '2012-1-9', false, 893);
INSERT INTO Meter_reading(value, date, paid, meter_id)
        VALUES (323, '2012-1-13', false, 893);
INSERT INTO Meter_reading(value, date, paid, meter_id)
        VALUES (325, '2012-1-26', false, 893);
INSERT INTO Meter_reading(value, date, paid, meter_id)
        VALUES (346, '2012-2-2', false, 893);
INSERT INTO Meter_reading(value, date, paid, meter_id)
        VALUES (366, '2012-2-14', false, 893);
INSERT INTO Meter_reading(value, date, paid, meter_id)
        VALUES (394, '2012-2-24', false, 893);
INSERT INTO Meter_reading(value, date, paid, meter_id)
        VALUES (412, '2012-3-1', false, 893);
INSERT INTO Meter_reading(value, date, paid, meter_id)
        VALUES (441, '2012-3-6', false, 893);
INSERT INTO Meter_reading(value, date, paid, meter_id)
        VALUES (449, '2012-3-10', false, 893);
INSERT INTO Meter_reading(value, date, paid, meter_id)
        VALUES (452, '2012-3-17', false, 893);
INSERT INTO Meter_reading(value, date, paid, meter_id)
        VALUES (481, '2012-3-20', false, 893);
INSERT INTO person(person_id, name, surname, paternal_name, registration_date, email, password_hash, is_admin) 
    VALUES (447, 'test447', 'test447', '', '01/01/2012', 'test447', '098f6bcd4621d373cade4e832627b4f6', false);
INSERT INTO dweller VALUES (447);
INSERT INTO flat(flat_id, area, flat_number, balance, cladr_id, building_id)
    VALUES (447, 129, 447, 0, 1, 1);
INSERT INTO dweller_lives_in_flat(person_id, flat_id)
    VALUES (447, 447);
INSERT INTO meter(meter_id, installation_date, type, title, meter_unit_id, active, flat_id)
    VALUES (894, '01/01/2012', 'Water', 'Cold water in kitchen test447', 1, true, 447);
INSERT INTO meter(meter_id, installation_date, type, title, meter_unit_id, active, flat_id)
    VALUES (895, '01/01/2012', 'Electricity', 'Electricity in hall test447', 2, true, 447);
INSERT INTO Meter_reading(value, date, paid, meter_id)
        VALUES (201, '2012-1-4', false, 894);
INSERT INTO Meter_reading(value, date, paid, meter_id)
        VALUES (215, '2012-1-7', false, 894);
INSERT INTO Meter_reading(value, date, paid, meter_id)
        VALUES (234, '2012-1-21', false, 894);
INSERT INTO Meter_reading(value, date, paid, meter_id)
        VALUES (261, '2012-2-4', false, 894);
INSERT INTO Meter_reading(value, date, paid, meter_id)
        VALUES (268, '2012-2-11', false, 894);
INSERT INTO Meter_reading(value, date, paid, meter_id)
        VALUES (289, '2012-2-20', false, 894);
INSERT INTO Meter_reading(value, date, paid, meter_id)
        VALUES (299, '2012-3-5', false, 894);
INSERT INTO Meter_reading(value, date, paid, meter_id)
        VALUES (328, '2012-3-8', false, 894);
INSERT INTO Meter_reading(value, date, paid, meter_id)
        VALUES (341, '2012-3-22', false, 894);
INSERT INTO Meter_reading(value, date, paid, meter_id)
        VALUES (358, '2012-3-23', false, 894);
INSERT INTO Meter_reading(value, date, paid, meter_id)
        VALUES (102, '2012-1-12', false, 895);
INSERT INTO Meter_reading(value, date, paid, meter_id)
        VALUES (130, '2012-1-13', false, 895);
INSERT INTO Meter_reading(value, date, paid, meter_id)
        VALUES (133, '2012-1-23', false, 895);
INSERT INTO Meter_reading(value, date, paid, meter_id)
        VALUES (156, '2012-2-3', false, 895);
INSERT INTO Meter_reading(value, date, paid, meter_id)
        VALUES (178, '2012-2-11', false, 895);
INSERT INTO Meter_reading(value, date, paid, meter_id)
        VALUES (200, '2012-2-14', false, 895);
INSERT INTO person(person_id, name, surname, paternal_name, registration_date, email, password_hash, is_admin) 
    VALUES (448, 'test448', 'test448', '', '01/01/2012', 'test448', '098f6bcd4621d373cade4e832627b4f6', false);
INSERT INTO dweller VALUES (448);
INSERT INTO flat(flat_id, area, flat_number, balance, cladr_id, building_id)
    VALUES (448, 188, 448, 0, 1, 1);
INSERT INTO dweller_lives_in_flat(person_id, flat_id)
    VALUES (448, 448);
INSERT INTO meter(meter_id, installation_date, type, title, meter_unit_id, active, flat_id)
    VALUES (896, '01/01/2012', 'Water', 'Cold water in kitchen test448', 1, true, 448);
INSERT INTO meter(meter_id, installation_date, type, title, meter_unit_id, active, flat_id)
    VALUES (897, '01/01/2012', 'Electricity', 'Electricity in hall test448', 2, true, 448);
INSERT INTO Meter_reading(value, date, paid, meter_id)
        VALUES (101, '2012-1-11', false, 896);
INSERT INTO Meter_reading(value, date, paid, meter_id)
        VALUES (124, '2012-1-15', false, 896);
INSERT INTO Meter_reading(value, date, paid, meter_id)
        VALUES (148, '2012-2-1', false, 896);
INSERT INTO Meter_reading(value, date, paid, meter_id)
        VALUES (174, '2012-2-4', false, 896);
INSERT INTO Meter_reading(value, date, paid, meter_id)
        VALUES (179, '2012-2-13', false, 896);
INSERT INTO Meter_reading(value, date, paid, meter_id)
        VALUES (204, '2012-2-23', false, 896);
INSERT INTO Meter_reading(value, date, paid, meter_id)
        VALUES (232, '2012-2-25', false, 896);
INSERT INTO Meter_reading(value, date, paid, meter_id)
        VALUES (96, '2012-1-12', false, 897);
INSERT INTO Meter_reading(value, date, paid, meter_id)
        VALUES (124, '2012-1-16', false, 897);
INSERT INTO Meter_reading(value, date, paid, meter_id)
        VALUES (144, '2012-1-19', false, 897);
INSERT INTO Meter_reading(value, date, paid, meter_id)
        VALUES (197, '2012-1-22', false, 897);
INSERT INTO Meter_reading(value, date, paid, meter_id)
        VALUES (259, '2012-1-24', false, 897);
INSERT INTO Meter_reading(value, date, paid, meter_id)
        VALUES (277, '2012-2-6', false, 897);
INSERT INTO person(person_id, name, surname, paternal_name, registration_date, email, password_hash, is_admin) 
    VALUES (449, 'test449', 'test449', '', '01/01/2012', 'test449', '098f6bcd4621d373cade4e832627b4f6', false);
INSERT INTO dweller VALUES (449);
INSERT INTO flat(flat_id, area, flat_number, balance, cladr_id, building_id)
    VALUES (449, 125, 449, 0, 1, 1);
INSERT INTO dweller_lives_in_flat(person_id, flat_id)
    VALUES (449, 449);
INSERT INTO meter(meter_id, installation_date, type, title, meter_unit_id, active, flat_id)
    VALUES (898, '01/01/2012', 'Water', 'Cold water in kitchen test449', 1, true, 449);
INSERT INTO meter(meter_id, installation_date, type, title, meter_unit_id, active, flat_id)
    VALUES (899, '01/01/2012', 'Electricity', 'Electricity in hall test449', 2, true, 449);
INSERT INTO Meter_reading(value, date, paid, meter_id)
        VALUES (57, '2012-1-4', false, 898);
INSERT INTO Meter_reading(value, date, paid, meter_id)
        VALUES (75, '2012-1-14', false, 898);
INSERT INTO Meter_reading(value, date, paid, meter_id)
        VALUES (97, '2012-1-20', false, 898);
INSERT INTO Meter_reading(value, date, paid, meter_id)
        VALUES (122, '2012-2-6', false, 898);
INSERT INTO Meter_reading(value, date, paid, meter_id)
        VALUES (136, '2012-2-8', false, 898);
INSERT INTO Meter_reading(value, date, paid, meter_id)
        VALUES (150, '2012-2-12', false, 898);
INSERT INTO Meter_reading(value, date, paid, meter_id)
        VALUES (177, '2012-2-16', false, 898);
INSERT INTO Meter_reading(value, date, paid, meter_id)
        VALUES (189, '2012-3-1', false, 898);
INSERT INTO Meter_reading(value, date, paid, meter_id)
        VALUES (305, '2012-1-15', false, 899);
INSERT INTO Meter_reading(value, date, paid, meter_id)
        VALUES (333, '2012-1-16', false, 899);
INSERT INTO Meter_reading(value, date, paid, meter_id)
        VALUES (359, '2012-1-17', false, 899);
INSERT INTO Meter_reading(value, date, paid, meter_id)
        VALUES (383, '2012-1-18', false, 899);
INSERT INTO Meter_reading(value, date, paid, meter_id)
        VALUES (393, '2012-2-1', false, 899);
INSERT INTO Meter_reading(value, date, paid, meter_id)
        VALUES (394, '2012-2-9', false, 899);
INSERT INTO Meter_reading(value, date, paid, meter_id)
        VALUES (407, '2012-2-21', false, 899);
INSERT INTO person(person_id, name, surname, paternal_name, registration_date, email, password_hash, is_admin) 
    VALUES (450, 'test450', 'test450', '', '01/01/2012', 'test450', '098f6bcd4621d373cade4e832627b4f6', false);
INSERT INTO dweller VALUES (450);
INSERT INTO flat(flat_id, area, flat_number, balance, cladr_id, building_id)
    VALUES (450, 125, 450, 0, 1, 1);
INSERT INTO dweller_lives_in_flat(person_id, flat_id)
    VALUES (450, 450);
INSERT INTO meter(meter_id, installation_date, type, title, meter_unit_id, active, flat_id)
    VALUES (900, '01/01/2012', 'Water', 'Cold water in kitchen test450', 1, true, 450);
INSERT INTO meter(meter_id, installation_date, type, title, meter_unit_id, active, flat_id)
    VALUES (901, '01/01/2012', 'Electricity', 'Electricity in hall test450', 2, true, 450);
INSERT INTO Meter_reading(value, date, paid, meter_id)
        VALUES (37, '2012-1-16', false, 900);
INSERT INTO Meter_reading(value, date, paid, meter_id)
        VALUES (40, '2012-1-20', false, 900);
INSERT INTO Meter_reading(value, date, paid, meter_id)
        VALUES (54, '2012-1-24', false, 900);
INSERT INTO Meter_reading(value, date, paid, meter_id)
        VALUES (56, '2012-2-4', false, 900);
INSERT INTO Meter_reading(value, date, paid, meter_id)
        VALUES (63, '2012-2-7', false, 900);
INSERT INTO Meter_reading(value, date, paid, meter_id)
        VALUES (81, '2012-2-20', false, 900);
INSERT INTO Meter_reading(value, date, paid, meter_id)
        VALUES (91, '2012-3-3', false, 900);
INSERT INTO Meter_reading(value, date, paid, meter_id)
        VALUES (102, '2012-3-10', false, 900);
INSERT INTO Meter_reading(value, date, paid, meter_id)
        VALUES (116, '2012-3-20', false, 900);
INSERT INTO Meter_reading(value, date, paid, meter_id)
        VALUES (145, '2012-3-21', false, 900);
INSERT INTO Meter_reading(value, date, paid, meter_id)
        VALUES (153, '2012-4-3', false, 900);
INSERT INTO Meter_reading(value, date, paid, meter_id)
        VALUES (170, '2012-4-6', false, 900);
INSERT INTO Meter_reading(value, date, paid, meter_id)
        VALUES (267, '2012-1-8', false, 901);
INSERT INTO Meter_reading(value, date, paid, meter_id)
        VALUES (274, '2012-1-12', false, 901);
INSERT INTO Meter_reading(value, date, paid, meter_id)
        VALUES (276, '2012-1-18', false, 901);
INSERT INTO Meter_reading(value, date, paid, meter_id)
        VALUES (300, '2012-2-4', false, 901);
INSERT INTO Meter_reading(value, date, paid, meter_id)
        VALUES (328, '2012-2-13', false, 901);
INSERT INTO Meter_reading(value, date, paid, meter_id)
        VALUES (349, '2012-2-24', false, 901);
INSERT INTO person(person_id, name, surname, paternal_name, registration_date, email, password_hash, is_admin) 
    VALUES (451, 'test451', 'test451', '', '01/01/2012', 'test451', '098f6bcd4621d373cade4e832627b4f6', false);
INSERT INTO dweller VALUES (451);
INSERT INTO flat(flat_id, area, flat_number, balance, cladr_id, building_id)
    VALUES (451, 171, 451, 0, 1, 1);
INSERT INTO dweller_lives_in_flat(person_id, flat_id)
    VALUES (451, 451);
INSERT INTO meter(meter_id, installation_date, type, title, meter_unit_id, active, flat_id)
    VALUES (902, '01/01/2012', 'Water', 'Cold water in kitchen test451', 1, true, 451);
INSERT INTO meter(meter_id, installation_date, type, title, meter_unit_id, active, flat_id)
    VALUES (903, '01/01/2012', 'Electricity', 'Electricity in hall test451', 2, true, 451);
INSERT INTO Meter_reading(value, date, paid, meter_id)
        VALUES (108, '2012-1-15', false, 902);
INSERT INTO Meter_reading(value, date, paid, meter_id)
        VALUES (128, '2012-1-23', false, 902);
INSERT INTO Meter_reading(value, date, paid, meter_id)
        VALUES (157, '2012-2-7', false, 902);
INSERT INTO Meter_reading(value, date, paid, meter_id)
        VALUES (211, '2012-2-8', false, 902);
INSERT INTO Meter_reading(value, date, paid, meter_id)
        VALUES (287, '2012-2-19', false, 902);
INSERT INTO Meter_reading(value, date, paid, meter_id)
        VALUES (353, '2012-1-10', false, 903);
INSERT INTO Meter_reading(value, date, paid, meter_id)
        VALUES (416, '2012-1-17', false, 903);
INSERT INTO Meter_reading(value, date, paid, meter_id)
        VALUES (486, '2012-1-22', false, 903);
INSERT INTO Meter_reading(value, date, paid, meter_id)
        VALUES (538, '2012-2-8', false, 903);
INSERT INTO Meter_reading(value, date, paid, meter_id)
        VALUES (620, '2012-2-18', false, 903);
INSERT INTO Meter_reading(value, date, paid, meter_id)
        VALUES (636, '2012-2-24', false, 903);
INSERT INTO Meter_reading(value, date, paid, meter_id)
        VALUES (703, '2012-3-9', false, 903);
INSERT INTO person(person_id, name, surname, paternal_name, registration_date, email, password_hash, is_admin) 
    VALUES (452, 'test452', 'test452', '', '01/01/2012', 'test452', '098f6bcd4621d373cade4e832627b4f6', false);
INSERT INTO dweller VALUES (452);
INSERT INTO flat(flat_id, area, flat_number, balance, cladr_id, building_id)
    VALUES (452, 168, 452, 0, 1, 1);
INSERT INTO dweller_lives_in_flat(person_id, flat_id)
    VALUES (452, 452);
INSERT INTO meter(meter_id, installation_date, type, title, meter_unit_id, active, flat_id)
    VALUES (904, '01/01/2012', 'Water', 'Cold water in kitchen test452', 1, true, 452);
INSERT INTO meter(meter_id, installation_date, type, title, meter_unit_id, active, flat_id)
    VALUES (905, '01/01/2012', 'Electricity', 'Electricity in hall test452', 2, true, 452);
INSERT INTO Meter_reading(value, date, paid, meter_id)
        VALUES (299, '2012-1-11', false, 904);
INSERT INTO Meter_reading(value, date, paid, meter_id)
        VALUES (320, '2012-1-16', false, 904);
INSERT INTO Meter_reading(value, date, paid, meter_id)
        VALUES (337, '2012-1-23', false, 904);
INSERT INTO Meter_reading(value, date, paid, meter_id)
        VALUES (343, '2012-2-6', false, 904);
INSERT INTO Meter_reading(value, date, paid, meter_id)
        VALUES (371, '2012-2-11', false, 904);
INSERT INTO Meter_reading(value, date, paid, meter_id)
        VALUES (386, '2012-2-19', false, 904);
INSERT INTO Meter_reading(value, date, paid, meter_id)
        VALUES (403, '2012-2-22', false, 904);
INSERT INTO Meter_reading(value, date, paid, meter_id)
        VALUES (427, '2012-3-6', false, 904);
INSERT INTO Meter_reading(value, date, paid, meter_id)
        VALUES (434, '2012-3-7', false, 904);
INSERT INTO Meter_reading(value, date, paid, meter_id)
        VALUES (452, '2012-3-9', false, 904);
INSERT INTO Meter_reading(value, date, paid, meter_id)
        VALUES (291, '2012-1-4', false, 905);
INSERT INTO Meter_reading(value, date, paid, meter_id)
        VALUES (304, '2012-1-13', false, 905);
INSERT INTO Meter_reading(value, date, paid, meter_id)
        VALUES (323, '2012-1-18', false, 905);
INSERT INTO Meter_reading(value, date, paid, meter_id)
        VALUES (340, '2012-1-27', false, 905);
INSERT INTO Meter_reading(value, date, paid, meter_id)
        VALUES (374, '2012-2-9', false, 905);
INSERT INTO Meter_reading(value, date, paid, meter_id)
        VALUES (389, '2012-2-17', false, 905);
INSERT INTO Meter_reading(value, date, paid, meter_id)
        VALUES (406, '2012-2-23', false, 905);
INSERT INTO Meter_reading(value, date, paid, meter_id)
        VALUES (432, '2012-3-7', false, 905);
INSERT INTO Meter_reading(value, date, paid, meter_id)
        VALUES (461, '2012-3-21', false, 905);
INSERT INTO person(person_id, name, surname, paternal_name, registration_date, email, password_hash, is_admin) 
    VALUES (453, 'test453', 'test453', '', '01/01/2012', 'test453', '098f6bcd4621d373cade4e832627b4f6', false);
INSERT INTO dweller VALUES (453);
INSERT INTO flat(flat_id, area, flat_number, balance, cladr_id, building_id)
    VALUES (453, 242, 453, 0, 1, 1);
INSERT INTO dweller_lives_in_flat(person_id, flat_id)
    VALUES (453, 453);
INSERT INTO meter(meter_id, installation_date, type, title, meter_unit_id, active, flat_id)
    VALUES (906, '01/01/2012', 'Water', 'Cold water in kitchen test453', 1, true, 453);
INSERT INTO meter(meter_id, installation_date, type, title, meter_unit_id, active, flat_id)
    VALUES (907, '01/01/2012', 'Electricity', 'Electricity in hall test453', 2, true, 453);
INSERT INTO Meter_reading(value, date, paid, meter_id)
        VALUES (226, '2012-1-11', false, 906);
INSERT INTO Meter_reading(value, date, paid, meter_id)
        VALUES (242, '2012-1-15', false, 906);
INSERT INTO Meter_reading(value, date, paid, meter_id)
        VALUES (260, '2012-1-21', false, 906);
INSERT INTO Meter_reading(value, date, paid, meter_id)
        VALUES (280, '2012-2-4', false, 906);
INSERT INTO Meter_reading(value, date, paid, meter_id)
        VALUES (295, '2012-2-9', false, 906);
INSERT INTO Meter_reading(value, date, paid, meter_id)
        VALUES (154, '2012-1-3', false, 907);
INSERT INTO Meter_reading(value, date, paid, meter_id)
        VALUES (175, '2012-1-5', false, 907);
INSERT INTO Meter_reading(value, date, paid, meter_id)
        VALUES (195, '2012-1-16', false, 907);
INSERT INTO Meter_reading(value, date, paid, meter_id)
        VALUES (237, '2012-1-19', false, 907);
INSERT INTO Meter_reading(value, date, paid, meter_id)
        VALUES (259, '2012-2-5', false, 907);
INSERT INTO Meter_reading(value, date, paid, meter_id)
        VALUES (285, '2012-2-15', false, 907);
INSERT INTO Meter_reading(value, date, paid, meter_id)
        VALUES (304, '2012-2-24', false, 907);
INSERT INTO Meter_reading(value, date, paid, meter_id)
        VALUES (326, '2012-3-4', false, 907);
INSERT INTO person(person_id, name, surname, paternal_name, registration_date, email, password_hash, is_admin) 
    VALUES (454, 'test454', 'test454', '', '01/01/2012', 'test454', '098f6bcd4621d373cade4e832627b4f6', false);
INSERT INTO dweller VALUES (454);
INSERT INTO flat(flat_id, area, flat_number, balance, cladr_id, building_id)
    VALUES (454, 128, 454, 0, 1, 1);
INSERT INTO dweller_lives_in_flat(person_id, flat_id)
    VALUES (454, 454);
INSERT INTO meter(meter_id, installation_date, type, title, meter_unit_id, active, flat_id)
    VALUES (908, '01/01/2012', 'Water', 'Cold water in kitchen test454', 1, true, 454);
INSERT INTO meter(meter_id, installation_date, type, title, meter_unit_id, active, flat_id)
    VALUES (909, '01/01/2012', 'Electricity', 'Electricity in hall test454', 2, true, 454);
INSERT INTO Meter_reading(value, date, paid, meter_id)
        VALUES (217, '2012-1-3', false, 908);
INSERT INTO Meter_reading(value, date, paid, meter_id)
        VALUES (223, '2012-1-16', false, 908);
INSERT INTO Meter_reading(value, date, paid, meter_id)
        VALUES (233, '2012-2-3', false, 908);
INSERT INTO Meter_reading(value, date, paid, meter_id)
        VALUES (248, '2012-2-5', false, 908);
INSERT INTO Meter_reading(value, date, paid, meter_id)
        VALUES (274, '2012-2-9', false, 908);
INSERT INTO Meter_reading(value, date, paid, meter_id)
        VALUES (105, '2012-1-11', false, 909);
INSERT INTO Meter_reading(value, date, paid, meter_id)
        VALUES (132, '2012-1-21', false, 909);
INSERT INTO Meter_reading(value, date, paid, meter_id)
        VALUES (151, '2012-2-6', false, 909);
INSERT INTO Meter_reading(value, date, paid, meter_id)
        VALUES (175, '2012-2-12', false, 909);
INSERT INTO Meter_reading(value, date, paid, meter_id)
        VALUES (201, '2012-2-15', false, 909);
INSERT INTO Meter_reading(value, date, paid, meter_id)
        VALUES (223, '2012-2-22', false, 909);
INSERT INTO Meter_reading(value, date, paid, meter_id)
        VALUES (245, '2012-2-26', false, 909);
INSERT INTO Meter_reading(value, date, paid, meter_id)
        VALUES (247, '2012-3-5', false, 909);
INSERT INTO Meter_reading(value, date, paid, meter_id)
        VALUES (255, '2012-3-8', false, 909);
INSERT INTO Meter_reading(value, date, paid, meter_id)
        VALUES (284, '2012-3-22', false, 909);
INSERT INTO Meter_reading(value, date, paid, meter_id)
        VALUES (288, '2012-4-2', false, 909);
INSERT INTO person(person_id, name, surname, paternal_name, registration_date, email, password_hash, is_admin) 
    VALUES (455, 'test455', 'test455', '', '01/01/2012', 'test455', '098f6bcd4621d373cade4e832627b4f6', false);
INSERT INTO dweller VALUES (455);
INSERT INTO flat(flat_id, area, flat_number, balance, cladr_id, building_id)
    VALUES (455, 204, 455, 0, 1, 1);
INSERT INTO dweller_lives_in_flat(person_id, flat_id)
    VALUES (455, 455);
INSERT INTO meter(meter_id, installation_date, type, title, meter_unit_id, active, flat_id)
    VALUES (910, '01/01/2012', 'Water', 'Cold water in kitchen test455', 1, true, 455);
INSERT INTO meter(meter_id, installation_date, type, title, meter_unit_id, active, flat_id)
    VALUES (911, '01/01/2012', 'Electricity', 'Electricity in hall test455', 2, true, 455);
INSERT INTO Meter_reading(value, date, paid, meter_id)
        VALUES (242, '2012-1-9', false, 910);
INSERT INTO Meter_reading(value, date, paid, meter_id)
        VALUES (262, '2012-1-12', false, 910);
INSERT INTO Meter_reading(value, date, paid, meter_id)
        VALUES (285, '2012-1-21', false, 910);
INSERT INTO Meter_reading(value, date, paid, meter_id)
        VALUES (302, '2012-1-27', false, 910);
INSERT INTO Meter_reading(value, date, paid, meter_id)
        VALUES (322, '2012-2-14', false, 910);
INSERT INTO Meter_reading(value, date, paid, meter_id)
        VALUES (248, '2012-1-13', false, 911);
INSERT INTO Meter_reading(value, date, paid, meter_id)
        VALUES (264, '2012-1-25', false, 911);
INSERT INTO Meter_reading(value, date, paid, meter_id)
        VALUES (272, '2012-2-11', false, 911);
INSERT INTO Meter_reading(value, date, paid, meter_id)
        VALUES (297, '2012-2-21', false, 911);
INSERT INTO Meter_reading(value, date, paid, meter_id)
        VALUES (309, '2012-2-23', false, 911);
INSERT INTO Meter_reading(value, date, paid, meter_id)
        VALUES (333, '2012-2-26', false, 911);
INSERT INTO Meter_reading(value, date, paid, meter_id)
        VALUES (354, '2012-3-13', false, 911);
INSERT INTO Meter_reading(value, date, paid, meter_id)
        VALUES (368, '2012-3-15', false, 911);
INSERT INTO Meter_reading(value, date, paid, meter_id)
        VALUES (375, '2012-3-23', false, 911);
INSERT INTO Meter_reading(value, date, paid, meter_id)
        VALUES (400, '2012-4-9', false, 911);
INSERT INTO Meter_reading(value, date, paid, meter_id)
        VALUES (428, '2012-4-12', false, 911);
INSERT INTO Meter_reading(value, date, paid, meter_id)
        VALUES (432, '2012-4-18', false, 911);
INSERT INTO Meter_reading(value, date, paid, meter_id)
        VALUES (452, '2012-5-2', false, 911);
INSERT INTO Meter_reading(value, date, paid, meter_id)
        VALUES (472, '2012-5-3', false, 911);
INSERT INTO person(person_id, name, surname, paternal_name, registration_date, email, password_hash, is_admin) 
    VALUES (456, 'test456', 'test456', '', '01/01/2012', 'test456', '098f6bcd4621d373cade4e832627b4f6', false);
INSERT INTO dweller VALUES (456);
INSERT INTO flat(flat_id, area, flat_number, balance, cladr_id, building_id)
    VALUES (456, 246, 456, 0, 1, 1);
INSERT INTO dweller_lives_in_flat(person_id, flat_id)
    VALUES (456, 456);
INSERT INTO meter(meter_id, installation_date, type, title, meter_unit_id, active, flat_id)
    VALUES (912, '01/01/2012', 'Water', 'Cold water in kitchen test456', 1, true, 456);
INSERT INTO meter(meter_id, installation_date, type, title, meter_unit_id, active, flat_id)
    VALUES (913, '01/01/2012', 'Electricity', 'Electricity in hall test456', 2, true, 456);
INSERT INTO Meter_reading(value, date, paid, meter_id)
        VALUES (22, '2012-1-13', false, 912);
INSERT INTO Meter_reading(value, date, paid, meter_id)
        VALUES (51, '2012-1-21', false, 912);
INSERT INTO Meter_reading(value, date, paid, meter_id)
        VALUES (64, '2012-1-23', false, 912);
INSERT INTO Meter_reading(value, date, paid, meter_id)
        VALUES (66, '2012-1-26', false, 912);
INSERT INTO Meter_reading(value, date, paid, meter_id)
        VALUES (93, '2012-2-11', false, 912);
INSERT INTO Meter_reading(value, date, paid, meter_id)
        VALUES (268, '2012-1-7', false, 913);
INSERT INTO Meter_reading(value, date, paid, meter_id)
        VALUES (292, '2012-1-18', false, 913);
INSERT INTO Meter_reading(value, date, paid, meter_id)
        VALUES (315, '2012-1-25', false, 913);
INSERT INTO Meter_reading(value, date, paid, meter_id)
        VALUES (339, '2012-1-26', false, 913);
INSERT INTO Meter_reading(value, date, paid, meter_id)
        VALUES (367, '2012-2-9', false, 913);
INSERT INTO Meter_reading(value, date, paid, meter_id)
        VALUES (376, '2012-2-12', false, 913);
INSERT INTO Meter_reading(value, date, paid, meter_id)
        VALUES (405, '2012-2-18', false, 913);
INSERT INTO Meter_reading(value, date, paid, meter_id)
        VALUES (415, '2012-3-1', false, 913);
INSERT INTO person(person_id, name, surname, paternal_name, registration_date, email, password_hash, is_admin) 
    VALUES (457, 'test457', 'test457', '', '01/01/2012', 'test457', '098f6bcd4621d373cade4e832627b4f6', false);
INSERT INTO dweller VALUES (457);
INSERT INTO flat(flat_id, area, flat_number, balance, cladr_id, building_id)
    VALUES (457, 236, 457, 0, 1, 1);
INSERT INTO dweller_lives_in_flat(person_id, flat_id)
    VALUES (457, 457);
INSERT INTO meter(meter_id, installation_date, type, title, meter_unit_id, active, flat_id)
    VALUES (914, '01/01/2012', 'Water', 'Cold water in kitchen test457', 1, true, 457);
INSERT INTO meter(meter_id, installation_date, type, title, meter_unit_id, active, flat_id)
    VALUES (915, '01/01/2012', 'Electricity', 'Electricity in hall test457', 2, true, 457);
INSERT INTO Meter_reading(value, date, paid, meter_id)
        VALUES (155, '2012-1-14', false, 914);
INSERT INTO Meter_reading(value, date, paid, meter_id)
        VALUES (212, '2012-1-18', false, 914);
INSERT INTO Meter_reading(value, date, paid, meter_id)
        VALUES (233, '2012-1-21', false, 914);
INSERT INTO Meter_reading(value, date, paid, meter_id)
        VALUES (236, '2012-1-24', false, 914);
INSERT INTO Meter_reading(value, date, paid, meter_id)
        VALUES (244, '2012-2-3', false, 914);
INSERT INTO Meter_reading(value, date, paid, meter_id)
        VALUES (248, '2012-2-13', false, 914);
INSERT INTO Meter_reading(value, date, paid, meter_id)
        VALUES (288, '2012-2-17', false, 914);
INSERT INTO Meter_reading(value, date, paid, meter_id)
        VALUES (305, '2012-2-26', false, 914);
INSERT INTO Meter_reading(value, date, paid, meter_id)
        VALUES (331, '2012-3-10', false, 914);
INSERT INTO Meter_reading(value, date, paid, meter_id)
        VALUES (384, '2012-3-21', false, 914);
INSERT INTO Meter_reading(value, date, paid, meter_id)
        VALUES (395, '2012-4-6', false, 914);
INSERT INTO Meter_reading(value, date, paid, meter_id)
        VALUES (404, '2012-4-12', false, 914);
INSERT INTO Meter_reading(value, date, paid, meter_id)
        VALUES (59, '2012-1-15', false, 915);
INSERT INTO Meter_reading(value, date, paid, meter_id)
        VALUES (70, '2012-1-27', false, 915);
INSERT INTO Meter_reading(value, date, paid, meter_id)
        VALUES (81, '2012-2-6', false, 915);
INSERT INTO Meter_reading(value, date, paid, meter_id)
        VALUES (83, '2012-2-19', false, 915);
INSERT INTO Meter_reading(value, date, paid, meter_id)
        VALUES (85, '2012-3-5', false, 915);
INSERT INTO Meter_reading(value, date, paid, meter_id)
        VALUES (107, '2012-3-6', false, 915);
INSERT INTO Meter_reading(value, date, paid, meter_id)
        VALUES (133, '2012-3-19', false, 915);
INSERT INTO Meter_reading(value, date, paid, meter_id)
        VALUES (144, '2012-3-27', false, 915);
INSERT INTO Meter_reading(value, date, paid, meter_id)
        VALUES (170, '2012-4-3', false, 915);
INSERT INTO Meter_reading(value, date, paid, meter_id)
        VALUES (179, '2012-4-12', false, 915);
INSERT INTO Meter_reading(value, date, paid, meter_id)
        VALUES (180, '2012-4-23', false, 915);
INSERT INTO Meter_reading(value, date, paid, meter_id)
        VALUES (205, '2012-5-1', false, 915);
INSERT INTO Meter_reading(value, date, paid, meter_id)
        VALUES (225, '2012-5-9', false, 915);
INSERT INTO Meter_reading(value, date, paid, meter_id)
        VALUES (249, '2012-5-17', false, 915);
INSERT INTO person(person_id, name, surname, paternal_name, registration_date, email, password_hash, is_admin) 
    VALUES (458, 'test458', 'test458', '', '01/01/2012', 'test458', '098f6bcd4621d373cade4e832627b4f6', false);
INSERT INTO dweller VALUES (458);
INSERT INTO flat(flat_id, area, flat_number, balance, cladr_id, building_id)
    VALUES (458, 270, 458, 0, 1, 1);
INSERT INTO dweller_lives_in_flat(person_id, flat_id)
    VALUES (458, 458);
INSERT INTO meter(meter_id, installation_date, type, title, meter_unit_id, active, flat_id)
    VALUES (916, '01/01/2012', 'Water', 'Cold water in kitchen test458', 1, true, 458);
INSERT INTO meter(meter_id, installation_date, type, title, meter_unit_id, active, flat_id)
    VALUES (917, '01/01/2012', 'Electricity', 'Electricity in hall test458', 2, true, 458);
INSERT INTO Meter_reading(value, date, paid, meter_id)
        VALUES (113, '2012-1-6', false, 916);
INSERT INTO Meter_reading(value, date, paid, meter_id)
        VALUES (115, '2012-1-19', false, 916);
INSERT INTO Meter_reading(value, date, paid, meter_id)
        VALUES (118, '2012-1-22', false, 916);
INSERT INTO Meter_reading(value, date, paid, meter_id)
        VALUES (121, '2012-2-2', false, 916);
INSERT INTO Meter_reading(value, date, paid, meter_id)
        VALUES (122, '2012-2-7', false, 916);
INSERT INTO Meter_reading(value, date, paid, meter_id)
        VALUES (123, '2012-2-11', false, 916);
INSERT INTO Meter_reading(value, date, paid, meter_id)
        VALUES (126, '2012-2-23', false, 916);
INSERT INTO Meter_reading(value, date, paid, meter_id)
        VALUES (128, '2012-3-9', false, 916);
INSERT INTO Meter_reading(value, date, paid, meter_id)
        VALUES (252, '2012-1-14', false, 917);
INSERT INTO Meter_reading(value, date, paid, meter_id)
        VALUES (257, '2012-1-23', false, 917);
INSERT INTO Meter_reading(value, date, paid, meter_id)
        VALUES (286, '2012-2-5', false, 917);
INSERT INTO Meter_reading(value, date, paid, meter_id)
        VALUES (309, '2012-2-19', false, 917);
INSERT INTO Meter_reading(value, date, paid, meter_id)
        VALUES (335, '2012-2-23', false, 917);
INSERT INTO Meter_reading(value, date, paid, meter_id)
        VALUES (355, '2012-2-27', false, 917);
INSERT INTO Meter_reading(value, date, paid, meter_id)
        VALUES (362, '2012-3-11', false, 917);
INSERT INTO Meter_reading(value, date, paid, meter_id)
        VALUES (380, '2012-3-18', false, 917);
INSERT INTO person(person_id, name, surname, paternal_name, registration_date, email, password_hash, is_admin) 
    VALUES (459, 'test459', 'test459', '', '01/01/2012', 'test459', '098f6bcd4621d373cade4e832627b4f6', false);
INSERT INTO dweller VALUES (459);
INSERT INTO flat(flat_id, area, flat_number, balance, cladr_id, building_id)
    VALUES (459, 204, 459, 0, 1, 1);
INSERT INTO dweller_lives_in_flat(person_id, flat_id)
    VALUES (459, 459);
INSERT INTO meter(meter_id, installation_date, type, title, meter_unit_id, active, flat_id)
    VALUES (918, '01/01/2012', 'Water', 'Cold water in kitchen test459', 1, true, 459);
INSERT INTO meter(meter_id, installation_date, type, title, meter_unit_id, active, flat_id)
    VALUES (919, '01/01/2012', 'Electricity', 'Electricity in hall test459', 2, true, 459);
INSERT INTO Meter_reading(value, date, paid, meter_id)
        VALUES (51, '2012-1-16', false, 918);
INSERT INTO Meter_reading(value, date, paid, meter_id)
        VALUES (58, '2012-1-22', false, 918);
INSERT INTO Meter_reading(value, date, paid, meter_id)
        VALUES (61, '2012-1-23', false, 918);
INSERT INTO Meter_reading(value, date, paid, meter_id)
        VALUES (62, '2012-2-7', false, 918);
INSERT INTO Meter_reading(value, date, paid, meter_id)
        VALUES (76, '2012-2-14', false, 918);
INSERT INTO Meter_reading(value, date, paid, meter_id)
        VALUES (85, '2012-2-21', false, 918);
INSERT INTO Meter_reading(value, date, paid, meter_id)
        VALUES (97, '2012-2-22', false, 918);
INSERT INTO Meter_reading(value, date, paid, meter_id)
        VALUES (119, '2012-2-25', false, 918);
INSERT INTO Meter_reading(value, date, paid, meter_id)
        VALUES (138, '2012-3-12', false, 918);
INSERT INTO Meter_reading(value, date, paid, meter_id)
        VALUES (146, '2012-3-19', false, 918);
INSERT INTO Meter_reading(value, date, paid, meter_id)
        VALUES (168, '2012-3-26', false, 918);
INSERT INTO Meter_reading(value, date, paid, meter_id)
        VALUES (179, '2012-4-8', false, 918);
INSERT INTO Meter_reading(value, date, paid, meter_id)
        VALUES (200, '2012-4-14', false, 918);
INSERT INTO Meter_reading(value, date, paid, meter_id)
        VALUES (218, '2012-4-19', false, 918);
INSERT INTO Meter_reading(value, date, paid, meter_id)
        VALUES (27, '2012-1-9', false, 919);
INSERT INTO Meter_reading(value, date, paid, meter_id)
        VALUES (29, '2012-1-18', false, 919);
INSERT INTO Meter_reading(value, date, paid, meter_id)
        VALUES (33, '2012-2-5', false, 919);
INSERT INTO Meter_reading(value, date, paid, meter_id)
        VALUES (37, '2012-2-17', false, 919);
INSERT INTO Meter_reading(value, date, paid, meter_id)
        VALUES (40, '2012-2-23', false, 919);
INSERT INTO Meter_reading(value, date, paid, meter_id)
        VALUES (44, '2012-2-26', false, 919);
INSERT INTO Meter_reading(value, date, paid, meter_id)
        VALUES (46, '2012-3-10', false, 919);
INSERT INTO Meter_reading(value, date, paid, meter_id)
        VALUES (48, '2012-3-12', false, 919);
INSERT INTO Meter_reading(value, date, paid, meter_id)
        VALUES (52, '2012-3-19', false, 919);
INSERT INTO Meter_reading(value, date, paid, meter_id)
        VALUES (55, '2012-3-23', false, 919);
INSERT INTO Meter_reading(value, date, paid, meter_id)
        VALUES (56, '2012-4-2', false, 919);
INSERT INTO person(person_id, name, surname, paternal_name, registration_date, email, password_hash, is_admin) 
    VALUES (460, 'test460', 'test460', '', '01/01/2012', 'test460', '098f6bcd4621d373cade4e832627b4f6', false);
INSERT INTO dweller VALUES (460);
INSERT INTO flat(flat_id, area, flat_number, balance, cladr_id, building_id)
    VALUES (460, 226, 460, 0, 1, 1);
INSERT INTO dweller_lives_in_flat(person_id, flat_id)
    VALUES (460, 460);
INSERT INTO meter(meter_id, installation_date, type, title, meter_unit_id, active, flat_id)
    VALUES (920, '01/01/2012', 'Water', 'Cold water in kitchen test460', 1, true, 460);
INSERT INTO meter(meter_id, installation_date, type, title, meter_unit_id, active, flat_id)
    VALUES (921, '01/01/2012', 'Electricity', 'Electricity in hall test460', 2, true, 460);
INSERT INTO Meter_reading(value, date, paid, meter_id)
        VALUES (97, '2012-1-16', false, 920);
INSERT INTO Meter_reading(value, date, paid, meter_id)
        VALUES (108, '2012-1-23', false, 920);
INSERT INTO Meter_reading(value, date, paid, meter_id)
        VALUES (130, '2012-2-2', false, 920);
INSERT INTO Meter_reading(value, date, paid, meter_id)
        VALUES (156, '2012-2-16', false, 920);
INSERT INTO Meter_reading(value, date, paid, meter_id)
        VALUES (163, '2012-2-20', false, 920);
INSERT INTO Meter_reading(value, date, paid, meter_id)
        VALUES (183, '2012-3-5', false, 920);
INSERT INTO Meter_reading(value, date, paid, meter_id)
        VALUES (87, '2012-1-5', false, 921);
INSERT INTO Meter_reading(value, date, paid, meter_id)
        VALUES (107, '2012-1-19', false, 921);
INSERT INTO Meter_reading(value, date, paid, meter_id)
        VALUES (111, '2012-1-27', false, 921);
INSERT INTO Meter_reading(value, date, paid, meter_id)
        VALUES (115, '2012-2-6', false, 921);
INSERT INTO Meter_reading(value, date, paid, meter_id)
        VALUES (142, '2012-2-7', false, 921);
INSERT INTO Meter_reading(value, date, paid, meter_id)
        VALUES (145, '2012-2-11', false, 921);
INSERT INTO Meter_reading(value, date, paid, meter_id)
        VALUES (169, '2012-2-25', false, 921);
INSERT INTO Meter_reading(value, date, paid, meter_id)
        VALUES (181, '2012-3-1', false, 921);
INSERT INTO Meter_reading(value, date, paid, meter_id)
        VALUES (186, '2012-3-13', false, 921);
INSERT INTO Meter_reading(value, date, paid, meter_id)
        VALUES (208, '2012-3-26', false, 921);
INSERT INTO Meter_reading(value, date, paid, meter_id)
        VALUES (230, '2012-4-10', false, 921);
INSERT INTO Meter_reading(value, date, paid, meter_id)
        VALUES (237, '2012-4-15', false, 921);
INSERT INTO Meter_reading(value, date, paid, meter_id)
        VALUES (239, '2012-5-1', false, 921);
INSERT INTO person(person_id, name, surname, paternal_name, registration_date, email, password_hash, is_admin) 
    VALUES (461, 'test461', 'test461', '', '01/01/2012', 'test461', '098f6bcd4621d373cade4e832627b4f6', false);
INSERT INTO dweller VALUES (461);
INSERT INTO flat(flat_id, area, flat_number, balance, cladr_id, building_id)
    VALUES (461, 289, 461, 0, 1, 1);
INSERT INTO dweller_lives_in_flat(person_id, flat_id)
    VALUES (461, 461);
INSERT INTO meter(meter_id, installation_date, type, title, meter_unit_id, active, flat_id)
    VALUES (922, '01/01/2012', 'Water', 'Cold water in kitchen test461', 1, true, 461);
INSERT INTO meter(meter_id, installation_date, type, title, meter_unit_id, active, flat_id)
    VALUES (923, '01/01/2012', 'Electricity', 'Electricity in hall test461', 2, true, 461);
INSERT INTO Meter_reading(value, date, paid, meter_id)
        VALUES (42, '2012-1-5', false, 922);
INSERT INTO Meter_reading(value, date, paid, meter_id)
        VALUES (96, '2012-1-11', false, 922);
INSERT INTO Meter_reading(value, date, paid, meter_id)
        VALUES (152, '2012-1-19', false, 922);
INSERT INTO Meter_reading(value, date, paid, meter_id)
        VALUES (156, '2012-1-22', false, 922);
INSERT INTO Meter_reading(value, date, paid, meter_id)
        VALUES (170, '2012-2-9', false, 922);
INSERT INTO Meter_reading(value, date, paid, meter_id)
        VALUES (156, '2012-1-3', false, 923);
INSERT INTO Meter_reading(value, date, paid, meter_id)
        VALUES (174, '2012-1-11', false, 923);
INSERT INTO Meter_reading(value, date, paid, meter_id)
        VALUES (195, '2012-1-15', false, 923);
INSERT INTO Meter_reading(value, date, paid, meter_id)
        VALUES (199, '2012-1-17', false, 923);
INSERT INTO Meter_reading(value, date, paid, meter_id)
        VALUES (209, '2012-2-1', false, 923);
INSERT INTO person(person_id, name, surname, paternal_name, registration_date, email, password_hash, is_admin) 
    VALUES (462, 'test462', 'test462', '', '01/01/2012', 'test462', '098f6bcd4621d373cade4e832627b4f6', false);
INSERT INTO dweller VALUES (462);
INSERT INTO flat(flat_id, area, flat_number, balance, cladr_id, building_id)
    VALUES (462, 259, 462, 0, 1, 1);
INSERT INTO dweller_lives_in_flat(person_id, flat_id)
    VALUES (462, 462);
INSERT INTO meter(meter_id, installation_date, type, title, meter_unit_id, active, flat_id)
    VALUES (924, '01/01/2012', 'Water', 'Cold water in kitchen test462', 1, true, 462);
INSERT INTO meter(meter_id, installation_date, type, title, meter_unit_id, active, flat_id)
    VALUES (925, '01/01/2012', 'Electricity', 'Electricity in hall test462', 2, true, 462);
INSERT INTO Meter_reading(value, date, paid, meter_id)
        VALUES (144, '2012-1-6', false, 924);
INSERT INTO Meter_reading(value, date, paid, meter_id)
        VALUES (230, '2012-1-9', false, 924);
INSERT INTO Meter_reading(value, date, paid, meter_id)
        VALUES (281, '2012-1-17', false, 924);
INSERT INTO Meter_reading(value, date, paid, meter_id)
        VALUES (373, '2012-1-24', false, 924);
INSERT INTO Meter_reading(value, date, paid, meter_id)
        VALUES (391, '2012-2-4', false, 924);
INSERT INTO Meter_reading(value, date, paid, meter_id)
        VALUES (452, '2012-2-14', false, 924);
INSERT INTO Meter_reading(value, date, paid, meter_id)
        VALUES (535, '2012-2-25', false, 924);
INSERT INTO Meter_reading(value, date, paid, meter_id)
        VALUES (624, '2012-3-3', false, 924);
INSERT INTO Meter_reading(value, date, paid, meter_id)
        VALUES (672, '2012-3-10', false, 924);
INSERT INTO Meter_reading(value, date, paid, meter_id)
        VALUES (713, '2012-3-11', false, 924);
INSERT INTO Meter_reading(value, date, paid, meter_id)
        VALUES (743, '2012-3-16', false, 924);
INSERT INTO Meter_reading(value, date, paid, meter_id)
        VALUES (831, '2012-4-2', false, 924);
INSERT INTO Meter_reading(value, date, paid, meter_id)
        VALUES (883, '2012-4-3', false, 924);
INSERT INTO Meter_reading(value, date, paid, meter_id)
        VALUES (885, '2012-4-7', false, 924);
INSERT INTO Meter_reading(value, date, paid, meter_id)
        VALUES (98, '2012-1-4', false, 925);
INSERT INTO Meter_reading(value, date, paid, meter_id)
        VALUES (111, '2012-1-7', false, 925);
INSERT INTO Meter_reading(value, date, paid, meter_id)
        VALUES (125, '2012-1-16', false, 925);
INSERT INTO Meter_reading(value, date, paid, meter_id)
        VALUES (134, '2012-2-1', false, 925);
INSERT INTO Meter_reading(value, date, paid, meter_id)
        VALUES (141, '2012-2-12', false, 925);
INSERT INTO Meter_reading(value, date, paid, meter_id)
        VALUES (159, '2012-2-14', false, 925);
INSERT INTO Meter_reading(value, date, paid, meter_id)
        VALUES (170, '2012-2-16', false, 925);
INSERT INTO Meter_reading(value, date, paid, meter_id)
        VALUES (192, '2012-2-24', false, 925);
INSERT INTO Meter_reading(value, date, paid, meter_id)
        VALUES (210, '2012-3-4', false, 925);
INSERT INTO person(person_id, name, surname, paternal_name, registration_date, email, password_hash, is_admin) 
    VALUES (463, 'test463', 'test463', '', '01/01/2012', 'test463', '098f6bcd4621d373cade4e832627b4f6', false);
INSERT INTO dweller VALUES (463);
INSERT INTO flat(flat_id, area, flat_number, balance, cladr_id, building_id)
    VALUES (463, 161, 463, 0, 1, 1);
INSERT INTO dweller_lives_in_flat(person_id, flat_id)
    VALUES (463, 463);
INSERT INTO meter(meter_id, installation_date, type, title, meter_unit_id, active, flat_id)
    VALUES (926, '01/01/2012', 'Water', 'Cold water in kitchen test463', 1, true, 463);
INSERT INTO meter(meter_id, installation_date, type, title, meter_unit_id, active, flat_id)
    VALUES (927, '01/01/2012', 'Electricity', 'Electricity in hall test463', 2, true, 463);
INSERT INTO Meter_reading(value, date, paid, meter_id)
        VALUES (156, '2012-1-3', false, 926);
INSERT INTO Meter_reading(value, date, paid, meter_id)
        VALUES (161, '2012-1-8', false, 926);
INSERT INTO Meter_reading(value, date, paid, meter_id)
        VALUES (191, '2012-1-18', false, 926);
INSERT INTO Meter_reading(value, date, paid, meter_id)
        VALUES (195, '2012-1-23', false, 926);
INSERT INTO Meter_reading(value, date, paid, meter_id)
        VALUES (212, '2012-1-26', false, 926);
INSERT INTO Meter_reading(value, date, paid, meter_id)
        VALUES (236, '2012-2-1', false, 926);
INSERT INTO Meter_reading(value, date, paid, meter_id)
        VALUES (255, '2012-2-10', false, 926);
INSERT INTO Meter_reading(value, date, paid, meter_id)
        VALUES (154, '2012-1-3', false, 927);
INSERT INTO Meter_reading(value, date, paid, meter_id)
        VALUES (183, '2012-1-10', false, 927);
INSERT INTO Meter_reading(value, date, paid, meter_id)
        VALUES (200, '2012-1-23', false, 927);
INSERT INTO Meter_reading(value, date, paid, meter_id)
        VALUES (211, '2012-2-9', false, 927);
INSERT INTO Meter_reading(value, date, paid, meter_id)
        VALUES (227, '2012-2-22', false, 927);
INSERT INTO Meter_reading(value, date, paid, meter_id)
        VALUES (246, '2012-2-24', false, 927);
INSERT INTO Meter_reading(value, date, paid, meter_id)
        VALUES (272, '2012-2-27', false, 927);
INSERT INTO Meter_reading(value, date, paid, meter_id)
        VALUES (300, '2012-3-1', false, 927);
INSERT INTO Meter_reading(value, date, paid, meter_id)
        VALUES (302, '2012-3-13', false, 927);
INSERT INTO Meter_reading(value, date, paid, meter_id)
        VALUES (327, '2012-3-21', false, 927);
INSERT INTO person(person_id, name, surname, paternal_name, registration_date, email, password_hash, is_admin) 
    VALUES (464, 'test464', 'test464', '', '01/01/2012', 'test464', '098f6bcd4621d373cade4e832627b4f6', false);
INSERT INTO dweller VALUES (464);
INSERT INTO flat(flat_id, area, flat_number, balance, cladr_id, building_id)
    VALUES (464, 170, 464, 0, 1, 1);
INSERT INTO dweller_lives_in_flat(person_id, flat_id)
    VALUES (464, 464);
INSERT INTO meter(meter_id, installation_date, type, title, meter_unit_id, active, flat_id)
    VALUES (928, '01/01/2012', 'Water', 'Cold water in kitchen test464', 1, true, 464);
INSERT INTO meter(meter_id, installation_date, type, title, meter_unit_id, active, flat_id)
    VALUES (929, '01/01/2012', 'Electricity', 'Electricity in hall test464', 2, true, 464);
INSERT INTO Meter_reading(value, date, paid, meter_id)
        VALUES (164, '2012-1-10', false, 928);
INSERT INTO Meter_reading(value, date, paid, meter_id)
        VALUES (178, '2012-1-17', false, 928);
INSERT INTO Meter_reading(value, date, paid, meter_id)
        VALUES (205, '2012-1-25', false, 928);
INSERT INTO Meter_reading(value, date, paid, meter_id)
        VALUES (214, '2012-2-2', false, 928);
INSERT INTO Meter_reading(value, date, paid, meter_id)
        VALUES (239, '2012-2-14', false, 928);
INSERT INTO Meter_reading(value, date, paid, meter_id)
        VALUES (251, '2012-2-15', false, 928);
INSERT INTO Meter_reading(value, date, paid, meter_id)
        VALUES (277, '2012-2-16', false, 928);
INSERT INTO Meter_reading(value, date, paid, meter_id)
        VALUES (282, '2012-3-3', false, 928);
INSERT INTO Meter_reading(value, date, paid, meter_id)
        VALUES (283, '2012-3-13', false, 928);
INSERT INTO Meter_reading(value, date, paid, meter_id)
        VALUES (309, '2012-3-24', false, 928);
INSERT INTO Meter_reading(value, date, paid, meter_id)
        VALUES (223, '2012-1-14', false, 929);
INSERT INTO Meter_reading(value, date, paid, meter_id)
        VALUES (236, '2012-1-27', false, 929);
INSERT INTO Meter_reading(value, date, paid, meter_id)
        VALUES (255, '2012-2-7', false, 929);
INSERT INTO Meter_reading(value, date, paid, meter_id)
        VALUES (277, '2012-2-13', false, 929);
INSERT INTO Meter_reading(value, date, paid, meter_id)
        VALUES (286, '2012-2-14', false, 929);
INSERT INTO Meter_reading(value, date, paid, meter_id)
        VALUES (306, '2012-2-15', false, 929);
INSERT INTO Meter_reading(value, date, paid, meter_id)
        VALUES (332, '2012-2-26', false, 929);
INSERT INTO Meter_reading(value, date, paid, meter_id)
        VALUES (353, '2012-3-8', false, 929);
INSERT INTO Meter_reading(value, date, paid, meter_id)
        VALUES (360, '2012-3-22', false, 929);
INSERT INTO Meter_reading(value, date, paid, meter_id)
        VALUES (378, '2012-4-9', false, 929);
INSERT INTO Meter_reading(value, date, paid, meter_id)
        VALUES (381, '2012-4-10', false, 929);
INSERT INTO Meter_reading(value, date, paid, meter_id)
        VALUES (387, '2012-4-20', false, 929);
INSERT INTO Meter_reading(value, date, paid, meter_id)
        VALUES (393, '2012-4-26', false, 929);
INSERT INTO Meter_reading(value, date, paid, meter_id)
        VALUES (413, '2012-5-1', false, 929);
INSERT INTO person(person_id, name, surname, paternal_name, registration_date, email, password_hash, is_admin) 
    VALUES (465, 'test465', 'test465', '', '01/01/2012', 'test465', '098f6bcd4621d373cade4e832627b4f6', false);
INSERT INTO dweller VALUES (465);
INSERT INTO flat(flat_id, area, flat_number, balance, cladr_id, building_id)
    VALUES (465, 78, 465, 0, 1, 1);
INSERT INTO dweller_lives_in_flat(person_id, flat_id)
    VALUES (465, 465);
INSERT INTO meter(meter_id, installation_date, type, title, meter_unit_id, active, flat_id)
    VALUES (930, '01/01/2012', 'Water', 'Cold water in kitchen test465', 1, true, 465);
INSERT INTO meter(meter_id, installation_date, type, title, meter_unit_id, active, flat_id)
    VALUES (931, '01/01/2012', 'Electricity', 'Electricity in hall test465', 2, true, 465);
INSERT INTO Meter_reading(value, date, paid, meter_id)
        VALUES (261, '2012-1-13', false, 930);
INSERT INTO Meter_reading(value, date, paid, meter_id)
        VALUES (270, '2012-1-22', false, 930);
INSERT INTO Meter_reading(value, date, paid, meter_id)
        VALUES (323, '2012-1-25', false, 930);
INSERT INTO Meter_reading(value, date, paid, meter_id)
        VALUES (407, '2012-1-26', false, 930);
INSERT INTO Meter_reading(value, date, paid, meter_id)
        VALUES (482, '2012-2-1', false, 930);
INSERT INTO Meter_reading(value, date, paid, meter_id)
        VALUES (563, '2012-2-5', false, 930);
INSERT INTO Meter_reading(value, date, paid, meter_id)
        VALUES (564, '2012-2-10', false, 930);
INSERT INTO Meter_reading(value, date, paid, meter_id)
        VALUES (590, '2012-2-13', false, 930);
INSERT INTO Meter_reading(value, date, paid, meter_id)
        VALUES (660, '2012-2-25', false, 930);
INSERT INTO Meter_reading(value, date, paid, meter_id)
        VALUES (667, '2012-3-9', false, 930);
INSERT INTO Meter_reading(value, date, paid, meter_id)
        VALUES (262, '2012-1-15', false, 931);
INSERT INTO Meter_reading(value, date, paid, meter_id)
        VALUES (323, '2012-1-21', false, 931);
INSERT INTO Meter_reading(value, date, paid, meter_id)
        VALUES (379, '2012-1-22', false, 931);
INSERT INTO Meter_reading(value, date, paid, meter_id)
        VALUES (425, '2012-2-6', false, 931);
INSERT INTO Meter_reading(value, date, paid, meter_id)
        VALUES (496, '2012-2-12', false, 931);
INSERT INTO Meter_reading(value, date, paid, meter_id)
        VALUES (509, '2012-2-23', false, 931);
INSERT INTO Meter_reading(value, date, paid, meter_id)
        VALUES (566, '2012-3-3', false, 931);
INSERT INTO Meter_reading(value, date, paid, meter_id)
        VALUES (580, '2012-3-6', false, 931);
INSERT INTO Meter_reading(value, date, paid, meter_id)
        VALUES (613, '2012-3-14', false, 931);
INSERT INTO Meter_reading(value, date, paid, meter_id)
        VALUES (690, '2012-3-24', false, 931);
INSERT INTO Meter_reading(value, date, paid, meter_id)
        VALUES (769, '2012-4-9', false, 931);
INSERT INTO Meter_reading(value, date, paid, meter_id)
        VALUES (829, '2012-4-20', false, 931);
INSERT INTO Meter_reading(value, date, paid, meter_id)
        VALUES (892, '2012-4-26', false, 931);
INSERT INTO Meter_reading(value, date, paid, meter_id)
        VALUES (903, '2012-5-6', false, 931);
INSERT INTO person(person_id, name, surname, paternal_name, registration_date, email, password_hash, is_admin) 
    VALUES (466, 'test466', 'test466', '', '01/01/2012', 'test466', '098f6bcd4621d373cade4e832627b4f6', false);
INSERT INTO dweller VALUES (466);
INSERT INTO flat(flat_id, area, flat_number, balance, cladr_id, building_id)
    VALUES (466, 102, 466, 0, 1, 1);
INSERT INTO dweller_lives_in_flat(person_id, flat_id)
    VALUES (466, 466);
INSERT INTO meter(meter_id, installation_date, type, title, meter_unit_id, active, flat_id)
    VALUES (932, '01/01/2012', 'Water', 'Cold water in kitchen test466', 1, true, 466);
INSERT INTO meter(meter_id, installation_date, type, title, meter_unit_id, active, flat_id)
    VALUES (933, '01/01/2012', 'Electricity', 'Electricity in hall test466', 2, true, 466);
INSERT INTO Meter_reading(value, date, paid, meter_id)
        VALUES (122, '2012-1-13', false, 932);
INSERT INTO Meter_reading(value, date, paid, meter_id)
        VALUES (187, '2012-1-19', false, 932);
INSERT INTO Meter_reading(value, date, paid, meter_id)
        VALUES (227, '2012-2-5', false, 932);
INSERT INTO Meter_reading(value, date, paid, meter_id)
        VALUES (237, '2012-2-11', false, 932);
INSERT INTO Meter_reading(value, date, paid, meter_id)
        VALUES (284, '2012-2-14', false, 932);
INSERT INTO Meter_reading(value, date, paid, meter_id)
        VALUES (332, '2012-2-22', false, 932);
INSERT INTO Meter_reading(value, date, paid, meter_id)
        VALUES (382, '2012-3-4', false, 932);
INSERT INTO Meter_reading(value, date, paid, meter_id)
        VALUES (448, '2012-3-10', false, 932);
INSERT INTO Meter_reading(value, date, paid, meter_id)
        VALUES (477, '2012-3-19', false, 932);
INSERT INTO Meter_reading(value, date, paid, meter_id)
        VALUES (194, '2012-1-11', false, 933);
INSERT INTO Meter_reading(value, date, paid, meter_id)
        VALUES (220, '2012-1-21', false, 933);
INSERT INTO Meter_reading(value, date, paid, meter_id)
        VALUES (248, '2012-2-8', false, 933);
INSERT INTO Meter_reading(value, date, paid, meter_id)
        VALUES (265, '2012-2-11', false, 933);
INSERT INTO Meter_reading(value, date, paid, meter_id)
        VALUES (267, '2012-2-14', false, 933);
INSERT INTO Meter_reading(value, date, paid, meter_id)
        VALUES (287, '2012-2-19', false, 933);
INSERT INTO Meter_reading(value, date, paid, meter_id)
        VALUES (295, '2012-2-25', false, 933);
INSERT INTO Meter_reading(value, date, paid, meter_id)
        VALUES (323, '2012-3-5', false, 933);
INSERT INTO Meter_reading(value, date, paid, meter_id)
        VALUES (340, '2012-3-16', false, 933);
INSERT INTO Meter_reading(value, date, paid, meter_id)
        VALUES (364, '2012-3-22', false, 933);
INSERT INTO person(person_id, name, surname, paternal_name, registration_date, email, password_hash, is_admin) 
    VALUES (467, 'test467', 'test467', '', '01/01/2012', 'test467', '098f6bcd4621d373cade4e832627b4f6', false);
INSERT INTO dweller VALUES (467);
INSERT INTO flat(flat_id, area, flat_number, balance, cladr_id, building_id)
    VALUES (467, 210, 467, 0, 1, 1);
INSERT INTO dweller_lives_in_flat(person_id, flat_id)
    VALUES (467, 467);
INSERT INTO meter(meter_id, installation_date, type, title, meter_unit_id, active, flat_id)
    VALUES (934, '01/01/2012', 'Water', 'Cold water in kitchen test467', 1, true, 467);
INSERT INTO meter(meter_id, installation_date, type, title, meter_unit_id, active, flat_id)
    VALUES (935, '01/01/2012', 'Electricity', 'Electricity in hall test467', 2, true, 467);
INSERT INTO Meter_reading(value, date, paid, meter_id)
        VALUES (122, '2012-1-9', false, 934);
INSERT INTO Meter_reading(value, date, paid, meter_id)
        VALUES (126, '2012-1-17', false, 934);
INSERT INTO Meter_reading(value, date, paid, meter_id)
        VALUES (134, '2012-2-3', false, 934);
INSERT INTO Meter_reading(value, date, paid, meter_id)
        VALUES (142, '2012-2-11', false, 934);
INSERT INTO Meter_reading(value, date, paid, meter_id)
        VALUES (156, '2012-2-21', false, 934);
INSERT INTO Meter_reading(value, date, paid, meter_id)
        VALUES (168, '2012-3-1', false, 934);
INSERT INTO Meter_reading(value, date, paid, meter_id)
        VALUES (191, '2012-3-5', false, 934);
INSERT INTO Meter_reading(value, date, paid, meter_id)
        VALUES (205, '2012-3-9', false, 934);
INSERT INTO Meter_reading(value, date, paid, meter_id)
        VALUES (220, '2012-3-23', false, 934);
INSERT INTO Meter_reading(value, date, paid, meter_id)
        VALUES (225, '2012-4-3', false, 934);
INSERT INTO Meter_reading(value, date, paid, meter_id)
        VALUES (248, '2012-4-7', false, 934);
INSERT INTO Meter_reading(value, date, paid, meter_id)
        VALUES (249, '2012-4-15', false, 934);
INSERT INTO Meter_reading(value, date, paid, meter_id)
        VALUES (266, '2012-1-3', false, 935);
INSERT INTO Meter_reading(value, date, paid, meter_id)
        VALUES (282, '2012-1-4', false, 935);
INSERT INTO Meter_reading(value, date, paid, meter_id)
        VALUES (308, '2012-1-12', false, 935);
INSERT INTO Meter_reading(value, date, paid, meter_id)
        VALUES (321, '2012-1-15', false, 935);
INSERT INTO Meter_reading(value, date, paid, meter_id)
        VALUES (328, '2012-1-20', false, 935);
INSERT INTO Meter_reading(value, date, paid, meter_id)
        VALUES (332, '2012-1-23', false, 935);
INSERT INTO Meter_reading(value, date, paid, meter_id)
        VALUES (338, '2012-2-1', false, 935);
INSERT INTO Meter_reading(value, date, paid, meter_id)
        VALUES (352, '2012-2-11', false, 935);
INSERT INTO Meter_reading(value, date, paid, meter_id)
        VALUES (360, '2012-2-18', false, 935);
INSERT INTO person(person_id, name, surname, paternal_name, registration_date, email, password_hash, is_admin) 
    VALUES (468, 'test468', 'test468', '', '01/01/2012', 'test468', '098f6bcd4621d373cade4e832627b4f6', false);
INSERT INTO dweller VALUES (468);
INSERT INTO flat(flat_id, area, flat_number, balance, cladr_id, building_id)
    VALUES (468, 100, 468, 0, 1, 1);
INSERT INTO dweller_lives_in_flat(person_id, flat_id)
    VALUES (468, 468);
INSERT INTO meter(meter_id, installation_date, type, title, meter_unit_id, active, flat_id)
    VALUES (936, '01/01/2012', 'Water', 'Cold water in kitchen test468', 1, true, 468);
INSERT INTO meter(meter_id, installation_date, type, title, meter_unit_id, active, flat_id)
    VALUES (937, '01/01/2012', 'Electricity', 'Electricity in hall test468', 2, true, 468);
INSERT INTO Meter_reading(value, date, paid, meter_id)
        VALUES (250, '2012-1-10', false, 936);
INSERT INTO Meter_reading(value, date, paid, meter_id)
        VALUES (260, '2012-1-23', false, 936);
INSERT INTO Meter_reading(value, date, paid, meter_id)
        VALUES (261, '2012-2-5', false, 936);
INSERT INTO Meter_reading(value, date, paid, meter_id)
        VALUES (266, '2012-2-10', false, 936);
INSERT INTO Meter_reading(value, date, paid, meter_id)
        VALUES (269, '2012-2-14', false, 936);
INSERT INTO Meter_reading(value, date, paid, meter_id)
        VALUES (285, '2012-2-18', false, 936);
INSERT INTO Meter_reading(value, date, paid, meter_id)
        VALUES (305, '2012-2-21', false, 936);
INSERT INTO Meter_reading(value, date, paid, meter_id)
        VALUES (320, '2012-3-2', false, 936);
INSERT INTO Meter_reading(value, date, paid, meter_id)
        VALUES (27, '2012-1-7', false, 937);
INSERT INTO Meter_reading(value, date, paid, meter_id)
        VALUES (30, '2012-1-9', false, 937);
INSERT INTO Meter_reading(value, date, paid, meter_id)
        VALUES (34, '2012-1-16', false, 937);
INSERT INTO Meter_reading(value, date, paid, meter_id)
        VALUES (39, '2012-2-2', false, 937);
INSERT INTO Meter_reading(value, date, paid, meter_id)
        VALUES (42, '2012-2-7', false, 937);
INSERT INTO Meter_reading(value, date, paid, meter_id)
        VALUES (47, '2012-2-13', false, 937);
INSERT INTO Meter_reading(value, date, paid, meter_id)
        VALUES (52, '2012-2-27', false, 937);
INSERT INTO Meter_reading(value, date, paid, meter_id)
        VALUES (57, '2012-3-1', false, 937);
INSERT INTO Meter_reading(value, date, paid, meter_id)
        VALUES (60, '2012-3-7', false, 937);
INSERT INTO Meter_reading(value, date, paid, meter_id)
        VALUES (66, '2012-3-11', false, 937);
INSERT INTO Meter_reading(value, date, paid, meter_id)
        VALUES (72, '2012-3-23', false, 937);
INSERT INTO Meter_reading(value, date, paid, meter_id)
        VALUES (78, '2012-4-2', false, 937);
INSERT INTO Meter_reading(value, date, paid, meter_id)
        VALUES (81, '2012-4-13', false, 937);
INSERT INTO Meter_reading(value, date, paid, meter_id)
        VALUES (86, '2012-4-14', false, 937);
INSERT INTO person(person_id, name, surname, paternal_name, registration_date, email, password_hash, is_admin) 
    VALUES (469, 'test469', 'test469', '', '01/01/2012', 'test469', '098f6bcd4621d373cade4e832627b4f6', false);
INSERT INTO dweller VALUES (469);
INSERT INTO flat(flat_id, area, flat_number, balance, cladr_id, building_id)
    VALUES (469, 154, 469, 0, 1, 1);
INSERT INTO dweller_lives_in_flat(person_id, flat_id)
    VALUES (469, 469);
INSERT INTO meter(meter_id, installation_date, type, title, meter_unit_id, active, flat_id)
    VALUES (938, '01/01/2012', 'Water', 'Cold water in kitchen test469', 1, true, 469);
INSERT INTO meter(meter_id, installation_date, type, title, meter_unit_id, active, flat_id)
    VALUES (939, '01/01/2012', 'Electricity', 'Electricity in hall test469', 2, true, 469);
INSERT INTO Meter_reading(value, date, paid, meter_id)
        VALUES (133, '2012-1-5', false, 938);
INSERT INTO Meter_reading(value, date, paid, meter_id)
        VALUES (142, '2012-1-7', false, 938);
INSERT INTO Meter_reading(value, date, paid, meter_id)
        VALUES (148, '2012-1-12', false, 938);
INSERT INTO Meter_reading(value, date, paid, meter_id)
        VALUES (153, '2012-1-23', false, 938);
INSERT INTO Meter_reading(value, date, paid, meter_id)
        VALUES (160, '2012-2-5', false, 938);
INSERT INTO Meter_reading(value, date, paid, meter_id)
        VALUES (165, '2012-2-12', false, 938);
INSERT INTO Meter_reading(value, date, paid, meter_id)
        VALUES (208, '2012-1-16', false, 939);
INSERT INTO Meter_reading(value, date, paid, meter_id)
        VALUES (210, '2012-2-3', false, 939);
INSERT INTO Meter_reading(value, date, paid, meter_id)
        VALUES (229, '2012-2-9', false, 939);
INSERT INTO Meter_reading(value, date, paid, meter_id)
        VALUES (246, '2012-2-17', false, 939);
INSERT INTO Meter_reading(value, date, paid, meter_id)
        VALUES (267, '2012-2-21', false, 939);
INSERT INTO Meter_reading(value, date, paid, meter_id)
        VALUES (280, '2012-2-25', false, 939);
INSERT INTO Meter_reading(value, date, paid, meter_id)
        VALUES (300, '2012-3-11', false, 939);
INSERT INTO Meter_reading(value, date, paid, meter_id)
        VALUES (304, '2012-3-15', false, 939);
INSERT INTO Meter_reading(value, date, paid, meter_id)
        VALUES (313, '2012-3-16', false, 939);
INSERT INTO Meter_reading(value, date, paid, meter_id)
        VALUES (329, '2012-4-1', false, 939);
INSERT INTO person(person_id, name, surname, paternal_name, registration_date, email, password_hash, is_admin) 
    VALUES (470, 'test470', 'test470', '', '01/01/2012', 'test470', '098f6bcd4621d373cade4e832627b4f6', false);
INSERT INTO dweller VALUES (470);
INSERT INTO flat(flat_id, area, flat_number, balance, cladr_id, building_id)
    VALUES (470, 96, 470, 0, 1, 1);
INSERT INTO dweller_lives_in_flat(person_id, flat_id)
    VALUES (470, 470);
INSERT INTO meter(meter_id, installation_date, type, title, meter_unit_id, active, flat_id)
    VALUES (940, '01/01/2012', 'Water', 'Cold water in kitchen test470', 1, true, 470);
INSERT INTO meter(meter_id, installation_date, type, title, meter_unit_id, active, flat_id)
    VALUES (941, '01/01/2012', 'Electricity', 'Electricity in hall test470', 2, true, 470);
INSERT INTO Meter_reading(value, date, paid, meter_id)
        VALUES (276, '2012-1-8', false, 940);
INSERT INTO Meter_reading(value, date, paid, meter_id)
        VALUES (326, '2012-1-13', false, 940);
INSERT INTO Meter_reading(value, date, paid, meter_id)
        VALUES (406, '2012-1-22', false, 940);
INSERT INTO Meter_reading(value, date, paid, meter_id)
        VALUES (417, '2012-2-2', false, 940);
INSERT INTO Meter_reading(value, date, paid, meter_id)
        VALUES (444, '2012-2-9', false, 940);
INSERT INTO Meter_reading(value, date, paid, meter_id)
        VALUES (485, '2012-2-12', false, 940);
INSERT INTO Meter_reading(value, date, paid, meter_id)
        VALUES (540, '2012-2-18', false, 940);
INSERT INTO Meter_reading(value, date, paid, meter_id)
        VALUES (601, '2012-2-25', false, 940);
INSERT INTO Meter_reading(value, date, paid, meter_id)
        VALUES (638, '2012-3-12', false, 940);
INSERT INTO Meter_reading(value, date, paid, meter_id)
        VALUES (681, '2012-3-25', false, 940);
INSERT INTO Meter_reading(value, date, paid, meter_id)
        VALUES (765, '2012-4-3', false, 940);
INSERT INTO Meter_reading(value, date, paid, meter_id)
        VALUES (827, '2012-4-16', false, 940);
INSERT INTO Meter_reading(value, date, paid, meter_id)
        VALUES (870, '2012-4-17', false, 940);
INSERT INTO Meter_reading(value, date, paid, meter_id)
        VALUES (101, '2012-1-8', false, 941);
INSERT INTO Meter_reading(value, date, paid, meter_id)
        VALUES (127, '2012-1-15', false, 941);
INSERT INTO Meter_reading(value, date, paid, meter_id)
        VALUES (174, '2012-1-18', false, 941);
INSERT INTO Meter_reading(value, date, paid, meter_id)
        VALUES (178, '2012-2-3', false, 941);
INSERT INTO Meter_reading(value, date, paid, meter_id)
        VALUES (239, '2012-2-15', false, 941);
INSERT INTO person(person_id, name, surname, paternal_name, registration_date, email, password_hash, is_admin) 
    VALUES (471, 'test471', 'test471', '', '01/01/2012', 'test471', '098f6bcd4621d373cade4e832627b4f6', false);
INSERT INTO dweller VALUES (471);
INSERT INTO flat(flat_id, area, flat_number, balance, cladr_id, building_id)
    VALUES (471, 232, 471, 0, 1, 1);
INSERT INTO dweller_lives_in_flat(person_id, flat_id)
    VALUES (471, 471);
INSERT INTO meter(meter_id, installation_date, type, title, meter_unit_id, active, flat_id)
    VALUES (942, '01/01/2012', 'Water', 'Cold water in kitchen test471', 1, true, 471);
INSERT INTO meter(meter_id, installation_date, type, title, meter_unit_id, active, flat_id)
    VALUES (943, '01/01/2012', 'Electricity', 'Electricity in hall test471', 2, true, 471);
INSERT INTO Meter_reading(value, date, paid, meter_id)
        VALUES (108, '2012-1-10', false, 942);
INSERT INTO Meter_reading(value, date, paid, meter_id)
        VALUES (114, '2012-1-18', false, 942);
INSERT INTO Meter_reading(value, date, paid, meter_id)
        VALUES (126, '2012-1-21', false, 942);
INSERT INTO Meter_reading(value, date, paid, meter_id)
        VALUES (136, '2012-1-22', false, 942);
INSERT INTO Meter_reading(value, date, paid, meter_id)
        VALUES (190, '2012-2-9', false, 942);
INSERT INTO Meter_reading(value, date, paid, meter_id)
        VALUES (215, '2012-2-11', false, 942);
INSERT INTO Meter_reading(value, date, paid, meter_id)
        VALUES (235, '2012-2-18', false, 942);
INSERT INTO Meter_reading(value, date, paid, meter_id)
        VALUES (291, '2012-2-23', false, 942);
INSERT INTO Meter_reading(value, date, paid, meter_id)
        VALUES (301, '2012-2-27', false, 942);
INSERT INTO Meter_reading(value, date, paid, meter_id)
        VALUES (306, '2012-3-3', false, 942);
INSERT INTO Meter_reading(value, date, paid, meter_id)
        VALUES (319, '2012-3-7', false, 942);
INSERT INTO Meter_reading(value, date, paid, meter_id)
        VALUES (380, '2012-3-8', false, 942);
INSERT INTO Meter_reading(value, date, paid, meter_id)
        VALUES (430, '2012-3-12', false, 942);
INSERT INTO Meter_reading(value, date, paid, meter_id)
        VALUES (467, '2012-3-23', false, 942);
INSERT INTO Meter_reading(value, date, paid, meter_id)
        VALUES (46, '2012-1-6', false, 943);
INSERT INTO Meter_reading(value, date, paid, meter_id)
        VALUES (52, '2012-1-12', false, 943);
INSERT INTO Meter_reading(value, date, paid, meter_id)
        VALUES (71, '2012-1-14', false, 943);
INSERT INTO Meter_reading(value, date, paid, meter_id)
        VALUES (78, '2012-1-26', false, 943);
INSERT INTO Meter_reading(value, date, paid, meter_id)
        VALUES (111, '2012-2-10', false, 943);
INSERT INTO Meter_reading(value, date, paid, meter_id)
        VALUES (118, '2012-2-14', false, 943);
INSERT INTO person(person_id, name, surname, paternal_name, registration_date, email, password_hash, is_admin) 
    VALUES (472, 'test472', 'test472', '', '01/01/2012', 'test472', '098f6bcd4621d373cade4e832627b4f6', false);
INSERT INTO dweller VALUES (472);
INSERT INTO flat(flat_id, area, flat_number, balance, cladr_id, building_id)
    VALUES (472, 220, 472, 0, 1, 1);
INSERT INTO dweller_lives_in_flat(person_id, flat_id)
    VALUES (472, 472);
INSERT INTO meter(meter_id, installation_date, type, title, meter_unit_id, active, flat_id)
    VALUES (944, '01/01/2012', 'Water', 'Cold water in kitchen test472', 1, true, 472);
INSERT INTO meter(meter_id, installation_date, type, title, meter_unit_id, active, flat_id)
    VALUES (945, '01/01/2012', 'Electricity', 'Electricity in hall test472', 2, true, 472);
INSERT INTO Meter_reading(value, date, paid, meter_id)
        VALUES (52, '2012-1-14', false, 944);
INSERT INTO Meter_reading(value, date, paid, meter_id)
        VALUES (59, '2012-1-23', false, 944);
INSERT INTO Meter_reading(value, date, paid, meter_id)
        VALUES (86, '2012-1-24', false, 944);
INSERT INTO Meter_reading(value, date, paid, meter_id)
        VALUES (113, '2012-2-5', false, 944);
INSERT INTO Meter_reading(value, date, paid, meter_id)
        VALUES (128, '2012-2-11', false, 944);
INSERT INTO Meter_reading(value, date, paid, meter_id)
        VALUES (151, '2012-2-16', false, 944);
INSERT INTO Meter_reading(value, date, paid, meter_id)
        VALUES (170, '2012-2-18', false, 944);
INSERT INTO Meter_reading(value, date, paid, meter_id)
        VALUES (193, '2012-3-4', false, 944);
INSERT INTO Meter_reading(value, date, paid, meter_id)
        VALUES (49, '2012-1-14', false, 945);
INSERT INTO Meter_reading(value, date, paid, meter_id)
        VALUES (51, '2012-1-22', false, 945);
INSERT INTO Meter_reading(value, date, paid, meter_id)
        VALUES (104, '2012-2-9', false, 945);
INSERT INTO Meter_reading(value, date, paid, meter_id)
        VALUES (121, '2012-2-13', false, 945);
INSERT INTO Meter_reading(value, date, paid, meter_id)
        VALUES (177, '2012-2-16', false, 945);
INSERT INTO Meter_reading(value, date, paid, meter_id)
        VALUES (230, '2012-2-26', false, 945);
INSERT INTO Meter_reading(value, date, paid, meter_id)
        VALUES (276, '2012-3-7', false, 945);
INSERT INTO Meter_reading(value, date, paid, meter_id)
        VALUES (292, '2012-3-18', false, 945);
INSERT INTO person(person_id, name, surname, paternal_name, registration_date, email, password_hash, is_admin) 
    VALUES (473, 'test473', 'test473', '', '01/01/2012', 'test473', '098f6bcd4621d373cade4e832627b4f6', false);
INSERT INTO dweller VALUES (473);
INSERT INTO flat(flat_id, area, flat_number, balance, cladr_id, building_id)
    VALUES (473, 80, 473, 0, 1, 1);
INSERT INTO dweller_lives_in_flat(person_id, flat_id)
    VALUES (473, 473);
INSERT INTO meter(meter_id, installation_date, type, title, meter_unit_id, active, flat_id)
    VALUES (946, '01/01/2012', 'Water', 'Cold water in kitchen test473', 1, true, 473);
INSERT INTO meter(meter_id, installation_date, type, title, meter_unit_id, active, flat_id)
    VALUES (947, '01/01/2012', 'Electricity', 'Electricity in hall test473', 2, true, 473);
INSERT INTO Meter_reading(value, date, paid, meter_id)
        VALUES (51, '2012-1-5', false, 946);
INSERT INTO Meter_reading(value, date, paid, meter_id)
        VALUES (68, '2012-1-17', false, 946);
INSERT INTO Meter_reading(value, date, paid, meter_id)
        VALUES (79, '2012-1-20', false, 946);
INSERT INTO Meter_reading(value, date, paid, meter_id)
        VALUES (89, '2012-1-24', false, 946);
INSERT INTO Meter_reading(value, date, paid, meter_id)
        VALUES (101, '2012-2-2', false, 946);
INSERT INTO Meter_reading(value, date, paid, meter_id)
        VALUES (125, '2012-2-7', false, 946);
INSERT INTO Meter_reading(value, date, paid, meter_id)
        VALUES (128, '2012-2-17', false, 946);
INSERT INTO Meter_reading(value, date, paid, meter_id)
        VALUES (148, '2012-3-4', false, 946);
INSERT INTO Meter_reading(value, date, paid, meter_id)
        VALUES (169, '2012-3-15', false, 946);
INSERT INTO Meter_reading(value, date, paid, meter_id)
        VALUES (186, '2012-3-26', false, 946);
INSERT INTO Meter_reading(value, date, paid, meter_id)
        VALUES (212, '2012-4-13', false, 946);
INSERT INTO Meter_reading(value, date, paid, meter_id)
        VALUES (235, '2012-4-19', false, 946);
INSERT INTO Meter_reading(value, date, paid, meter_id)
        VALUES (253, '2012-4-24', false, 946);
INSERT INTO Meter_reading(value, date, paid, meter_id)
        VALUES (260, '2012-5-10', false, 946);
INSERT INTO Meter_reading(value, date, paid, meter_id)
        VALUES (176, '2012-1-7', false, 947);
INSERT INTO Meter_reading(value, date, paid, meter_id)
        VALUES (194, '2012-1-19', false, 947);
INSERT INTO Meter_reading(value, date, paid, meter_id)
        VALUES (195, '2012-1-25', false, 947);
INSERT INTO Meter_reading(value, date, paid, meter_id)
        VALUES (196, '2012-2-2', false, 947);
INSERT INTO Meter_reading(value, date, paid, meter_id)
        VALUES (224, '2012-2-9', false, 947);
INSERT INTO Meter_reading(value, date, paid, meter_id)
        VALUES (235, '2012-2-10', false, 947);
INSERT INTO Meter_reading(value, date, paid, meter_id)
        VALUES (240, '2012-2-12', false, 947);
INSERT INTO person(person_id, name, surname, paternal_name, registration_date, email, password_hash, is_admin) 
    VALUES (474, 'test474', 'test474', '', '01/01/2012', 'test474', '098f6bcd4621d373cade4e832627b4f6', false);
INSERT INTO dweller VALUES (474);
INSERT INTO flat(flat_id, area, flat_number, balance, cladr_id, building_id)
    VALUES (474, 277, 474, 0, 1, 1);
INSERT INTO dweller_lives_in_flat(person_id, flat_id)
    VALUES (474, 474);
INSERT INTO meter(meter_id, installation_date, type, title, meter_unit_id, active, flat_id)
    VALUES (948, '01/01/2012', 'Water', 'Cold water in kitchen test474', 1, true, 474);
INSERT INTO meter(meter_id, installation_date, type, title, meter_unit_id, active, flat_id)
    VALUES (949, '01/01/2012', 'Electricity', 'Electricity in hall test474', 2, true, 474);
INSERT INTO Meter_reading(value, date, paid, meter_id)
        VALUES (65, '2012-1-10', false, 948);
INSERT INTO Meter_reading(value, date, paid, meter_id)
        VALUES (79, '2012-1-13', false, 948);
INSERT INTO Meter_reading(value, date, paid, meter_id)
        VALUES (96, '2012-1-15', false, 948);
INSERT INTO Meter_reading(value, date, paid, meter_id)
        VALUES (115, '2012-1-18', false, 948);
INSERT INTO Meter_reading(value, date, paid, meter_id)
        VALUES (144, '2012-2-5', false, 948);
INSERT INTO Meter_reading(value, date, paid, meter_id)
        VALUES (151, '2012-2-12', false, 948);
INSERT INTO Meter_reading(value, date, paid, meter_id)
        VALUES (42, '2012-1-5', false, 949);
INSERT INTO Meter_reading(value, date, paid, meter_id)
        VALUES (109, '2012-1-17', false, 949);
INSERT INTO Meter_reading(value, date, paid, meter_id)
        VALUES (121, '2012-1-23', false, 949);
INSERT INTO Meter_reading(value, date, paid, meter_id)
        VALUES (159, '2012-2-6', false, 949);
INSERT INTO Meter_reading(value, date, paid, meter_id)
        VALUES (220, '2012-2-8', false, 949);
INSERT INTO Meter_reading(value, date, paid, meter_id)
        VALUES (224, '2012-2-19', false, 949);
INSERT INTO Meter_reading(value, date, paid, meter_id)
        VALUES (239, '2012-3-2', false, 949);
INSERT INTO Meter_reading(value, date, paid, meter_id)
        VALUES (268, '2012-3-7', false, 949);
INSERT INTO Meter_reading(value, date, paid, meter_id)
        VALUES (334, '2012-3-9', false, 949);
INSERT INTO Meter_reading(value, date, paid, meter_id)
        VALUES (399, '2012-3-10', false, 949);
INSERT INTO Meter_reading(value, date, paid, meter_id)
        VALUES (453, '2012-3-11', false, 949);
INSERT INTO Meter_reading(value, date, paid, meter_id)
        VALUES (482, '2012-3-25', false, 949);
INSERT INTO person(person_id, name, surname, paternal_name, registration_date, email, password_hash, is_admin) 
    VALUES (475, 'test475', 'test475', '', '01/01/2012', 'test475', '098f6bcd4621d373cade4e832627b4f6', false);
INSERT INTO dweller VALUES (475);
INSERT INTO flat(flat_id, area, flat_number, balance, cladr_id, building_id)
    VALUES (475, 306, 475, 0, 1, 1);
INSERT INTO dweller_lives_in_flat(person_id, flat_id)
    VALUES (475, 475);
INSERT INTO meter(meter_id, installation_date, type, title, meter_unit_id, active, flat_id)
    VALUES (950, '01/01/2012', 'Water', 'Cold water in kitchen test475', 1, true, 475);
INSERT INTO meter(meter_id, installation_date, type, title, meter_unit_id, active, flat_id)
    VALUES (951, '01/01/2012', 'Electricity', 'Electricity in hall test475', 2, true, 475);
INSERT INTO Meter_reading(value, date, paid, meter_id)
        VALUES (110, '2012-1-12', false, 950);
INSERT INTO Meter_reading(value, date, paid, meter_id)
        VALUES (138, '2012-1-22', false, 950);
INSERT INTO Meter_reading(value, date, paid, meter_id)
        VALUES (162, '2012-2-1', false, 950);
INSERT INTO Meter_reading(value, date, paid, meter_id)
        VALUES (179, '2012-2-2', false, 950);
INSERT INTO Meter_reading(value, date, paid, meter_id)
        VALUES (183, '2012-2-13', false, 950);
INSERT INTO Meter_reading(value, date, paid, meter_id)
        VALUES (200, '2012-2-17', false, 950);
INSERT INTO Meter_reading(value, date, paid, meter_id)
        VALUES (203, '2012-3-4', false, 950);
INSERT INTO Meter_reading(value, date, paid, meter_id)
        VALUES (289, '2012-1-6', false, 951);
INSERT INTO Meter_reading(value, date, paid, meter_id)
        VALUES (290, '2012-1-18', false, 951);
INSERT INTO Meter_reading(value, date, paid, meter_id)
        VALUES (301, '2012-2-1', false, 951);
INSERT INTO Meter_reading(value, date, paid, meter_id)
        VALUES (310, '2012-2-3', false, 951);
INSERT INTO Meter_reading(value, date, paid, meter_id)
        VALUES (313, '2012-2-8', false, 951);
INSERT INTO Meter_reading(value, date, paid, meter_id)
        VALUES (321, '2012-2-11', false, 951);
INSERT INTO Meter_reading(value, date, paid, meter_id)
        VALUES (330, '2012-2-17', false, 951);
INSERT INTO Meter_reading(value, date, paid, meter_id)
        VALUES (343, '2012-2-27', false, 951);
INSERT INTO Meter_reading(value, date, paid, meter_id)
        VALUES (360, '2012-3-9', false, 951);
INSERT INTO person(person_id, name, surname, paternal_name, registration_date, email, password_hash, is_admin) 
    VALUES (476, 'test476', 'test476', '', '01/01/2012', 'test476', '098f6bcd4621d373cade4e832627b4f6', false);
INSERT INTO dweller VALUES (476);
INSERT INTO flat(flat_id, area, flat_number, balance, cladr_id, building_id)
    VALUES (476, 190, 476, 0, 1, 1);
INSERT INTO dweller_lives_in_flat(person_id, flat_id)
    VALUES (476, 476);
INSERT INTO meter(meter_id, installation_date, type, title, meter_unit_id, active, flat_id)
    VALUES (952, '01/01/2012', 'Water', 'Cold water in kitchen test476', 1, true, 476);
INSERT INTO meter(meter_id, installation_date, type, title, meter_unit_id, active, flat_id)
    VALUES (953, '01/01/2012', 'Electricity', 'Electricity in hall test476', 2, true, 476);
INSERT INTO Meter_reading(value, date, paid, meter_id)
        VALUES (70, '2012-1-15', false, 952);
INSERT INTO Meter_reading(value, date, paid, meter_id)
        VALUES (80, '2012-1-20', false, 952);
INSERT INTO Meter_reading(value, date, paid, meter_id)
        VALUES (102, '2012-1-24', false, 952);
INSERT INTO Meter_reading(value, date, paid, meter_id)
        VALUES (126, '2012-1-25', false, 952);
INSERT INTO Meter_reading(value, date, paid, meter_id)
        VALUES (139, '2012-2-1', false, 952);
INSERT INTO Meter_reading(value, date, paid, meter_id)
        VALUES (160, '2012-2-9', false, 952);
INSERT INTO Meter_reading(value, date, paid, meter_id)
        VALUES (165, '2012-2-15', false, 952);
INSERT INTO Meter_reading(value, date, paid, meter_id)
        VALUES (176, '2012-2-23', false, 952);
INSERT INTO Meter_reading(value, date, paid, meter_id)
        VALUES (305, '2012-1-16', false, 953);
INSERT INTO Meter_reading(value, date, paid, meter_id)
        VALUES (338, '2012-1-21', false, 953);
INSERT INTO Meter_reading(value, date, paid, meter_id)
        VALUES (365, '2012-1-26', false, 953);
INSERT INTO Meter_reading(value, date, paid, meter_id)
        VALUES (379, '2012-2-6', false, 953);
INSERT INTO Meter_reading(value, date, paid, meter_id)
        VALUES (394, '2012-2-16', false, 953);
INSERT INTO Meter_reading(value, date, paid, meter_id)
        VALUES (409, '2012-2-22', false, 953);
INSERT INTO Meter_reading(value, date, paid, meter_id)
        VALUES (453, '2012-3-7', false, 953);
INSERT INTO Meter_reading(value, date, paid, meter_id)
        VALUES (478, '2012-3-18', false, 953);
INSERT INTO person(person_id, name, surname, paternal_name, registration_date, email, password_hash, is_admin) 
    VALUES (477, 'test477', 'test477', '', '01/01/2012', 'test477', '098f6bcd4621d373cade4e832627b4f6', false);
INSERT INTO dweller VALUES (477);
INSERT INTO flat(flat_id, area, flat_number, balance, cladr_id, building_id)
    VALUES (477, 209, 477, 0, 1, 1);
INSERT INTO dweller_lives_in_flat(person_id, flat_id)
    VALUES (477, 477);
INSERT INTO meter(meter_id, installation_date, type, title, meter_unit_id, active, flat_id)
    VALUES (954, '01/01/2012', 'Water', 'Cold water in kitchen test477', 1, true, 477);
INSERT INTO meter(meter_id, installation_date, type, title, meter_unit_id, active, flat_id)
    VALUES (955, '01/01/2012', 'Electricity', 'Electricity in hall test477', 2, true, 477);
INSERT INTO Meter_reading(value, date, paid, meter_id)
        VALUES (77, '2012-1-12', false, 954);
INSERT INTO Meter_reading(value, date, paid, meter_id)
        VALUES (102, '2012-1-15', false, 954);
INSERT INTO Meter_reading(value, date, paid, meter_id)
        VALUES (123, '2012-1-25', false, 954);
INSERT INTO Meter_reading(value, date, paid, meter_id)
        VALUES (129, '2012-1-27', false, 954);
INSERT INTO Meter_reading(value, date, paid, meter_id)
        VALUES (132, '2012-2-4', false, 954);
INSERT INTO Meter_reading(value, date, paid, meter_id)
        VALUES (155, '2012-2-7', false, 954);
INSERT INTO Meter_reading(value, date, paid, meter_id)
        VALUES (159, '2012-2-18', false, 954);
INSERT INTO Meter_reading(value, date, paid, meter_id)
        VALUES (160, '2012-3-2', false, 954);
INSERT INTO Meter_reading(value, date, paid, meter_id)
        VALUES (112, '2012-1-5', false, 955);
INSERT INTO Meter_reading(value, date, paid, meter_id)
        VALUES (120, '2012-1-17', false, 955);
INSERT INTO Meter_reading(value, date, paid, meter_id)
        VALUES (123, '2012-2-1', false, 955);
INSERT INTO Meter_reading(value, date, paid, meter_id)
        VALUES (146, '2012-2-10', false, 955);
INSERT INTO Meter_reading(value, date, paid, meter_id)
        VALUES (173, '2012-2-15', false, 955);
INSERT INTO Meter_reading(value, date, paid, meter_id)
        VALUES (193, '2012-2-22', false, 955);
INSERT INTO Meter_reading(value, date, paid, meter_id)
        VALUES (214, '2012-3-1', false, 955);
INSERT INTO Meter_reading(value, date, paid, meter_id)
        VALUES (218, '2012-3-4', false, 955);
INSERT INTO Meter_reading(value, date, paid, meter_id)
        VALUES (246, '2012-3-16', false, 955);
INSERT INTO person(person_id, name, surname, paternal_name, registration_date, email, password_hash, is_admin) 
    VALUES (478, 'test478', 'test478', '', '01/01/2012', 'test478', '098f6bcd4621d373cade4e832627b4f6', false);
INSERT INTO dweller VALUES (478);
INSERT INTO flat(flat_id, area, flat_number, balance, cladr_id, building_id)
    VALUES (478, 165, 478, 0, 1, 1);
INSERT INTO dweller_lives_in_flat(person_id, flat_id)
    VALUES (478, 478);
INSERT INTO meter(meter_id, installation_date, type, title, meter_unit_id, active, flat_id)
    VALUES (956, '01/01/2012', 'Water', 'Cold water in kitchen test478', 1, true, 478);
INSERT INTO meter(meter_id, installation_date, type, title, meter_unit_id, active, flat_id)
    VALUES (957, '01/01/2012', 'Electricity', 'Electricity in hall test478', 2, true, 478);
INSERT INTO Meter_reading(value, date, paid, meter_id)
        VALUES (293, '2012-1-13', false, 956);
INSERT INTO Meter_reading(value, date, paid, meter_id)
        VALUES (309, '2012-1-24', false, 956);
INSERT INTO Meter_reading(value, date, paid, meter_id)
        VALUES (313, '2012-2-8', false, 956);
INSERT INTO Meter_reading(value, date, paid, meter_id)
        VALUES (319, '2012-2-15', false, 956);
INSERT INTO Meter_reading(value, date, paid, meter_id)
        VALUES (329, '2012-3-2', false, 956);
INSERT INTO Meter_reading(value, date, paid, meter_id)
        VALUES (271, '2012-1-8', false, 957);
INSERT INTO Meter_reading(value, date, paid, meter_id)
        VALUES (301, '2012-1-20', false, 957);
INSERT INTO Meter_reading(value, date, paid, meter_id)
        VALUES (328, '2012-2-1', false, 957);
INSERT INTO Meter_reading(value, date, paid, meter_id)
        VALUES (359, '2012-2-11', false, 957);
INSERT INTO Meter_reading(value, date, paid, meter_id)
        VALUES (384, '2012-2-19', false, 957);
INSERT INTO Meter_reading(value, date, paid, meter_id)
        VALUES (394, '2012-2-26', false, 957);
INSERT INTO Meter_reading(value, date, paid, meter_id)
        VALUES (408, '2012-3-3', false, 957);
INSERT INTO Meter_reading(value, date, paid, meter_id)
        VALUES (412, '2012-3-6', false, 957);
INSERT INTO person(person_id, name, surname, paternal_name, registration_date, email, password_hash, is_admin) 
    VALUES (479, 'test479', 'test479', '', '01/01/2012', 'test479', '098f6bcd4621d373cade4e832627b4f6', false);
INSERT INTO dweller VALUES (479);
INSERT INTO flat(flat_id, area, flat_number, balance, cladr_id, building_id)
    VALUES (479, 191, 479, 0, 1, 1);
INSERT INTO dweller_lives_in_flat(person_id, flat_id)
    VALUES (479, 479);
INSERT INTO meter(meter_id, installation_date, type, title, meter_unit_id, active, flat_id)
    VALUES (958, '01/01/2012', 'Water', 'Cold water in kitchen test479', 1, true, 479);
INSERT INTO meter(meter_id, installation_date, type, title, meter_unit_id, active, flat_id)
    VALUES (959, '01/01/2012', 'Electricity', 'Electricity in hall test479', 2, true, 479);
INSERT INTO Meter_reading(value, date, paid, meter_id)
        VALUES (271, '2012-1-16', false, 958);
INSERT INTO Meter_reading(value, date, paid, meter_id)
        VALUES (287, '2012-1-26', false, 958);
INSERT INTO Meter_reading(value, date, paid, meter_id)
        VALUES (343, '2012-2-2', false, 958);
INSERT INTO Meter_reading(value, date, paid, meter_id)
        VALUES (402, '2012-2-10', false, 958);
INSERT INTO Meter_reading(value, date, paid, meter_id)
        VALUES (442, '2012-2-24', false, 958);
INSERT INTO Meter_reading(value, date, paid, meter_id)
        VALUES (256, '2012-1-14', false, 959);
INSERT INTO Meter_reading(value, date, paid, meter_id)
        VALUES (268, '2012-1-26', false, 959);
INSERT INTO Meter_reading(value, date, paid, meter_id)
        VALUES (359, '2012-2-12', false, 959);
INSERT INTO Meter_reading(value, date, paid, meter_id)
        VALUES (413, '2012-2-21', false, 959);
INSERT INTO Meter_reading(value, date, paid, meter_id)
        VALUES (493, '2012-3-2', false, 959);
INSERT INTO Meter_reading(value, date, paid, meter_id)
        VALUES (576, '2012-3-15', false, 959);
INSERT INTO person(person_id, name, surname, paternal_name, registration_date, email, password_hash, is_admin) 
    VALUES (480, 'test480', 'test480', '', '01/01/2012', 'test480', '098f6bcd4621d373cade4e832627b4f6', false);
INSERT INTO dweller VALUES (480);
INSERT INTO flat(flat_id, area, flat_number, balance, cladr_id, building_id)
    VALUES (480, 101, 480, 0, 1, 1);
INSERT INTO dweller_lives_in_flat(person_id, flat_id)
    VALUES (480, 480);
INSERT INTO meter(meter_id, installation_date, type, title, meter_unit_id, active, flat_id)
    VALUES (960, '01/01/2012', 'Water', 'Cold water in kitchen test480', 1, true, 480);
INSERT INTO meter(meter_id, installation_date, type, title, meter_unit_id, active, flat_id)
    VALUES (961, '01/01/2012', 'Electricity', 'Electricity in hall test480', 2, true, 480);
INSERT INTO Meter_reading(value, date, paid, meter_id)
        VALUES (27, '2012-1-16', false, 960);
INSERT INTO Meter_reading(value, date, paid, meter_id)
        VALUES (59, '2012-1-21', false, 960);
INSERT INTO Meter_reading(value, date, paid, meter_id)
        VALUES (109, '2012-1-23', false, 960);
INSERT INTO Meter_reading(value, date, paid, meter_id)
        VALUES (153, '2012-1-26', false, 960);
INSERT INTO Meter_reading(value, date, paid, meter_id)
        VALUES (202, '2012-2-12', false, 960);
INSERT INTO Meter_reading(value, date, paid, meter_id)
        VALUES (221, '2012-2-16', false, 960);
INSERT INTO Meter_reading(value, date, paid, meter_id)
        VALUES (226, '2012-3-3', false, 960);
INSERT INTO Meter_reading(value, date, paid, meter_id)
        VALUES (231, '2012-3-10', false, 960);
INSERT INTO Meter_reading(value, date, paid, meter_id)
        VALUES (240, '2012-3-12', false, 960);
INSERT INTO Meter_reading(value, date, paid, meter_id)
        VALUES (277, '2012-3-21', false, 960);
INSERT INTO Meter_reading(value, date, paid, meter_id)
        VALUES (292, '2012-4-6', false, 960);
INSERT INTO Meter_reading(value, date, paid, meter_id)
        VALUES (327, '2012-4-20', false, 960);
INSERT INTO Meter_reading(value, date, paid, meter_id)
        VALUES (365, '2012-4-26', false, 960);
INSERT INTO Meter_reading(value, date, paid, meter_id)
        VALUES (304, '2012-1-12', false, 961);
INSERT INTO Meter_reading(value, date, paid, meter_id)
        VALUES (340, '2012-1-16', false, 961);
INSERT INTO Meter_reading(value, date, paid, meter_id)
        VALUES (355, '2012-1-21', false, 961);
INSERT INTO Meter_reading(value, date, paid, meter_id)
        VALUES (380, '2012-2-4', false, 961);
INSERT INTO Meter_reading(value, date, paid, meter_id)
        VALUES (386, '2012-2-15', false, 961);
INSERT INTO Meter_reading(value, date, paid, meter_id)
        VALUES (398, '2012-2-17', false, 961);
INSERT INTO Meter_reading(value, date, paid, meter_id)
        VALUES (409, '2012-3-3', false, 961);
INSERT INTO Meter_reading(value, date, paid, meter_id)
        VALUES (424, '2012-3-5', false, 961);
INSERT INTO Meter_reading(value, date, paid, meter_id)
        VALUES (436, '2012-3-10', false, 961);
INSERT INTO Meter_reading(value, date, paid, meter_id)
        VALUES (454, '2012-3-16', false, 961);
INSERT INTO Meter_reading(value, date, paid, meter_id)
        VALUES (480, '2012-3-26', false, 961);
INSERT INTO Meter_reading(value, date, paid, meter_id)
        VALUES (515, '2012-4-7', false, 961);
INSERT INTO Meter_reading(value, date, paid, meter_id)
        VALUES (543, '2012-4-16', false, 961);
INSERT INTO person(person_id, name, surname, paternal_name, registration_date, email, password_hash, is_admin) 
    VALUES (481, 'test481', 'test481', '', '01/01/2012', 'test481', '098f6bcd4621d373cade4e832627b4f6', false);
INSERT INTO dweller VALUES (481);
INSERT INTO flat(flat_id, area, flat_number, balance, cladr_id, building_id)
    VALUES (481, 61, 481, 0, 1, 1);
INSERT INTO dweller_lives_in_flat(person_id, flat_id)
    VALUES (481, 481);
INSERT INTO meter(meter_id, installation_date, type, title, meter_unit_id, active, flat_id)
    VALUES (962, '01/01/2012', 'Water', 'Cold water in kitchen test481', 1, true, 481);
INSERT INTO meter(meter_id, installation_date, type, title, meter_unit_id, active, flat_id)
    VALUES (963, '01/01/2012', 'Electricity', 'Electricity in hall test481', 2, true, 481);
INSERT INTO Meter_reading(value, date, paid, meter_id)
        VALUES (150, '2012-1-13', false, 962);
INSERT INTO Meter_reading(value, date, paid, meter_id)
        VALUES (156, '2012-1-24', false, 962);
INSERT INTO Meter_reading(value, date, paid, meter_id)
        VALUES (172, '2012-2-3', false, 962);
INSERT INTO Meter_reading(value, date, paid, meter_id)
        VALUES (191, '2012-2-16', false, 962);
INSERT INTO Meter_reading(value, date, paid, meter_id)
        VALUES (231, '2012-2-27', false, 962);
INSERT INTO Meter_reading(value, date, paid, meter_id)
        VALUES (241, '2012-3-1', false, 962);
INSERT INTO Meter_reading(value, date, paid, meter_id)
        VALUES (259, '2012-3-7', false, 962);
INSERT INTO Meter_reading(value, date, paid, meter_id)
        VALUES (289, '2012-3-17', false, 962);
INSERT INTO Meter_reading(value, date, paid, meter_id)
        VALUES (316, '2012-3-21', false, 962);
INSERT INTO Meter_reading(value, date, paid, meter_id)
        VALUES (332, '2012-4-4', false, 962);
INSERT INTO Meter_reading(value, date, paid, meter_id)
        VALUES (342, '2012-4-8', false, 962);
INSERT INTO Meter_reading(value, date, paid, meter_id)
        VALUES (379, '2012-4-18', false, 962);
INSERT INTO Meter_reading(value, date, paid, meter_id)
        VALUES (421, '2012-4-19', false, 962);
INSERT INTO Meter_reading(value, date, paid, meter_id)
        VALUES (434, '2012-5-3', false, 962);
INSERT INTO Meter_reading(value, date, paid, meter_id)
        VALUES (46, '2012-1-13', false, 963);
INSERT INTO Meter_reading(value, date, paid, meter_id)
        VALUES (49, '2012-1-15', false, 963);
INSERT INTO Meter_reading(value, date, paid, meter_id)
        VALUES (53, '2012-1-16', false, 963);
INSERT INTO Meter_reading(value, date, paid, meter_id)
        VALUES (55, '2012-2-2', false, 963);
INSERT INTO Meter_reading(value, date, paid, meter_id)
        VALUES (59, '2012-2-13', false, 963);
INSERT INTO Meter_reading(value, date, paid, meter_id)
        VALUES (62, '2012-2-14', false, 963);
INSERT INTO Meter_reading(value, date, paid, meter_id)
        VALUES (66, '2012-2-22', false, 963);
INSERT INTO person(person_id, name, surname, paternal_name, registration_date, email, password_hash, is_admin) 
    VALUES (482, 'test482', 'test482', '', '01/01/2012', 'test482', '098f6bcd4621d373cade4e832627b4f6', false);
INSERT INTO dweller VALUES (482);
INSERT INTO flat(flat_id, area, flat_number, balance, cladr_id, building_id)
    VALUES (482, 286, 482, 0, 1, 1);
INSERT INTO dweller_lives_in_flat(person_id, flat_id)
    VALUES (482, 482);
INSERT INTO meter(meter_id, installation_date, type, title, meter_unit_id, active, flat_id)
    VALUES (964, '01/01/2012', 'Water', 'Cold water in kitchen test482', 1, true, 482);
INSERT INTO meter(meter_id, installation_date, type, title, meter_unit_id, active, flat_id)
    VALUES (965, '01/01/2012', 'Electricity', 'Electricity in hall test482', 2, true, 482);
INSERT INTO Meter_reading(value, date, paid, meter_id)
        VALUES (224, '2012-1-3', false, 964);
INSERT INTO Meter_reading(value, date, paid, meter_id)
        VALUES (244, '2012-1-14', false, 964);
INSERT INTO Meter_reading(value, date, paid, meter_id)
        VALUES (247, '2012-1-23', false, 964);
INSERT INTO Meter_reading(value, date, paid, meter_id)
        VALUES (273, '2012-2-9', false, 964);
INSERT INTO Meter_reading(value, date, paid, meter_id)
        VALUES (301, '2012-2-22', false, 964);
INSERT INTO Meter_reading(value, date, paid, meter_id)
        VALUES (326, '2012-3-8', false, 964);
INSERT INTO Meter_reading(value, date, paid, meter_id)
        VALUES (346, '2012-3-9', false, 964);
INSERT INTO Meter_reading(value, date, paid, meter_id)
        VALUES (359, '2012-3-14', false, 964);
INSERT INTO Meter_reading(value, date, paid, meter_id)
        VALUES (374, '2012-3-26', false, 964);
INSERT INTO Meter_reading(value, date, paid, meter_id)
        VALUES (381, '2012-4-5', false, 964);
INSERT INTO Meter_reading(value, date, paid, meter_id)
        VALUES (382, '2012-4-8', false, 964);
INSERT INTO Meter_reading(value, date, paid, meter_id)
        VALUES (278, '2012-1-3', false, 965);
INSERT INTO Meter_reading(value, date, paid, meter_id)
        VALUES (284, '2012-1-8', false, 965);
INSERT INTO Meter_reading(value, date, paid, meter_id)
        VALUES (289, '2012-1-17', false, 965);
INSERT INTO Meter_reading(value, date, paid, meter_id)
        VALUES (295, '2012-1-25', false, 965);
INSERT INTO Meter_reading(value, date, paid, meter_id)
        VALUES (305, '2012-2-10', false, 965);
INSERT INTO Meter_reading(value, date, paid, meter_id)
        VALUES (310, '2012-2-21', false, 965);
INSERT INTO Meter_reading(value, date, paid, meter_id)
        VALUES (315, '2012-2-26', false, 965);
INSERT INTO Meter_reading(value, date, paid, meter_id)
        VALUES (317, '2012-3-7', false, 965);
INSERT INTO Meter_reading(value, date, paid, meter_id)
        VALUES (318, '2012-3-21', false, 965);
INSERT INTO person(person_id, name, surname, paternal_name, registration_date, email, password_hash, is_admin) 
    VALUES (483, 'test483', 'test483', '', '01/01/2012', 'test483', '098f6bcd4621d373cade4e832627b4f6', false);
INSERT INTO dweller VALUES (483);
INSERT INTO flat(flat_id, area, flat_number, balance, cladr_id, building_id)
    VALUES (483, 227, 483, 0, 1, 1);
INSERT INTO dweller_lives_in_flat(person_id, flat_id)
    VALUES (483, 483);
INSERT INTO meter(meter_id, installation_date, type, title, meter_unit_id, active, flat_id)
    VALUES (966, '01/01/2012', 'Water', 'Cold water in kitchen test483', 1, true, 483);
INSERT INTO meter(meter_id, installation_date, type, title, meter_unit_id, active, flat_id)
    VALUES (967, '01/01/2012', 'Electricity', 'Electricity in hall test483', 2, true, 483);
INSERT INTO Meter_reading(value, date, paid, meter_id)
        VALUES (68, '2012-1-5', false, 966);
INSERT INTO Meter_reading(value, date, paid, meter_id)
        VALUES (90, '2012-1-8', false, 966);
INSERT INTO Meter_reading(value, date, paid, meter_id)
        VALUES (107, '2012-1-9', false, 966);
INSERT INTO Meter_reading(value, date, paid, meter_id)
        VALUES (112, '2012-1-12', false, 966);
INSERT INTO Meter_reading(value, date, paid, meter_id)
        VALUES (124, '2012-1-25', false, 966);
INSERT INTO Meter_reading(value, date, paid, meter_id)
        VALUES (12, '2012-1-10', false, 967);
INSERT INTO Meter_reading(value, date, paid, meter_id)
        VALUES (20, '2012-1-22', false, 967);
INSERT INTO Meter_reading(value, date, paid, meter_id)
        VALUES (49, '2012-1-23', false, 967);
INSERT INTO Meter_reading(value, date, paid, meter_id)
        VALUES (74, '2012-2-4', false, 967);
INSERT INTO Meter_reading(value, date, paid, meter_id)
        VALUES (93, '2012-2-18', false, 967);
INSERT INTO Meter_reading(value, date, paid, meter_id)
        VALUES (112, '2012-3-1', false, 967);
INSERT INTO person(person_id, name, surname, paternal_name, registration_date, email, password_hash, is_admin) 
    VALUES (484, 'test484', 'test484', '', '01/01/2012', 'test484', '098f6bcd4621d373cade4e832627b4f6', false);
INSERT INTO dweller VALUES (484);
INSERT INTO flat(flat_id, area, flat_number, balance, cladr_id, building_id)
    VALUES (484, 79, 484, 0, 1, 1);
INSERT INTO dweller_lives_in_flat(person_id, flat_id)
    VALUES (484, 484);
INSERT INTO meter(meter_id, installation_date, type, title, meter_unit_id, active, flat_id)
    VALUES (968, '01/01/2012', 'Water', 'Cold water in kitchen test484', 1, true, 484);
INSERT INTO meter(meter_id, installation_date, type, title, meter_unit_id, active, flat_id)
    VALUES (969, '01/01/2012', 'Electricity', 'Electricity in hall test484', 2, true, 484);
INSERT INTO Meter_reading(value, date, paid, meter_id)
        VALUES (189, '2012-1-11', false, 968);
INSERT INTO Meter_reading(value, date, paid, meter_id)
        VALUES (225, '2012-1-14', false, 968);
INSERT INTO Meter_reading(value, date, paid, meter_id)
        VALUES (310, '2012-1-19', false, 968);
INSERT INTO Meter_reading(value, date, paid, meter_id)
        VALUES (380, '2012-1-20', false, 968);
INSERT INTO Meter_reading(value, date, paid, meter_id)
        VALUES (450, '2012-1-24', false, 968);
INSERT INTO Meter_reading(value, date, paid, meter_id)
        VALUES (491, '2012-2-8', false, 968);
INSERT INTO Meter_reading(value, date, paid, meter_id)
        VALUES (533, '2012-2-16', false, 968);
INSERT INTO Meter_reading(value, date, paid, meter_id)
        VALUES (577, '2012-2-19', false, 968);
INSERT INTO Meter_reading(value, date, paid, meter_id)
        VALUES (635, '2012-2-26', false, 968);
INSERT INTO Meter_reading(value, date, paid, meter_id)
        VALUES (141, '2012-1-3', false, 969);
INSERT INTO Meter_reading(value, date, paid, meter_id)
        VALUES (188, '2012-1-12', false, 969);
INSERT INTO Meter_reading(value, date, paid, meter_id)
        VALUES (206, '2012-1-19', false, 969);
INSERT INTO Meter_reading(value, date, paid, meter_id)
        VALUES (240, '2012-1-22', false, 969);
INSERT INTO Meter_reading(value, date, paid, meter_id)
        VALUES (287, '2012-1-27', false, 969);
INSERT INTO Meter_reading(value, date, paid, meter_id)
        VALUES (328, '2012-2-8', false, 969);
INSERT INTO person(person_id, name, surname, paternal_name, registration_date, email, password_hash, is_admin) 
    VALUES (485, 'test485', 'test485', '', '01/01/2012', 'test485', '098f6bcd4621d373cade4e832627b4f6', false);
INSERT INTO dweller VALUES (485);
INSERT INTO flat(flat_id, area, flat_number, balance, cladr_id, building_id)
    VALUES (485, 303, 485, 0, 1, 1);
INSERT INTO dweller_lives_in_flat(person_id, flat_id)
    VALUES (485, 485);
INSERT INTO meter(meter_id, installation_date, type, title, meter_unit_id, active, flat_id)
    VALUES (970, '01/01/2012', 'Water', 'Cold water in kitchen test485', 1, true, 485);
INSERT INTO meter(meter_id, installation_date, type, title, meter_unit_id, active, flat_id)
    VALUES (971, '01/01/2012', 'Electricity', 'Electricity in hall test485', 2, true, 485);
INSERT INTO Meter_reading(value, date, paid, meter_id)
        VALUES (173, '2012-1-3', false, 970);
INSERT INTO Meter_reading(value, date, paid, meter_id)
        VALUES (190, '2012-1-5', false, 970);
INSERT INTO Meter_reading(value, date, paid, meter_id)
        VALUES (197, '2012-1-13', false, 970);
INSERT INTO Meter_reading(value, date, paid, meter_id)
        VALUES (198, '2012-1-20', false, 970);
INSERT INTO Meter_reading(value, date, paid, meter_id)
        VALUES (199, '2012-1-27', false, 970);
INSERT INTO Meter_reading(value, date, paid, meter_id)
        VALUES (204, '2012-2-10', false, 970);
INSERT INTO Meter_reading(value, date, paid, meter_id)
        VALUES (213, '2012-1-16', false, 971);
INSERT INTO Meter_reading(value, date, paid, meter_id)
        VALUES (263, '2012-1-21', false, 971);
INSERT INTO Meter_reading(value, date, paid, meter_id)
        VALUES (330, '2012-2-3', false, 971);
INSERT INTO Meter_reading(value, date, paid, meter_id)
        VALUES (339, '2012-2-4', false, 971);
INSERT INTO Meter_reading(value, date, paid, meter_id)
        VALUES (401, '2012-2-8', false, 971);
INSERT INTO Meter_reading(value, date, paid, meter_id)
        VALUES (463, '2012-2-20', false, 971);
INSERT INTO Meter_reading(value, date, paid, meter_id)
        VALUES (467, '2012-2-25', false, 971);
INSERT INTO Meter_reading(value, date, paid, meter_id)
        VALUES (525, '2012-3-1', false, 971);
INSERT INTO Meter_reading(value, date, paid, meter_id)
        VALUES (588, '2012-3-3', false, 971);
INSERT INTO Meter_reading(value, date, paid, meter_id)
        VALUES (634, '2012-3-12', false, 971);
INSERT INTO Meter_reading(value, date, paid, meter_id)
        VALUES (690, '2012-3-13', false, 971);
INSERT INTO Meter_reading(value, date, paid, meter_id)
        VALUES (705, '2012-3-24', false, 971);
INSERT INTO Meter_reading(value, date, paid, meter_id)
        VALUES (754, '2012-3-27', false, 971);
INSERT INTO person(person_id, name, surname, paternal_name, registration_date, email, password_hash, is_admin) 
    VALUES (486, 'test486', 'test486', '', '01/01/2012', 'test486', '098f6bcd4621d373cade4e832627b4f6', false);
INSERT INTO dweller VALUES (486);
INSERT INTO flat(flat_id, area, flat_number, balance, cladr_id, building_id)
    VALUES (486, 246, 486, 0, 1, 1);
INSERT INTO dweller_lives_in_flat(person_id, flat_id)
    VALUES (486, 486);
INSERT INTO meter(meter_id, installation_date, type, title, meter_unit_id, active, flat_id)
    VALUES (972, '01/01/2012', 'Water', 'Cold water in kitchen test486', 1, true, 486);
INSERT INTO meter(meter_id, installation_date, type, title, meter_unit_id, active, flat_id)
    VALUES (973, '01/01/2012', 'Electricity', 'Electricity in hall test486', 2, true, 486);
INSERT INTO Meter_reading(value, date, paid, meter_id)
        VALUES (230, '2012-1-4', false, 972);
INSERT INTO Meter_reading(value, date, paid, meter_id)
        VALUES (235, '2012-1-8', false, 972);
INSERT INTO Meter_reading(value, date, paid, meter_id)
        VALUES (242, '2012-1-21', false, 972);
INSERT INTO Meter_reading(value, date, paid, meter_id)
        VALUES (258, '2012-1-24', false, 972);
INSERT INTO Meter_reading(value, date, paid, meter_id)
        VALUES (266, '2012-2-9', false, 972);
INSERT INTO Meter_reading(value, date, paid, meter_id)
        VALUES (279, '2012-2-20', false, 972);
INSERT INTO Meter_reading(value, date, paid, meter_id)
        VALUES (294, '2012-2-24', false, 972);
INSERT INTO Meter_reading(value, date, paid, meter_id)
        VALUES (313, '2012-3-5', false, 972);
INSERT INTO Meter_reading(value, date, paid, meter_id)
        VALUES (327, '2012-3-15', false, 972);
INSERT INTO Meter_reading(value, date, paid, meter_id)
        VALUES (347, '2012-3-26', false, 972);
INSERT INTO Meter_reading(value, date, paid, meter_id)
        VALUES (112, '2012-1-8', false, 973);
INSERT INTO Meter_reading(value, date, paid, meter_id)
        VALUES (115, '2012-1-9', false, 973);
INSERT INTO Meter_reading(value, date, paid, meter_id)
        VALUES (124, '2012-1-22', false, 973);
INSERT INTO Meter_reading(value, date, paid, meter_id)
        VALUES (135, '2012-1-23', false, 973);
INSERT INTO Meter_reading(value, date, paid, meter_id)
        VALUES (139, '2012-2-5', false, 973);
INSERT INTO person(person_id, name, surname, paternal_name, registration_date, email, password_hash, is_admin) 
    VALUES (487, 'test487', 'test487', '', '01/01/2012', 'test487', '098f6bcd4621d373cade4e832627b4f6', false);
INSERT INTO dweller VALUES (487);
INSERT INTO flat(flat_id, area, flat_number, balance, cladr_id, building_id)
    VALUES (487, 93, 487, 0, 1, 1);
INSERT INTO dweller_lives_in_flat(person_id, flat_id)
    VALUES (487, 487);
INSERT INTO meter(meter_id, installation_date, type, title, meter_unit_id, active, flat_id)
    VALUES (974, '01/01/2012', 'Water', 'Cold water in kitchen test487', 1, true, 487);
INSERT INTO meter(meter_id, installation_date, type, title, meter_unit_id, active, flat_id)
    VALUES (975, '01/01/2012', 'Electricity', 'Electricity in hall test487', 2, true, 487);
INSERT INTO Meter_reading(value, date, paid, meter_id)
        VALUES (70, '2012-1-6', false, 974);
INSERT INTO Meter_reading(value, date, paid, meter_id)
        VALUES (92, '2012-1-18', false, 974);
INSERT INTO Meter_reading(value, date, paid, meter_id)
        VALUES (96, '2012-1-26', false, 974);
INSERT INTO Meter_reading(value, date, paid, meter_id)
        VALUES (107, '2012-2-9', false, 974);
INSERT INTO Meter_reading(value, date, paid, meter_id)
        VALUES (127, '2012-2-17', false, 974);
INSERT INTO Meter_reading(value, date, paid, meter_id)
        VALUES (141, '2012-2-22', false, 974);
INSERT INTO Meter_reading(value, date, paid, meter_id)
        VALUES (143, '2012-3-6', false, 974);
INSERT INTO Meter_reading(value, date, paid, meter_id)
        VALUES (148, '2012-3-14', false, 974);
INSERT INTO Meter_reading(value, date, paid, meter_id)
        VALUES (167, '2012-3-18', false, 974);
INSERT INTO Meter_reading(value, date, paid, meter_id)
        VALUES (182, '2012-4-1', false, 974);
INSERT INTO Meter_reading(value, date, paid, meter_id)
        VALUES (191, '2012-4-5', false, 974);
INSERT INTO Meter_reading(value, date, paid, meter_id)
        VALUES (194, '2012-4-7', false, 974);
INSERT INTO Meter_reading(value, date, paid, meter_id)
        VALUES (23, '2012-1-7', false, 975);
INSERT INTO Meter_reading(value, date, paid, meter_id)
        VALUES (25, '2012-1-9', false, 975);
INSERT INTO Meter_reading(value, date, paid, meter_id)
        VALUES (86, '2012-1-18', false, 975);
INSERT INTO Meter_reading(value, date, paid, meter_id)
        VALUES (128, '2012-1-23', false, 975);
INSERT INTO Meter_reading(value, date, paid, meter_id)
        VALUES (184, '2012-1-25', false, 975);
INSERT INTO Meter_reading(value, date, paid, meter_id)
        VALUES (225, '2012-2-4', false, 975);
INSERT INTO Meter_reading(value, date, paid, meter_id)
        VALUES (277, '2012-2-10', false, 975);
INSERT INTO Meter_reading(value, date, paid, meter_id)
        VALUES (333, '2012-2-13', false, 975);
INSERT INTO Meter_reading(value, date, paid, meter_id)
        VALUES (344, '2012-2-18', false, 975);
INSERT INTO Meter_reading(value, date, paid, meter_id)
        VALUES (368, '2012-3-1', false, 975);
INSERT INTO person(person_id, name, surname, paternal_name, registration_date, email, password_hash, is_admin) 
    VALUES (488, 'test488', 'test488', '', '01/01/2012', 'test488', '098f6bcd4621d373cade4e832627b4f6', false);
INSERT INTO dweller VALUES (488);
INSERT INTO flat(flat_id, area, flat_number, balance, cladr_id, building_id)
    VALUES (488, 61, 488, 0, 1, 1);
INSERT INTO dweller_lives_in_flat(person_id, flat_id)
    VALUES (488, 488);
INSERT INTO meter(meter_id, installation_date, type, title, meter_unit_id, active, flat_id)
    VALUES (976, '01/01/2012', 'Water', 'Cold water in kitchen test488', 1, true, 488);
INSERT INTO meter(meter_id, installation_date, type, title, meter_unit_id, active, flat_id)
    VALUES (977, '01/01/2012', 'Electricity', 'Electricity in hall test488', 2, true, 488);
INSERT INTO Meter_reading(value, date, paid, meter_id)
        VALUES (29, '2012-1-6', false, 976);
INSERT INTO Meter_reading(value, date, paid, meter_id)
        VALUES (58, '2012-1-15', false, 976);
INSERT INTO Meter_reading(value, date, paid, meter_id)
        VALUES (83, '2012-1-24', false, 976);
INSERT INTO Meter_reading(value, date, paid, meter_id)
        VALUES (95, '2012-2-10', false, 976);
INSERT INTO Meter_reading(value, date, paid, meter_id)
        VALUES (110, '2012-2-18', false, 976);
INSERT INTO Meter_reading(value, date, paid, meter_id)
        VALUES (128, '2012-2-27', false, 976);
INSERT INTO Meter_reading(value, date, paid, meter_id)
        VALUES (145, '2012-3-5', false, 976);
INSERT INTO Meter_reading(value, date, paid, meter_id)
        VALUES (202, '2012-1-9', false, 977);
INSERT INTO Meter_reading(value, date, paid, meter_id)
        VALUES (239, '2012-1-10', false, 977);
INSERT INTO Meter_reading(value, date, paid, meter_id)
        VALUES (269, '2012-1-14', false, 977);
INSERT INTO Meter_reading(value, date, paid, meter_id)
        VALUES (318, '2012-1-20', false, 977);
INSERT INTO Meter_reading(value, date, paid, meter_id)
        VALUES (327, '2012-1-24', false, 977);
INSERT INTO Meter_reading(value, date, paid, meter_id)
        VALUES (369, '2012-1-26', false, 977);
INSERT INTO Meter_reading(value, date, paid, meter_id)
        VALUES (414, '2012-2-1', false, 977);
INSERT INTO Meter_reading(value, date, paid, meter_id)
        VALUES (438, '2012-2-10', false, 977);
INSERT INTO Meter_reading(value, date, paid, meter_id)
        VALUES (478, '2012-2-11', false, 977);
INSERT INTO Meter_reading(value, date, paid, meter_id)
        VALUES (492, '2012-2-18', false, 977);
INSERT INTO Meter_reading(value, date, paid, meter_id)
        VALUES (527, '2012-2-22', false, 977);
INSERT INTO Meter_reading(value, date, paid, meter_id)
        VALUES (549, '2012-3-9', false, 977);
INSERT INTO Meter_reading(value, date, paid, meter_id)
        VALUES (616, '2012-3-23', false, 977);
INSERT INTO Meter_reading(value, date, paid, meter_id)
        VALUES (668, '2012-4-9', false, 977);
INSERT INTO person(person_id, name, surname, paternal_name, registration_date, email, password_hash, is_admin) 
    VALUES (489, 'test489', 'test489', '', '01/01/2012', 'test489', '098f6bcd4621d373cade4e832627b4f6', false);
INSERT INTO dweller VALUES (489);
INSERT INTO flat(flat_id, area, flat_number, balance, cladr_id, building_id)
    VALUES (489, 211, 489, 0, 1, 1);
INSERT INTO dweller_lives_in_flat(person_id, flat_id)
    VALUES (489, 489);
INSERT INTO meter(meter_id, installation_date, type, title, meter_unit_id, active, flat_id)
    VALUES (978, '01/01/2012', 'Water', 'Cold water in kitchen test489', 1, true, 489);
INSERT INTO meter(meter_id, installation_date, type, title, meter_unit_id, active, flat_id)
    VALUES (979, '01/01/2012', 'Electricity', 'Electricity in hall test489', 2, true, 489);
INSERT INTO Meter_reading(value, date, paid, meter_id)
        VALUES (154, '2012-1-4', false, 978);
INSERT INTO Meter_reading(value, date, paid, meter_id)
        VALUES (158, '2012-1-17', false, 978);
INSERT INTO Meter_reading(value, date, paid, meter_id)
        VALUES (166, '2012-1-19', false, 978);
INSERT INTO Meter_reading(value, date, paid, meter_id)
        VALUES (169, '2012-1-21', false, 978);
INSERT INTO Meter_reading(value, date, paid, meter_id)
        VALUES (197, '2012-2-5', false, 978);
INSERT INTO Meter_reading(value, date, paid, meter_id)
        VALUES (204, '2012-2-18', false, 978);
INSERT INTO Meter_reading(value, date, paid, meter_id)
        VALUES (215, '2012-3-2', false, 978);
INSERT INTO Meter_reading(value, date, paid, meter_id)
        VALUES (236, '2012-3-11', false, 978);
INSERT INTO Meter_reading(value, date, paid, meter_id)
        VALUES (237, '2012-3-12', false, 978);
INSERT INTO Meter_reading(value, date, paid, meter_id)
        VALUES (239, '2012-3-16', false, 978);
INSERT INTO Meter_reading(value, date, paid, meter_id)
        VALUES (244, '2012-4-1', false, 978);
INSERT INTO Meter_reading(value, date, paid, meter_id)
        VALUES (257, '2012-4-13', false, 978);
INSERT INTO Meter_reading(value, date, paid, meter_id)
        VALUES (281, '2012-4-22', false, 978);
INSERT INTO Meter_reading(value, date, paid, meter_id)
        VALUES (227, '2012-1-11', false, 979);
INSERT INTO Meter_reading(value, date, paid, meter_id)
        VALUES (258, '2012-1-21', false, 979);
INSERT INTO Meter_reading(value, date, paid, meter_id)
        VALUES (318, '2012-1-26', false, 979);
INSERT INTO Meter_reading(value, date, paid, meter_id)
        VALUES (377, '2012-2-3', false, 979);
INSERT INTO Meter_reading(value, date, paid, meter_id)
        VALUES (382, '2012-2-12', false, 979);
INSERT INTO person(person_id, name, surname, paternal_name, registration_date, email, password_hash, is_admin) 
    VALUES (490, 'test490', 'test490', '', '01/01/2012', 'test490', '098f6bcd4621d373cade4e832627b4f6', false);
INSERT INTO dweller VALUES (490);
INSERT INTO flat(flat_id, area, flat_number, balance, cladr_id, building_id)
    VALUES (490, 264, 490, 0, 1, 1);
INSERT INTO dweller_lives_in_flat(person_id, flat_id)
    VALUES (490, 490);
INSERT INTO meter(meter_id, installation_date, type, title, meter_unit_id, active, flat_id)
    VALUES (980, '01/01/2012', 'Water', 'Cold water in kitchen test490', 1, true, 490);
INSERT INTO meter(meter_id, installation_date, type, title, meter_unit_id, active, flat_id)
    VALUES (981, '01/01/2012', 'Electricity', 'Electricity in hall test490', 2, true, 490);
INSERT INTO Meter_reading(value, date, paid, meter_id)
        VALUES (211, '2012-1-6', false, 980);
INSERT INTO Meter_reading(value, date, paid, meter_id)
        VALUES (224, '2012-1-19', false, 980);
INSERT INTO Meter_reading(value, date, paid, meter_id)
        VALUES (246, '2012-2-1', false, 980);
INSERT INTO Meter_reading(value, date, paid, meter_id)
        VALUES (267, '2012-2-10', false, 980);
INSERT INTO Meter_reading(value, date, paid, meter_id)
        VALUES (292, '2012-2-17', false, 980);
INSERT INTO Meter_reading(value, date, paid, meter_id)
        VALUES (319, '2012-2-18', false, 980);
INSERT INTO Meter_reading(value, date, paid, meter_id)
        VALUES (222, '2012-1-9', false, 981);
INSERT INTO Meter_reading(value, date, paid, meter_id)
        VALUES (245, '2012-1-20', false, 981);
INSERT INTO Meter_reading(value, date, paid, meter_id)
        VALUES (246, '2012-1-27', false, 981);
INSERT INTO Meter_reading(value, date, paid, meter_id)
        VALUES (270, '2012-2-2', false, 981);
INSERT INTO Meter_reading(value, date, paid, meter_id)
        VALUES (285, '2012-2-12', false, 981);
INSERT INTO Meter_reading(value, date, paid, meter_id)
        VALUES (288, '2012-2-15', false, 981);
INSERT INTO Meter_reading(value, date, paid, meter_id)
        VALUES (318, '2012-2-26', false, 981);
INSERT INTO Meter_reading(value, date, paid, meter_id)
        VALUES (353, '2012-3-6', false, 981);
INSERT INTO Meter_reading(value, date, paid, meter_id)
        VALUES (381, '2012-3-20', false, 981);
INSERT INTO person(person_id, name, surname, paternal_name, registration_date, email, password_hash, is_admin) 
    VALUES (491, 'test491', 'test491', '', '01/01/2012', 'test491', '098f6bcd4621d373cade4e832627b4f6', false);
INSERT INTO dweller VALUES (491);
INSERT INTO flat(flat_id, area, flat_number, balance, cladr_id, building_id)
    VALUES (491, 147, 491, 0, 1, 1);
INSERT INTO dweller_lives_in_flat(person_id, flat_id)
    VALUES (491, 491);
INSERT INTO meter(meter_id, installation_date, type, title, meter_unit_id, active, flat_id)
    VALUES (982, '01/01/2012', 'Water', 'Cold water in kitchen test491', 1, true, 491);
INSERT INTO meter(meter_id, installation_date, type, title, meter_unit_id, active, flat_id)
    VALUES (983, '01/01/2012', 'Electricity', 'Electricity in hall test491', 2, true, 491);
INSERT INTO Meter_reading(value, date, paid, meter_id)
        VALUES (240, '2012-1-6', false, 982);
INSERT INTO Meter_reading(value, date, paid, meter_id)
        VALUES (282, '2012-1-13', false, 982);
INSERT INTO Meter_reading(value, date, paid, meter_id)
        VALUES (305, '2012-1-27', false, 982);
INSERT INTO Meter_reading(value, date, paid, meter_id)
        VALUES (307, '2012-2-3', false, 982);
INSERT INTO Meter_reading(value, date, paid, meter_id)
        VALUES (399, '2012-2-6', false, 982);
INSERT INTO Meter_reading(value, date, paid, meter_id)
        VALUES (468, '2012-2-18', false, 982);
INSERT INTO Meter_reading(value, date, paid, meter_id)
        VALUES (546, '2012-3-2', false, 982);
INSERT INTO Meter_reading(value, date, paid, meter_id)
        VALUES (637, '2012-3-6', false, 982);
INSERT INTO Meter_reading(value, date, paid, meter_id)
        VALUES (706, '2012-3-20', false, 982);
INSERT INTO Meter_reading(value, date, paid, meter_id)
        VALUES (768, '2012-3-23', false, 982);
INSERT INTO Meter_reading(value, date, paid, meter_id)
        VALUES (859, '2012-4-10', false, 982);
INSERT INTO Meter_reading(value, date, paid, meter_id)
        VALUES (286, '2012-1-9', false, 983);
INSERT INTO Meter_reading(value, date, paid, meter_id)
        VALUES (303, '2012-1-14', false, 983);
INSERT INTO Meter_reading(value, date, paid, meter_id)
        VALUES (306, '2012-1-23', false, 983);
INSERT INTO Meter_reading(value, date, paid, meter_id)
        VALUES (310, '2012-2-6', false, 983);
INSERT INTO Meter_reading(value, date, paid, meter_id)
        VALUES (320, '2012-2-14', false, 983);
INSERT INTO Meter_reading(value, date, paid, meter_id)
        VALUES (324, '2012-2-19', false, 983);
INSERT INTO Meter_reading(value, date, paid, meter_id)
        VALUES (328, '2012-3-4', false, 983);
INSERT INTO Meter_reading(value, date, paid, meter_id)
        VALUES (338, '2012-3-18', false, 983);
INSERT INTO Meter_reading(value, date, paid, meter_id)
        VALUES (367, '2012-3-26', false, 983);
INSERT INTO Meter_reading(value, date, paid, meter_id)
        VALUES (373, '2012-4-11', false, 983);
INSERT INTO person(person_id, name, surname, paternal_name, registration_date, email, password_hash, is_admin) 
    VALUES (492, 'test492', 'test492', '', '01/01/2012', 'test492', '098f6bcd4621d373cade4e832627b4f6', false);
INSERT INTO dweller VALUES (492);
INSERT INTO flat(flat_id, area, flat_number, balance, cladr_id, building_id)
    VALUES (492, 98, 492, 0, 1, 1);
INSERT INTO dweller_lives_in_flat(person_id, flat_id)
    VALUES (492, 492);
INSERT INTO meter(meter_id, installation_date, type, title, meter_unit_id, active, flat_id)
    VALUES (984, '01/01/2012', 'Water', 'Cold water in kitchen test492', 1, true, 492);
INSERT INTO meter(meter_id, installation_date, type, title, meter_unit_id, active, flat_id)
    VALUES (985, '01/01/2012', 'Electricity', 'Electricity in hall test492', 2, true, 492);
INSERT INTO Meter_reading(value, date, paid, meter_id)
        VALUES (60, '2012-1-3', false, 984);
INSERT INTO Meter_reading(value, date, paid, meter_id)
        VALUES (82, '2012-1-7', false, 984);
INSERT INTO Meter_reading(value, date, paid, meter_id)
        VALUES (85, '2012-1-17', false, 984);
INSERT INTO Meter_reading(value, date, paid, meter_id)
        VALUES (91, '2012-1-22', false, 984);
INSERT INTO Meter_reading(value, date, paid, meter_id)
        VALUES (92, '2012-2-4', false, 984);
INSERT INTO Meter_reading(value, date, paid, meter_id)
        VALUES (103, '2012-2-14', false, 984);
INSERT INTO Meter_reading(value, date, paid, meter_id)
        VALUES (129, '2012-2-25', false, 984);
INSERT INTO Meter_reading(value, date, paid, meter_id)
        VALUES (72, '2012-1-13', false, 985);
INSERT INTO Meter_reading(value, date, paid, meter_id)
        VALUES (89, '2012-1-23', false, 985);
INSERT INTO Meter_reading(value, date, paid, meter_id)
        VALUES (144, '2012-2-8', false, 985);
INSERT INTO Meter_reading(value, date, paid, meter_id)
        VALUES (147, '2012-2-13', false, 985);
INSERT INTO Meter_reading(value, date, paid, meter_id)
        VALUES (173, '2012-2-14', false, 985);
INSERT INTO Meter_reading(value, date, paid, meter_id)
        VALUES (226, '2012-2-25', false, 985);
INSERT INTO Meter_reading(value, date, paid, meter_id)
        VALUES (291, '2012-3-12', false, 985);
INSERT INTO Meter_reading(value, date, paid, meter_id)
        VALUES (313, '2012-3-23', false, 985);
INSERT INTO Meter_reading(value, date, paid, meter_id)
        VALUES (355, '2012-3-26', false, 985);
INSERT INTO Meter_reading(value, date, paid, meter_id)
        VALUES (361, '2012-4-8', false, 985);
INSERT INTO person(person_id, name, surname, paternal_name, registration_date, email, password_hash, is_admin) 
    VALUES (493, 'test493', 'test493', '', '01/01/2012', 'test493', '098f6bcd4621d373cade4e832627b4f6', false);
INSERT INTO dweller VALUES (493);
INSERT INTO flat(flat_id, area, flat_number, balance, cladr_id, building_id)
    VALUES (493, 129, 493, 0, 1, 1);
INSERT INTO dweller_lives_in_flat(person_id, flat_id)
    VALUES (493, 493);
INSERT INTO meter(meter_id, installation_date, type, title, meter_unit_id, active, flat_id)
    VALUES (986, '01/01/2012', 'Water', 'Cold water in kitchen test493', 1, true, 493);
INSERT INTO meter(meter_id, installation_date, type, title, meter_unit_id, active, flat_id)
    VALUES (987, '01/01/2012', 'Electricity', 'Electricity in hall test493', 2, true, 493);
INSERT INTO Meter_reading(value, date, paid, meter_id)
        VALUES (228, '2012-1-12', false, 986);
INSERT INTO Meter_reading(value, date, paid, meter_id)
        VALUES (241, '2012-1-24', false, 986);
INSERT INTO Meter_reading(value, date, paid, meter_id)
        VALUES (259, '2012-1-25', false, 986);
INSERT INTO Meter_reading(value, date, paid, meter_id)
        VALUES (264, '2012-1-26', false, 986);
INSERT INTO Meter_reading(value, date, paid, meter_id)
        VALUES (271, '2012-2-11', false, 986);
INSERT INTO Meter_reading(value, date, paid, meter_id)
        VALUES (287, '2012-2-18', false, 986);
INSERT INTO Meter_reading(value, date, paid, meter_id)
        VALUES (288, '2012-2-20', false, 986);
INSERT INTO Meter_reading(value, date, paid, meter_id)
        VALUES (299, '2012-3-1', false, 986);
INSERT INTO Meter_reading(value, date, paid, meter_id)
        VALUES (312, '2012-3-14', false, 986);
INSERT INTO Meter_reading(value, date, paid, meter_id)
        VALUES (319, '2012-3-16', false, 986);
INSERT INTO Meter_reading(value, date, paid, meter_id)
        VALUES (259, '2012-1-6', false, 987);
INSERT INTO Meter_reading(value, date, paid, meter_id)
        VALUES (281, '2012-1-16', false, 987);
INSERT INTO Meter_reading(value, date, paid, meter_id)
        VALUES (290, '2012-2-2', false, 987);
INSERT INTO Meter_reading(value, date, paid, meter_id)
        VALUES (314, '2012-2-6', false, 987);
INSERT INTO Meter_reading(value, date, paid, meter_id)
        VALUES (333, '2012-2-19', false, 987);
INSERT INTO Meter_reading(value, date, paid, meter_id)
        VALUES (356, '2012-3-2', false, 987);
INSERT INTO Meter_reading(value, date, paid, meter_id)
        VALUES (365, '2012-3-7', false, 987);
INSERT INTO Meter_reading(value, date, paid, meter_id)
        VALUES (380, '2012-3-14', false, 987);
INSERT INTO Meter_reading(value, date, paid, meter_id)
        VALUES (398, '2012-3-18', false, 987);
INSERT INTO Meter_reading(value, date, paid, meter_id)
        VALUES (410, '2012-3-26', false, 987);
INSERT INTO Meter_reading(value, date, paid, meter_id)
        VALUES (415, '2012-4-10', false, 987);
INSERT INTO Meter_reading(value, date, paid, meter_id)
        VALUES (420, '2012-4-18', false, 987);
INSERT INTO Meter_reading(value, date, paid, meter_id)
        VALUES (434, '2012-4-20', false, 987);
INSERT INTO Meter_reading(value, date, paid, meter_id)
        VALUES (445, '2012-4-21', false, 987);
INSERT INTO person(person_id, name, surname, paternal_name, registration_date, email, password_hash, is_admin) 
    VALUES (494, 'test494', 'test494', '', '01/01/2012', 'test494', '098f6bcd4621d373cade4e832627b4f6', false);
INSERT INTO dweller VALUES (494);
INSERT INTO flat(flat_id, area, flat_number, balance, cladr_id, building_id)
    VALUES (494, 185, 494, 0, 1, 1);
INSERT INTO dweller_lives_in_flat(person_id, flat_id)
    VALUES (494, 494);
INSERT INTO meter(meter_id, installation_date, type, title, meter_unit_id, active, flat_id)
    VALUES (988, '01/01/2012', 'Water', 'Cold water in kitchen test494', 1, true, 494);
INSERT INTO meter(meter_id, installation_date, type, title, meter_unit_id, active, flat_id)
    VALUES (989, '01/01/2012', 'Electricity', 'Electricity in hall test494', 2, true, 494);
INSERT INTO Meter_reading(value, date, paid, meter_id)
        VALUES (153, '2012-1-13', false, 988);
INSERT INTO Meter_reading(value, date, paid, meter_id)
        VALUES (165, '2012-1-21', false, 988);
INSERT INTO Meter_reading(value, date, paid, meter_id)
        VALUES (175, '2012-1-24', false, 988);
INSERT INTO Meter_reading(value, date, paid, meter_id)
        VALUES (182, '2012-1-27', false, 988);
INSERT INTO Meter_reading(value, date, paid, meter_id)
        VALUES (188, '2012-2-3', false, 988);
INSERT INTO Meter_reading(value, date, paid, meter_id)
        VALUES (258, '2012-1-5', false, 989);
INSERT INTO Meter_reading(value, date, paid, meter_id)
        VALUES (282, '2012-1-17', false, 989);
INSERT INTO Meter_reading(value, date, paid, meter_id)
        VALUES (310, '2012-2-3', false, 989);
INSERT INTO Meter_reading(value, date, paid, meter_id)
        VALUES (325, '2012-2-5', false, 989);
INSERT INTO Meter_reading(value, date, paid, meter_id)
        VALUES (331, '2012-2-14', false, 989);
INSERT INTO Meter_reading(value, date, paid, meter_id)
        VALUES (355, '2012-2-26', false, 989);
INSERT INTO Meter_reading(value, date, paid, meter_id)
        VALUES (383, '2012-3-3', false, 989);
INSERT INTO Meter_reading(value, date, paid, meter_id)
        VALUES (400, '2012-3-5', false, 989);
INSERT INTO Meter_reading(value, date, paid, meter_id)
        VALUES (409, '2012-3-7', false, 989);
INSERT INTO person(person_id, name, surname, paternal_name, registration_date, email, password_hash, is_admin) 
    VALUES (495, 'test495', 'test495', '', '01/01/2012', 'test495', '098f6bcd4621d373cade4e832627b4f6', false);
INSERT INTO dweller VALUES (495);
INSERT INTO flat(flat_id, area, flat_number, balance, cladr_id, building_id)
    VALUES (495, 216, 495, 0, 1, 1);
INSERT INTO dweller_lives_in_flat(person_id, flat_id)
    VALUES (495, 495);
INSERT INTO meter(meter_id, installation_date, type, title, meter_unit_id, active, flat_id)
    VALUES (990, '01/01/2012', 'Water', 'Cold water in kitchen test495', 1, true, 495);
INSERT INTO meter(meter_id, installation_date, type, title, meter_unit_id, active, flat_id)
    VALUES (991, '01/01/2012', 'Electricity', 'Electricity in hall test495', 2, true, 495);
INSERT INTO Meter_reading(value, date, paid, meter_id)
        VALUES (74, '2012-1-8', false, 990);
INSERT INTO Meter_reading(value, date, paid, meter_id)
        VALUES (88, '2012-1-16', false, 990);
INSERT INTO Meter_reading(value, date, paid, meter_id)
        VALUES (115, '2012-1-23', false, 990);
INSERT INTO Meter_reading(value, date, paid, meter_id)
        VALUES (144, '2012-1-25', false, 990);
INSERT INTO Meter_reading(value, date, paid, meter_id)
        VALUES (157, '2012-2-4', false, 990);
INSERT INTO Meter_reading(value, date, paid, meter_id)
        VALUES (170, '2012-2-17', false, 990);
INSERT INTO Meter_reading(value, date, paid, meter_id)
        VALUES (142, '2012-1-12', false, 991);
INSERT INTO Meter_reading(value, date, paid, meter_id)
        VALUES (182, '2012-1-22', false, 991);
INSERT INTO Meter_reading(value, date, paid, meter_id)
        VALUES (248, '2012-1-26', false, 991);
INSERT INTO Meter_reading(value, date, paid, meter_id)
        VALUES (307, '2012-2-6', false, 991);
INSERT INTO Meter_reading(value, date, paid, meter_id)
        VALUES (321, '2012-2-15', false, 991);
INSERT INTO Meter_reading(value, date, paid, meter_id)
        VALUES (390, '2012-2-21', false, 991);
INSERT INTO Meter_reading(value, date, paid, meter_id)
        VALUES (454, '2012-3-8', false, 991);
INSERT INTO Meter_reading(value, date, paid, meter_id)
        VALUES (476, '2012-3-13', false, 991);
INSERT INTO Meter_reading(value, date, paid, meter_id)
        VALUES (486, '2012-3-26', false, 991);
INSERT INTO Meter_reading(value, date, paid, meter_id)
        VALUES (543, '2012-4-7', false, 991);
INSERT INTO Meter_reading(value, date, paid, meter_id)
        VALUES (572, '2012-4-10', false, 991);
INSERT INTO Meter_reading(value, date, paid, meter_id)
        VALUES (642, '2012-4-21', false, 991);
INSERT INTO person(person_id, name, surname, paternal_name, registration_date, email, password_hash, is_admin) 
    VALUES (496, 'test496', 'test496', '', '01/01/2012', 'test496', '098f6bcd4621d373cade4e832627b4f6', false);
INSERT INTO dweller VALUES (496);
INSERT INTO flat(flat_id, area, flat_number, balance, cladr_id, building_id)
    VALUES (496, 276, 496, 0, 1, 1);
INSERT INTO dweller_lives_in_flat(person_id, flat_id)
    VALUES (496, 496);
INSERT INTO meter(meter_id, installation_date, type, title, meter_unit_id, active, flat_id)
    VALUES (992, '01/01/2012', 'Water', 'Cold water in kitchen test496', 1, true, 496);
INSERT INTO meter(meter_id, installation_date, type, title, meter_unit_id, active, flat_id)
    VALUES (993, '01/01/2012', 'Electricity', 'Electricity in hall test496', 2, true, 496);
INSERT INTO Meter_reading(value, date, paid, meter_id)
        VALUES (38, '2012-1-5', false, 992);
INSERT INTO Meter_reading(value, date, paid, meter_id)
        VALUES (74, '2012-1-13', false, 992);
INSERT INTO Meter_reading(value, date, paid, meter_id)
        VALUES (102, '2012-1-19', false, 992);
INSERT INTO Meter_reading(value, date, paid, meter_id)
        VALUES (103, '2012-2-6', false, 992);
INSERT INTO Meter_reading(value, date, paid, meter_id)
        VALUES (141, '2012-2-7', false, 992);
INSERT INTO Meter_reading(value, date, paid, meter_id)
        VALUES (153, '2012-2-18', false, 992);
INSERT INTO Meter_reading(value, date, paid, meter_id)
        VALUES (178, '2012-3-2', false, 992);
INSERT INTO Meter_reading(value, date, paid, meter_id)
        VALUES (203, '2012-3-3', false, 992);
INSERT INTO Meter_reading(value, date, paid, meter_id)
        VALUES (222, '2012-3-16', false, 992);
INSERT INTO Meter_reading(value, date, paid, meter_id)
        VALUES (224, '2012-3-23', false, 992);
INSERT INTO Meter_reading(value, date, paid, meter_id)
        VALUES (38, '2012-1-7', false, 993);
INSERT INTO Meter_reading(value, date, paid, meter_id)
        VALUES (57, '2012-1-20', false, 993);
INSERT INTO Meter_reading(value, date, paid, meter_id)
        VALUES (80, '2012-2-1', false, 993);
INSERT INTO Meter_reading(value, date, paid, meter_id)
        VALUES (101, '2012-2-8', false, 993);
INSERT INTO Meter_reading(value, date, paid, meter_id)
        VALUES (102, '2012-2-19', false, 993);
INSERT INTO Meter_reading(value, date, paid, meter_id)
        VALUES (106, '2012-2-24', false, 993);
INSERT INTO Meter_reading(value, date, paid, meter_id)
        VALUES (109, '2012-2-27', false, 993);
INSERT INTO Meter_reading(value, date, paid, meter_id)
        VALUES (126, '2012-3-10', false, 993);
INSERT INTO person(person_id, name, surname, paternal_name, registration_date, email, password_hash, is_admin) 
    VALUES (497, 'test497', 'test497', '', '01/01/2012', 'test497', '098f6bcd4621d373cade4e832627b4f6', false);
INSERT INTO dweller VALUES (497);
INSERT INTO flat(flat_id, area, flat_number, balance, cladr_id, building_id)
    VALUES (497, 263, 497, 0, 1, 1);
INSERT INTO dweller_lives_in_flat(person_id, flat_id)
    VALUES (497, 497);
INSERT INTO meter(meter_id, installation_date, type, title, meter_unit_id, active, flat_id)
    VALUES (994, '01/01/2012', 'Water', 'Cold water in kitchen test497', 1, true, 497);
INSERT INTO meter(meter_id, installation_date, type, title, meter_unit_id, active, flat_id)
    VALUES (995, '01/01/2012', 'Electricity', 'Electricity in hall test497', 2, true, 497);
INSERT INTO Meter_reading(value, date, paid, meter_id)
        VALUES (169, '2012-1-10', false, 994);
INSERT INTO Meter_reading(value, date, paid, meter_id)
        VALUES (181, '2012-1-14', false, 994);
INSERT INTO Meter_reading(value, date, paid, meter_id)
        VALUES (188, '2012-1-23', false, 994);
INSERT INTO Meter_reading(value, date, paid, meter_id)
        VALUES (192, '2012-2-9', false, 994);
INSERT INTO Meter_reading(value, date, paid, meter_id)
        VALUES (196, '2012-2-17', false, 994);
INSERT INTO Meter_reading(value, date, paid, meter_id)
        VALUES (199, '2012-2-27', false, 994);
INSERT INTO Meter_reading(value, date, paid, meter_id)
        VALUES (204, '2012-3-13', false, 994);
INSERT INTO Meter_reading(value, date, paid, meter_id)
        VALUES (206, '2012-3-21', false, 994);
INSERT INTO Meter_reading(value, date, paid, meter_id)
        VALUES (215, '2012-3-26', false, 994);
INSERT INTO Meter_reading(value, date, paid, meter_id)
        VALUES (225, '2012-4-8', false, 994);
INSERT INTO Meter_reading(value, date, paid, meter_id)
        VALUES (236, '2012-4-20', false, 994);
INSERT INTO Meter_reading(value, date, paid, meter_id)
        VALUES (273, '2012-1-9', false, 995);
INSERT INTO Meter_reading(value, date, paid, meter_id)
        VALUES (298, '2012-1-17', false, 995);
INSERT INTO Meter_reading(value, date, paid, meter_id)
        VALUES (323, '2012-1-21', false, 995);
INSERT INTO Meter_reading(value, date, paid, meter_id)
        VALUES (349, '2012-1-26', false, 995);
INSERT INTO Meter_reading(value, date, paid, meter_id)
        VALUES (383, '2012-2-11', false, 995);
INSERT INTO Meter_reading(value, date, paid, meter_id)
        VALUES (394, '2012-2-20', false, 995);
INSERT INTO Meter_reading(value, date, paid, meter_id)
        VALUES (430, '2012-2-27', false, 995);
INSERT INTO Meter_reading(value, date, paid, meter_id)
        VALUES (440, '2012-3-7', false, 995);
INSERT INTO person(person_id, name, surname, paternal_name, registration_date, email, password_hash, is_admin) 
    VALUES (498, 'test498', 'test498', '', '01/01/2012', 'test498', '098f6bcd4621d373cade4e832627b4f6', false);
INSERT INTO dweller VALUES (498);
INSERT INTO flat(flat_id, area, flat_number, balance, cladr_id, building_id)
    VALUES (498, 194, 498, 0, 1, 1);
INSERT INTO dweller_lives_in_flat(person_id, flat_id)
    VALUES (498, 498);
INSERT INTO meter(meter_id, installation_date, type, title, meter_unit_id, active, flat_id)
    VALUES (996, '01/01/2012', 'Water', 'Cold water in kitchen test498', 1, true, 498);
INSERT INTO meter(meter_id, installation_date, type, title, meter_unit_id, active, flat_id)
    VALUES (997, '01/01/2012', 'Electricity', 'Electricity in hall test498', 2, true, 498);
INSERT INTO Meter_reading(value, date, paid, meter_id)
        VALUES (206, '2012-1-16', false, 996);
INSERT INTO Meter_reading(value, date, paid, meter_id)
        VALUES (211, '2012-1-19', false, 996);
INSERT INTO Meter_reading(value, date, paid, meter_id)
        VALUES (235, '2012-1-27', false, 996);
INSERT INTO Meter_reading(value, date, paid, meter_id)
        VALUES (236, '2012-2-2', false, 996);
INSERT INTO Meter_reading(value, date, paid, meter_id)
        VALUES (256, '2012-2-7', false, 996);
INSERT INTO Meter_reading(value, date, paid, meter_id)
        VALUES (276, '2012-2-18', false, 996);
INSERT INTO Meter_reading(value, date, paid, meter_id)
        VALUES (301, '2012-2-27', false, 996);
INSERT INTO Meter_reading(value, date, paid, meter_id)
        VALUES (308, '2012-3-11', false, 996);
INSERT INTO Meter_reading(value, date, paid, meter_id)
        VALUES (330, '2012-3-20', false, 996);
INSERT INTO Meter_reading(value, date, paid, meter_id)
        VALUES (351, '2012-3-26', false, 996);
INSERT INTO Meter_reading(value, date, paid, meter_id)
        VALUES (364, '2012-4-4', false, 996);
INSERT INTO Meter_reading(value, date, paid, meter_id)
        VALUES (27, '2012-1-11', false, 997);
INSERT INTO Meter_reading(value, date, paid, meter_id)
        VALUES (56, '2012-1-20', false, 997);
INSERT INTO Meter_reading(value, date, paid, meter_id)
        VALUES (69, '2012-2-3', false, 997);
INSERT INTO Meter_reading(value, date, paid, meter_id)
        VALUES (88, '2012-2-14', false, 997);
INSERT INTO Meter_reading(value, date, paid, meter_id)
        VALUES (114, '2012-2-18', false, 997);
INSERT INTO Meter_reading(value, date, paid, meter_id)
        VALUES (139, '2012-2-20', false, 997);
INSERT INTO Meter_reading(value, date, paid, meter_id)
        VALUES (148, '2012-2-25', false, 997);
INSERT INTO Meter_reading(value, date, paid, meter_id)
        VALUES (176, '2012-2-27', false, 997);
INSERT INTO Meter_reading(value, date, paid, meter_id)
        VALUES (179, '2012-3-14', false, 997);
INSERT INTO Meter_reading(value, date, paid, meter_id)
        VALUES (197, '2012-3-26', false, 997);
INSERT INTO Meter_reading(value, date, paid, meter_id)
        VALUES (205, '2012-4-13', false, 997);
INSERT INTO person(person_id, name, surname, paternal_name, registration_date, email, password_hash, is_admin) 
    VALUES (499, 'test499', 'test499', '', '01/01/2012', 'test499', '098f6bcd4621d373cade4e832627b4f6', false);
INSERT INTO dweller VALUES (499);
INSERT INTO flat(flat_id, area, flat_number, balance, cladr_id, building_id)
    VALUES (499, 186, 499, 0, 1, 1);
INSERT INTO dweller_lives_in_flat(person_id, flat_id)
    VALUES (499, 499);
INSERT INTO meter(meter_id, installation_date, type, title, meter_unit_id, active, flat_id)
    VALUES (998, '01/01/2012', 'Water', 'Cold water in kitchen test499', 1, true, 499);
INSERT INTO meter(meter_id, installation_date, type, title, meter_unit_id, active, flat_id)
    VALUES (999, '01/01/2012', 'Electricity', 'Electricity in hall test499', 2, true, 499);
INSERT INTO Meter_reading(value, date, paid, meter_id)
        VALUES (144, '2012-1-16', false, 998);
INSERT INTO Meter_reading(value, date, paid, meter_id)
        VALUES (165, '2012-1-23', false, 998);
INSERT INTO Meter_reading(value, date, paid, meter_id)
        VALUES (171, '2012-1-27', false, 998);
INSERT INTO Meter_reading(value, date, paid, meter_id)
        VALUES (191, '2012-2-4', false, 998);
INSERT INTO Meter_reading(value, date, paid, meter_id)
        VALUES (211, '2012-2-11', false, 998);
INSERT INTO Meter_reading(value, date, paid, meter_id)
        VALUES (216, '2012-2-19', false, 998);
INSERT INTO Meter_reading(value, date, paid, meter_id)
        VALUES (222, '2012-2-20', false, 998);
INSERT INTO Meter_reading(value, date, paid, meter_id)
        VALUES (248, '2012-2-21', false, 998);
INSERT INTO Meter_reading(value, date, paid, meter_id)
        VALUES (270, '2012-2-24', false, 998);
INSERT INTO Meter_reading(value, date, paid, meter_id)
        VALUES (291, '2012-3-5', false, 998);
INSERT INTO Meter_reading(value, date, paid, meter_id)
        VALUES (309, '2012-3-17', false, 998);
INSERT INTO Meter_reading(value, date, paid, meter_id)
        VALUES (327, '2012-3-18', false, 998);
INSERT INTO Meter_reading(value, date, paid, meter_id)
        VALUES (334, '2012-3-21', false, 998);
INSERT INTO Meter_reading(value, date, paid, meter_id)
        VALUES (285, '2012-1-4', false, 999);
INSERT INTO Meter_reading(value, date, paid, meter_id)
        VALUES (294, '2012-1-11', false, 999);
INSERT INTO Meter_reading(value, date, paid, meter_id)
        VALUES (308, '2012-1-21', false, 999);
INSERT INTO Meter_reading(value, date, paid, meter_id)
        VALUES (321, '2012-2-6', false, 999);
INSERT INTO Meter_reading(value, date, paid, meter_id)
        VALUES (366, '2012-2-15', false, 999);
INSERT INTO Meter_reading(value, date, paid, meter_id)
        VALUES (376, '2012-3-1', false, 999);
INSERT INTO Meter_reading(value, date, paid, meter_id)
        VALUES (414, '2012-3-14', false, 999);
INSERT INTO Meter_reading(value, date, paid, meter_id)
        VALUES (424, '2012-3-26', false, 999);
INSERT INTO Meter_reading(value, date, paid, meter_id)
        VALUES (459, '2012-4-8', false, 999);
INSERT INTO person(person_id, name, surname, paternal_name, registration_date, email, password_hash, is_admin) 
    VALUES (500, 'test500', 'test500', '', '01/01/2012', 'test500', '098f6bcd4621d373cade4e832627b4f6', false);
INSERT INTO dweller VALUES (500);
INSERT INTO flat(flat_id, area, flat_number, balance, cladr_id, building_id)
    VALUES (500, 287, 500, 0, 1, 1);
INSERT INTO dweller_lives_in_flat(person_id, flat_id)
    VALUES (500, 500);
INSERT INTO meter(meter_id, installation_date, type, title, meter_unit_id, active, flat_id)
    VALUES (1000, '01/01/2012', 'Water', 'Cold water in kitchen test500', 1, true, 500);
INSERT INTO meter(meter_id, installation_date, type, title, meter_unit_id, active, flat_id)
    VALUES (1001, '01/01/2012', 'Electricity', 'Electricity in hall test500', 2, true, 500);
INSERT INTO Meter_reading(value, date, paid, meter_id)
        VALUES (122, '2012-1-10', false, 1000);
INSERT INTO Meter_reading(value, date, paid, meter_id)
        VALUES (136, '2012-1-20', false, 1000);
INSERT INTO Meter_reading(value, date, paid, meter_id)
        VALUES (159, '2012-2-2', false, 1000);
INSERT INTO Meter_reading(value, date, paid, meter_id)
        VALUES (160, '2012-2-15', false, 1000);
INSERT INTO Meter_reading(value, date, paid, meter_id)
        VALUES (177, '2012-2-17', false, 1000);
INSERT INTO Meter_reading(value, date, paid, meter_id)
        VALUES (190, '2012-2-20', false, 1000);
INSERT INTO Meter_reading(value, date, paid, meter_id)
        VALUES (213, '2012-2-26', false, 1000);
INSERT INTO Meter_reading(value, date, paid, meter_id)
        VALUES (237, '2012-3-3', false, 1000);
INSERT INTO Meter_reading(value, date, paid, meter_id)
        VALUES (247, '2012-3-4', false, 1000);
INSERT INTO Meter_reading(value, date, paid, meter_id)
        VALUES (276, '2012-3-7', false, 1000);
INSERT INTO Meter_reading(value, date, paid, meter_id)
        VALUES (279, '2012-3-17', false, 1000);
INSERT INTO Meter_reading(value, date, paid, meter_id)
        VALUES (289, '2012-3-27', false, 1000);
INSERT INTO Meter_reading(value, date, paid, meter_id)
        VALUES (313, '2012-4-5', false, 1000);
INSERT INTO Meter_reading(value, date, paid, meter_id)
        VALUES (91, '2012-1-12', false, 1001);
INSERT INTO Meter_reading(value, date, paid, meter_id)
        VALUES (122, '2012-1-15', false, 1001);
INSERT INTO Meter_reading(value, date, paid, meter_id)
        VALUES (171, '2012-1-27', false, 1001);
INSERT INTO Meter_reading(value, date, paid, meter_id)
        VALUES (183, '2012-2-10', false, 1001);
INSERT INTO Meter_reading(value, date, paid, meter_id)
        VALUES (210, '2012-2-13', false, 1001);
INSERT INTO Meter_reading(value, date, paid, meter_id)
        VALUES (225, '2012-2-18', false, 1001);
INSERT INTO Meter_reading(value, date, paid, meter_id)
        VALUES (236, '2012-2-23', false, 1001);
INSERT INTO Meter_reading(value, date, paid, meter_id)
        VALUES (269, '2012-2-26', false, 1001);
INSERT INTO person(person_id, name, surname, paternal_name, registration_date, email, password_hash, is_admin) 
    VALUES (501, 'test501', 'test501', '', '01/01/2012', 'test501', '098f6bcd4621d373cade4e832627b4f6', false);
INSERT INTO dweller VALUES (501);
INSERT INTO flat(flat_id, area, flat_number, balance, cladr_id, building_id)
    VALUES (501, 221, 501, 0, 1, 1);
INSERT INTO dweller_lives_in_flat(person_id, flat_id)
    VALUES (501, 501);
INSERT INTO meter(meter_id, installation_date, type, title, meter_unit_id, active, flat_id)
    VALUES (1002, '01/01/2012', 'Water', 'Cold water in kitchen test501', 1, true, 501);
INSERT INTO meter(meter_id, installation_date, type, title, meter_unit_id, active, flat_id)
    VALUES (1003, '01/01/2012', 'Electricity', 'Electricity in hall test501', 2, true, 501);
INSERT INTO Meter_reading(value, date, paid, meter_id)
        VALUES (165, '2012-1-15', false, 1002);
INSERT INTO Meter_reading(value, date, paid, meter_id)
        VALUES (192, '2012-1-17', false, 1002);
INSERT INTO Meter_reading(value, date, paid, meter_id)
        VALUES (258, '2012-1-20', false, 1002);
INSERT INTO Meter_reading(value, date, paid, meter_id)
        VALUES (320, '2012-2-1', false, 1002);
INSERT INTO Meter_reading(value, date, paid, meter_id)
        VALUES (395, '2012-2-11', false, 1002);
INSERT INTO Meter_reading(value, date, paid, meter_id)
        VALUES (417, '2012-2-12', false, 1002);
INSERT INTO Meter_reading(value, date, paid, meter_id)
        VALUES (428, '2012-2-23', false, 1002);
INSERT INTO Meter_reading(value, date, paid, meter_id)
        VALUES (446, '2012-3-5', false, 1002);
INSERT INTO Meter_reading(value, date, paid, meter_id)
        VALUES (132, '2012-1-13', false, 1003);
INSERT INTO Meter_reading(value, date, paid, meter_id)
        VALUES (192, '2012-1-19', false, 1003);
INSERT INTO Meter_reading(value, date, paid, meter_id)
        VALUES (205, '2012-2-3', false, 1003);
INSERT INTO Meter_reading(value, date, paid, meter_id)
        VALUES (238, '2012-2-7', false, 1003);
INSERT INTO Meter_reading(value, date, paid, meter_id)
        VALUES (292, '2012-2-13', false, 1003);
INSERT INTO Meter_reading(value, date, paid, meter_id)
        VALUES (310, '2012-2-24', false, 1003);
INSERT INTO Meter_reading(value, date, paid, meter_id)
        VALUES (360, '2012-3-3', false, 1003);
INSERT INTO Meter_reading(value, date, paid, meter_id)
        VALUES (392, '2012-3-14', false, 1003);
INSERT INTO Meter_reading(value, date, paid, meter_id)
        VALUES (420, '2012-3-21', false, 1003);
INSERT INTO Meter_reading(value, date, paid, meter_id)
        VALUES (455, '2012-4-1', false, 1003);
INSERT INTO Meter_reading(value, date, paid, meter_id)
        VALUES (497, '2012-4-10', false, 1003);
INSERT INTO Meter_reading(value, date, paid, meter_id)
        VALUES (506, '2012-4-12', false, 1003);
INSERT INTO Meter_reading(value, date, paid, meter_id)
        VALUES (515, '2012-4-20', false, 1003);
INSERT INTO person(person_id, name, surname, paternal_name, registration_date, email, password_hash, is_admin) 
    VALUES (502, 'test502', 'test502', '', '01/01/2012', 'test502', '098f6bcd4621d373cade4e832627b4f6', false);
INSERT INTO dweller VALUES (502);
INSERT INTO flat(flat_id, area, flat_number, balance, cladr_id, building_id)
    VALUES (502, 292, 502, 0, 1, 1);
INSERT INTO dweller_lives_in_flat(person_id, flat_id)
    VALUES (502, 502);
INSERT INTO meter(meter_id, installation_date, type, title, meter_unit_id, active, flat_id)
    VALUES (1004, '01/01/2012', 'Water', 'Cold water in kitchen test502', 1, true, 502);
INSERT INTO meter(meter_id, installation_date, type, title, meter_unit_id, active, flat_id)
    VALUES (1005, '01/01/2012', 'Electricity', 'Electricity in hall test502', 2, true, 502);
INSERT INTO Meter_reading(value, date, paid, meter_id)
        VALUES (109, '2012-1-3', false, 1004);
INSERT INTO Meter_reading(value, date, paid, meter_id)
        VALUES (129, '2012-1-10', false, 1004);
INSERT INTO Meter_reading(value, date, paid, meter_id)
        VALUES (131, '2012-1-14', false, 1004);
INSERT INTO Meter_reading(value, date, paid, meter_id)
        VALUES (134, '2012-1-21', false, 1004);
INSERT INTO Meter_reading(value, date, paid, meter_id)
        VALUES (139, '2012-2-3', false, 1004);
INSERT INTO Meter_reading(value, date, paid, meter_id)
        VALUES (163, '2012-2-6', false, 1004);
INSERT INTO Meter_reading(value, date, paid, meter_id)
        VALUES (186, '2012-2-13', false, 1004);
INSERT INTO Meter_reading(value, date, paid, meter_id)
        VALUES (190, '2012-2-27', false, 1004);
INSERT INTO Meter_reading(value, date, paid, meter_id)
        VALUES (195, '2012-3-7', false, 1004);
INSERT INTO Meter_reading(value, date, paid, meter_id)
        VALUES (218, '2012-3-9', false, 1004);
INSERT INTO Meter_reading(value, date, paid, meter_id)
        VALUES (244, '2012-3-15', false, 1004);
INSERT INTO Meter_reading(value, date, paid, meter_id)
        VALUES (250, '2012-3-21', false, 1004);
INSERT INTO Meter_reading(value, date, paid, meter_id)
        VALUES (252, '2012-4-6', false, 1004);
INSERT INTO Meter_reading(value, date, paid, meter_id)
        VALUES (120, '2012-1-7', false, 1005);
INSERT INTO Meter_reading(value, date, paid, meter_id)
        VALUES (125, '2012-1-15', false, 1005);
INSERT INTO Meter_reading(value, date, paid, meter_id)
        VALUES (150, '2012-1-20', false, 1005);
INSERT INTO Meter_reading(value, date, paid, meter_id)
        VALUES (156, '2012-1-25', false, 1005);
INSERT INTO Meter_reading(value, date, paid, meter_id)
        VALUES (226, '2012-2-5', false, 1005);
INSERT INTO person(person_id, name, surname, paternal_name, registration_date, email, password_hash, is_admin) 
    VALUES (503, 'test503', 'test503', '', '01/01/2012', 'test503', '098f6bcd4621d373cade4e832627b4f6', false);
INSERT INTO dweller VALUES (503);
INSERT INTO flat(flat_id, area, flat_number, balance, cladr_id, building_id)
    VALUES (503, 284, 503, 0, 1, 1);
INSERT INTO dweller_lives_in_flat(person_id, flat_id)
    VALUES (503, 503);
INSERT INTO meter(meter_id, installation_date, type, title, meter_unit_id, active, flat_id)
    VALUES (1006, '01/01/2012', 'Water', 'Cold water in kitchen test503', 1, true, 503);
INSERT INTO meter(meter_id, installation_date, type, title, meter_unit_id, active, flat_id)
    VALUES (1007, '01/01/2012', 'Electricity', 'Electricity in hall test503', 2, true, 503);
INSERT INTO Meter_reading(value, date, paid, meter_id)
        VALUES (132, '2012-1-10', false, 1006);
INSERT INTO Meter_reading(value, date, paid, meter_id)
        VALUES (186, '2012-1-18', false, 1006);
INSERT INTO Meter_reading(value, date, paid, meter_id)
        VALUES (256, '2012-2-3', false, 1006);
INSERT INTO Meter_reading(value, date, paid, meter_id)
        VALUES (276, '2012-2-8', false, 1006);
INSERT INTO Meter_reading(value, date, paid, meter_id)
        VALUES (306, '2012-2-20', false, 1006);
INSERT INTO Meter_reading(value, date, paid, meter_id)
        VALUES (396, '2012-3-3', false, 1006);
INSERT INTO Meter_reading(value, date, paid, meter_id)
        VALUES (29, '2012-1-16', false, 1007);
INSERT INTO Meter_reading(value, date, paid, meter_id)
        VALUES (33, '2012-1-25', false, 1007);
INSERT INTO Meter_reading(value, date, paid, meter_id)
        VALUES (60, '2012-2-8', false, 1007);
INSERT INTO Meter_reading(value, date, paid, meter_id)
        VALUES (73, '2012-2-15', false, 1007);
INSERT INTO Meter_reading(value, date, paid, meter_id)
        VALUES (95, '2012-2-24', false, 1007);
INSERT INTO Meter_reading(value, date, paid, meter_id)
        VALUES (122, '2012-3-11', false, 1007);
INSERT INTO Meter_reading(value, date, paid, meter_id)
        VALUES (140, '2012-3-17', false, 1007);
INSERT INTO Meter_reading(value, date, paid, meter_id)
        VALUES (169, '2012-3-19', false, 1007);
INSERT INTO Meter_reading(value, date, paid, meter_id)
        VALUES (171, '2012-3-20', false, 1007);
INSERT INTO Meter_reading(value, date, paid, meter_id)
        VALUES (177, '2012-3-24', false, 1007);
INSERT INTO Meter_reading(value, date, paid, meter_id)
        VALUES (181, '2012-3-27', false, 1007);
INSERT INTO Meter_reading(value, date, paid, meter_id)
        VALUES (199, '2012-4-13', false, 1007);
INSERT INTO person(person_id, name, surname, paternal_name, registration_date, email, password_hash, is_admin) 
    VALUES (504, 'test504', 'test504', '', '01/01/2012', 'test504', '098f6bcd4621d373cade4e832627b4f6', false);
INSERT INTO dweller VALUES (504);
INSERT INTO flat(flat_id, area, flat_number, balance, cladr_id, building_id)
    VALUES (504, 284, 504, 0, 1, 1);
INSERT INTO dweller_lives_in_flat(person_id, flat_id)
    VALUES (504, 504);
INSERT INTO meter(meter_id, installation_date, type, title, meter_unit_id, active, flat_id)
    VALUES (1008, '01/01/2012', 'Water', 'Cold water in kitchen test504', 1, true, 504);
INSERT INTO meter(meter_id, installation_date, type, title, meter_unit_id, active, flat_id)
    VALUES (1009, '01/01/2012', 'Electricity', 'Electricity in hall test504', 2, true, 504);
INSERT INTO Meter_reading(value, date, paid, meter_id)
        VALUES (175, '2012-1-10', false, 1008);
INSERT INTO Meter_reading(value, date, paid, meter_id)
        VALUES (193, '2012-1-12', false, 1008);
INSERT INTO Meter_reading(value, date, paid, meter_id)
        VALUES (199, '2012-1-21', false, 1008);
INSERT INTO Meter_reading(value, date, paid, meter_id)
        VALUES (216, '2012-1-26', false, 1008);
INSERT INTO Meter_reading(value, date, paid, meter_id)
        VALUES (227, '2012-2-4', false, 1008);
INSERT INTO Meter_reading(value, date, paid, meter_id)
        VALUES (276, '2012-1-8', false, 1009);
INSERT INTO Meter_reading(value, date, paid, meter_id)
        VALUES (279, '2012-1-16', false, 1009);
INSERT INTO Meter_reading(value, date, paid, meter_id)
        VALUES (299, '2012-1-17', false, 1009);
INSERT INTO Meter_reading(value, date, paid, meter_id)
        VALUES (322, '2012-1-21', false, 1009);
INSERT INTO Meter_reading(value, date, paid, meter_id)
        VALUES (327, '2012-2-4', false, 1009);
INSERT INTO Meter_reading(value, date, paid, meter_id)
        VALUES (337, '2012-2-7', false, 1009);
INSERT INTO Meter_reading(value, date, paid, meter_id)
        VALUES (353, '2012-2-19', false, 1009);
INSERT INTO Meter_reading(value, date, paid, meter_id)
        VALUES (364, '2012-2-26', false, 1009);
INSERT INTO person(person_id, name, surname, paternal_name, registration_date, email, password_hash, is_admin) 
    VALUES (505, 'test505', 'test505', '', '01/01/2012', 'test505', '098f6bcd4621d373cade4e832627b4f6', false);
INSERT INTO dweller VALUES (505);
INSERT INTO flat(flat_id, area, flat_number, balance, cladr_id, building_id)
    VALUES (505, 264, 505, 0, 1, 1);
INSERT INTO dweller_lives_in_flat(person_id, flat_id)
    VALUES (505, 505);
INSERT INTO meter(meter_id, installation_date, type, title, meter_unit_id, active, flat_id)
    VALUES (1010, '01/01/2012', 'Water', 'Cold water in kitchen test505', 1, true, 505);
INSERT INTO meter(meter_id, installation_date, type, title, meter_unit_id, active, flat_id)
    VALUES (1011, '01/01/2012', 'Electricity', 'Electricity in hall test505', 2, true, 505);
INSERT INTO Meter_reading(value, date, paid, meter_id)
        VALUES (251, '2012-1-11', false, 1010);
INSERT INTO Meter_reading(value, date, paid, meter_id)
        VALUES (255, '2012-1-22', false, 1010);
INSERT INTO Meter_reading(value, date, paid, meter_id)
        VALUES (278, '2012-1-24', false, 1010);
INSERT INTO Meter_reading(value, date, paid, meter_id)
        VALUES (294, '2012-2-5', false, 1010);
INSERT INTO Meter_reading(value, date, paid, meter_id)
        VALUES (316, '2012-2-7', false, 1010);
INSERT INTO Meter_reading(value, date, paid, meter_id)
        VALUES (339, '2012-2-9', false, 1010);
INSERT INTO Meter_reading(value, date, paid, meter_id)
        VALUES (349, '2012-2-12', false, 1010);
INSERT INTO Meter_reading(value, date, paid, meter_id)
        VALUES (368, '2012-2-22', false, 1010);
INSERT INTO Meter_reading(value, date, paid, meter_id)
        VALUES (300, '2012-1-6', false, 1011);
INSERT INTO Meter_reading(value, date, paid, meter_id)
        VALUES (311, '2012-1-14', false, 1011);
INSERT INTO Meter_reading(value, date, paid, meter_id)
        VALUES (330, '2012-1-19', false, 1011);
INSERT INTO Meter_reading(value, date, paid, meter_id)
        VALUES (348, '2012-2-1', false, 1011);
INSERT INTO Meter_reading(value, date, paid, meter_id)
        VALUES (349, '2012-2-14', false, 1011);
INSERT INTO Meter_reading(value, date, paid, meter_id)
        VALUES (365, '2012-2-21', false, 1011);
INSERT INTO Meter_reading(value, date, paid, meter_id)
        VALUES (371, '2012-2-22', false, 1011);
INSERT INTO Meter_reading(value, date, paid, meter_id)
        VALUES (388, '2012-2-23', false, 1011);
INSERT INTO Meter_reading(value, date, paid, meter_id)
        VALUES (417, '2012-2-25', false, 1011);
INSERT INTO Meter_reading(value, date, paid, meter_id)
        VALUES (422, '2012-3-1', false, 1011);
INSERT INTO person(person_id, name, surname, paternal_name, registration_date, email, password_hash, is_admin) 
    VALUES (506, 'test506', 'test506', '', '01/01/2012', 'test506', '098f6bcd4621d373cade4e832627b4f6', false);
INSERT INTO dweller VALUES (506);
INSERT INTO flat(flat_id, area, flat_number, balance, cladr_id, building_id)
    VALUES (506, 267, 506, 0, 1, 1);
INSERT INTO dweller_lives_in_flat(person_id, flat_id)
    VALUES (506, 506);
INSERT INTO meter(meter_id, installation_date, type, title, meter_unit_id, active, flat_id)
    VALUES (1012, '01/01/2012', 'Water', 'Cold water in kitchen test506', 1, true, 506);
INSERT INTO meter(meter_id, installation_date, type, title, meter_unit_id, active, flat_id)
    VALUES (1013, '01/01/2012', 'Electricity', 'Electricity in hall test506', 2, true, 506);
INSERT INTO Meter_reading(value, date, paid, meter_id)
        VALUES (119, '2012-1-16', false, 1012);
INSERT INTO Meter_reading(value, date, paid, meter_id)
        VALUES (134, '2012-2-3', false, 1012);
INSERT INTO Meter_reading(value, date, paid, meter_id)
        VALUES (138, '2012-2-16', false, 1012);
INSERT INTO Meter_reading(value, date, paid, meter_id)
        VALUES (144, '2012-2-20', false, 1012);
INSERT INTO Meter_reading(value, date, paid, meter_id)
        VALUES (170, '2012-3-6', false, 1012);
INSERT INTO Meter_reading(value, date, paid, meter_id)
        VALUES (186, '2012-3-10', false, 1012);
INSERT INTO Meter_reading(value, date, paid, meter_id)
        VALUES (195, '2012-3-15', false, 1012);
INSERT INTO Meter_reading(value, date, paid, meter_id)
        VALUES (213, '2012-3-18', false, 1012);
INSERT INTO Meter_reading(value, date, paid, meter_id)
        VALUES (113, '2012-1-8', false, 1013);
INSERT INTO Meter_reading(value, date, paid, meter_id)
        VALUES (132, '2012-1-18', false, 1013);
INSERT INTO Meter_reading(value, date, paid, meter_id)
        VALUES (159, '2012-2-4', false, 1013);
INSERT INTO Meter_reading(value, date, paid, meter_id)
        VALUES (173, '2012-2-6', false, 1013);
INSERT INTO Meter_reading(value, date, paid, meter_id)
        VALUES (197, '2012-2-15', false, 1013);
INSERT INTO Meter_reading(value, date, paid, meter_id)
        VALUES (217, '2012-2-22', false, 1013);
INSERT INTO Meter_reading(value, date, paid, meter_id)
        VALUES (246, '2012-3-3', false, 1013);
INSERT INTO Meter_reading(value, date, paid, meter_id)
        VALUES (250, '2012-3-15', false, 1013);
INSERT INTO person(person_id, name, surname, paternal_name, registration_date, email, password_hash, is_admin) 
    VALUES (507, 'test507', 'test507', '', '01/01/2012', 'test507', '098f6bcd4621d373cade4e832627b4f6', false);
INSERT INTO dweller VALUES (507);
INSERT INTO flat(flat_id, area, flat_number, balance, cladr_id, building_id)
    VALUES (507, 105, 507, 0, 1, 1);
INSERT INTO dweller_lives_in_flat(person_id, flat_id)
    VALUES (507, 507);
INSERT INTO meter(meter_id, installation_date, type, title, meter_unit_id, active, flat_id)
    VALUES (1014, '01/01/2012', 'Water', 'Cold water in kitchen test507', 1, true, 507);
INSERT INTO meter(meter_id, installation_date, type, title, meter_unit_id, active, flat_id)
    VALUES (1015, '01/01/2012', 'Electricity', 'Electricity in hall test507', 2, true, 507);
INSERT INTO Meter_reading(value, date, paid, meter_id)
        VALUES (258, '2012-1-13', false, 1014);
INSERT INTO Meter_reading(value, date, paid, meter_id)
        VALUES (270, '2012-1-19', false, 1014);
INSERT INTO Meter_reading(value, date, paid, meter_id)
        VALUES (287, '2012-1-21', false, 1014);
INSERT INTO Meter_reading(value, date, paid, meter_id)
        VALUES (299, '2012-2-8', false, 1014);
INSERT INTO Meter_reading(value, date, paid, meter_id)
        VALUES (305, '2012-2-16', false, 1014);
INSERT INTO Meter_reading(value, date, paid, meter_id)
        VALUES (354, '2012-1-14', false, 1015);
INSERT INTO Meter_reading(value, date, paid, meter_id)
        VALUES (399, '2012-1-27', false, 1015);
INSERT INTO Meter_reading(value, date, paid, meter_id)
        VALUES (404, '2012-2-7', false, 1015);
INSERT INTO Meter_reading(value, date, paid, meter_id)
        VALUES (469, '2012-2-16', false, 1015);
INSERT INTO Meter_reading(value, date, paid, meter_id)
        VALUES (525, '2012-2-25', false, 1015);
INSERT INTO Meter_reading(value, date, paid, meter_id)
        VALUES (600, '2012-3-8', false, 1015);
INSERT INTO Meter_reading(value, date, paid, meter_id)
        VALUES (639, '2012-3-11', false, 1015);
INSERT INTO Meter_reading(value, date, paid, meter_id)
        VALUES (668, '2012-3-13', false, 1015);
INSERT INTO Meter_reading(value, date, paid, meter_id)
        VALUES (726, '2012-3-24', false, 1015);
INSERT INTO Meter_reading(value, date, paid, meter_id)
        VALUES (763, '2012-4-2', false, 1015);
INSERT INTO person(person_id, name, surname, paternal_name, registration_date, email, password_hash, is_admin) 
    VALUES (508, 'test508', 'test508', '', '01/01/2012', 'test508', '098f6bcd4621d373cade4e832627b4f6', false);
INSERT INTO dweller VALUES (508);
INSERT INTO flat(flat_id, area, flat_number, balance, cladr_id, building_id)
    VALUES (508, 238, 508, 0, 1, 1);
INSERT INTO dweller_lives_in_flat(person_id, flat_id)
    VALUES (508, 508);
INSERT INTO meter(meter_id, installation_date, type, title, meter_unit_id, active, flat_id)
    VALUES (1016, '01/01/2012', 'Water', 'Cold water in kitchen test508', 1, true, 508);
INSERT INTO meter(meter_id, installation_date, type, title, meter_unit_id, active, flat_id)
    VALUES (1017, '01/01/2012', 'Electricity', 'Electricity in hall test508', 2, true, 508);
INSERT INTO Meter_reading(value, date, paid, meter_id)
        VALUES (44, '2012-1-15', false, 1016);
INSERT INTO Meter_reading(value, date, paid, meter_id)
        VALUES (70, '2012-1-24', false, 1016);
INSERT INTO Meter_reading(value, date, paid, meter_id)
        VALUES (76, '2012-2-7', false, 1016);
INSERT INTO Meter_reading(value, date, paid, meter_id)
        VALUES (90, '2012-2-12', false, 1016);
INSERT INTO Meter_reading(value, date, paid, meter_id)
        VALUES (95, '2012-2-15', false, 1016);
INSERT INTO Meter_reading(value, date, paid, meter_id)
        VALUES (114, '2012-2-19', false, 1016);
INSERT INTO Meter_reading(value, date, paid, meter_id)
        VALUES (139, '2012-2-26', false, 1016);
INSERT INTO Meter_reading(value, date, paid, meter_id)
        VALUES (144, '2012-2-27', false, 1016);
INSERT INTO Meter_reading(value, date, paid, meter_id)
        VALUES (146, '2012-3-14', false, 1016);
INSERT INTO Meter_reading(value, date, paid, meter_id)
        VALUES (175, '2012-3-20', false, 1016);
INSERT INTO Meter_reading(value, date, paid, meter_id)
        VALUES (191, '2012-1-9', false, 1017);
INSERT INTO Meter_reading(value, date, paid, meter_id)
        VALUES (216, '2012-1-11', false, 1017);
INSERT INTO Meter_reading(value, date, paid, meter_id)
        VALUES (260, '2012-1-12', false, 1017);
INSERT INTO Meter_reading(value, date, paid, meter_id)
        VALUES (302, '2012-1-21', false, 1017);
INSERT INTO Meter_reading(value, date, paid, meter_id)
        VALUES (314, '2012-1-22', false, 1017);
INSERT INTO Meter_reading(value, date, paid, meter_id)
        VALUES (318, '2012-1-23', false, 1017);
INSERT INTO Meter_reading(value, date, paid, meter_id)
        VALUES (365, '2012-2-7', false, 1017);
INSERT INTO person(person_id, name, surname, paternal_name, registration_date, email, password_hash, is_admin) 
    VALUES (509, 'test509', 'test509', '', '01/01/2012', 'test509', '098f6bcd4621d373cade4e832627b4f6', false);
INSERT INTO dweller VALUES (509);
INSERT INTO flat(flat_id, area, flat_number, balance, cladr_id, building_id)
    VALUES (509, 193, 509, 0, 1, 1);
INSERT INTO dweller_lives_in_flat(person_id, flat_id)
    VALUES (509, 509);
INSERT INTO meter(meter_id, installation_date, type, title, meter_unit_id, active, flat_id)
    VALUES (1018, '01/01/2012', 'Water', 'Cold water in kitchen test509', 1, true, 509);
INSERT INTO meter(meter_id, installation_date, type, title, meter_unit_id, active, flat_id)
    VALUES (1019, '01/01/2012', 'Electricity', 'Electricity in hall test509', 2, true, 509);
INSERT INTO Meter_reading(value, date, paid, meter_id)
        VALUES (45, '2012-1-8', false, 1018);
INSERT INTO Meter_reading(value, date, paid, meter_id)
        VALUES (54, '2012-1-20', false, 1018);
INSERT INTO Meter_reading(value, date, paid, meter_id)
        VALUES (133, '2012-2-2', false, 1018);
INSERT INTO Meter_reading(value, date, paid, meter_id)
        VALUES (209, '2012-2-6', false, 1018);
INSERT INTO Meter_reading(value, date, paid, meter_id)
        VALUES (241, '2012-2-11', false, 1018);
INSERT INTO Meter_reading(value, date, paid, meter_id)
        VALUES (318, '2012-2-13', false, 1018);
INSERT INTO Meter_reading(value, date, paid, meter_id)
        VALUES (330, '2012-2-22', false, 1018);
INSERT INTO Meter_reading(value, date, paid, meter_id)
        VALUES (376, '2012-2-26', false, 1018);
INSERT INTO Meter_reading(value, date, paid, meter_id)
        VALUES (447, '2012-3-7', false, 1018);
INSERT INTO Meter_reading(value, date, paid, meter_id)
        VALUES (453, '2012-3-14', false, 1018);
INSERT INTO Meter_reading(value, date, paid, meter_id)
        VALUES (543, '2012-3-15', false, 1018);
INSERT INTO Meter_reading(value, date, paid, meter_id)
        VALUES (10, '2012-1-8', false, 1019);
INSERT INTO Meter_reading(value, date, paid, meter_id)
        VALUES (28, '2012-1-17', false, 1019);
INSERT INTO Meter_reading(value, date, paid, meter_id)
        VALUES (30, '2012-1-25', false, 1019);
INSERT INTO Meter_reading(value, date, paid, meter_id)
        VALUES (42, '2012-2-10', false, 1019);
INSERT INTO Meter_reading(value, date, paid, meter_id)
        VALUES (66, '2012-2-17', false, 1019);
INSERT INTO Meter_reading(value, date, paid, meter_id)
        VALUES (84, '2012-3-1', false, 1019);
INSERT INTO Meter_reading(value, date, paid, meter_id)
        VALUES (94, '2012-3-11', false, 1019);
INSERT INTO Meter_reading(value, date, paid, meter_id)
        VALUES (108, '2012-3-19', false, 1019);
INSERT INTO Meter_reading(value, date, paid, meter_id)
        VALUES (125, '2012-3-26', false, 1019);
INSERT INTO Meter_reading(value, date, paid, meter_id)
        VALUES (153, '2012-4-7', false, 1019);
INSERT INTO Meter_reading(value, date, paid, meter_id)
        VALUES (168, '2012-4-21', false, 1019);
INSERT INTO Meter_reading(value, date, paid, meter_id)
        VALUES (194, '2012-4-24', false, 1019);
